lemma_slp1	n_ambiguous_forms	sample
A	1	dcs:A~as(VERB,22)
ABAvi	2	vidyut:ABAva~ABA(noun,6);vidyut:ABAva~ABA(verb,2)
ABAz	1	vidyut:ABAzyamARa~ABAzi(noun,2)
ABa	3	dcs:ABA~ABA(NOUN,8);dcs:ABAH~ABA(NOUN,3);dcs:ABam~ABA(NOUN,1)
ABaj	2	vidyut:ABAga~ABAji(noun,2);vidyut:ABAgena~ABAji(noun,2)
ABf	2	dcs:ABara~ABara(NOUN,1);vidyut:ABaranti~ABf(verb,1)
ABra	1	vidyut:ABram~aBr(verb,1)
ABu	1	vidyut:ABU~ABU(noun,3)
ADA	1	dcs:ADeya~ADeya(NOUN,7)
ADarzi	3	vidyut:ADarzayan~ADfz(noun,2);vidyut:ADarzayan~ADarzi(verb,2);vidyut:ADarzayan~ADfz(verb,1)
ADitA	1	vidyut:ADita~ADA(verb,1)
AGUrR	1	dcs:AGUrRita~AGUrRita(ADJ,1)
AGozi	1	vidyut:AGozayanta~AGuz(verb,1)
AGrA	1	vidyut:AjiGrat~AGrA(verb,1)
AIr	1	vidyut:eriRam~AIri(noun,1)
AKyA	10	dcs:AKyA~AKya(ADJ,7);dcs:AKyAtA~AKyAtf(NOUN,4);dcs:AKyAta~AKyAta(NOUN,6);dcs:AKyAtaM~AKyAta(NOUN,1);dcs:AKyAtam~AKyAta(NOUN,3)
AM	1	dcs:Am~Am(NOUN,7)
ANgirasa	6	dcs:ANgirasI~ANgirasI(NOUN,1);dcs:ANgirasa~ANgirasa(ADJ,4);dcs:ANgirasaH~ANgirasa(ADJ,5);dcs:ANgirasaM~ANgirasa(ADJ,5);dcs:ANgirasam~ANgirasa(ADJ,6)
ASAsi	1	vidyut:ASAsyamAna~ASAs(noun,2)
ASaMs	1	vidyut:ASaMsat~ASaMs(verb,1)
ASaNk	2	dcs:ASaNke~ASaNkA(NOUN,2);vidyut:ASaNkin~ASaNki(noun,2)
ASas	1	vidyut:ASasti~ASaMs(noun,6)
ASaya	2	dcs:ASaya~ASay(VERB,1);dcs:ASaye~ASI(VERB,8)
AScarya	3	dcs:AScarya~AScarya(ADJ,25);dcs:AScaryaM~AScarya(ADJ,12);dcs:AScaryam~AScarya(ADJ,18)
ASin	1	dcs:ASI~ASI(NOUN,12)
ASliz	1	dcs:ASlizwa~ASlizwa(NOUN,2)
ASrAvay	1	dcs:ASrAvya~ASrAvya(NOUN,1)
ASraya	2	dcs:ASraya~ASri(VERB,7);dcs:ASrayaH~ASri(VERB,2)
ASrezA	1	vidyut:ASreza~ASreza(noun,2)
ASri	1	dcs:ASrita~ASrita(NOUN,1)
ASu	2	dcs:ASu~ASu(ADJ,364);dcs:ASuH~aS(VERB,1)
ASva	2	vidyut:ASvAs~ASu(noun,8);vidyut:ASvAs~ASvAsi(noun,7)
ASvina	1	dcs:ASvinIH~ASvinI(NOUN,2)
ATarvaRa	3	dcs:ATarvaRa~ATarvaRa(ADJ,1);dcs:ATarvaRam~ATarvaRa(ADJ,4);dcs:ATarvaRena~ATarvaRa(NOUN,2)
AYjanAByaYjanA	1	vidyut:AYjanAByaYjana~AYjanAByaYjana(noun,2)
AYjana	2	dcs:AYjana~AYjana(ADJ,6);dcs:AYjanena~AYjana(NOUN,1)
Aas	2	vidyut:Asyad~as(verb,1);vidyut:Asyad~Aas(verb,1)
AbadDa	1	vidyut:AbadDAByAm~AbanD(noun,9)
AcAma	1	dcs:AcAma~Acam(VERB,5)
AcCedi	3	vidyut:AcCedi~AcCid(noun,3);vidyut:AcCedi~AcCid(verb,1);vidyut:AcCedi~AcCedi(verb,1)
AcCo	1	vidyut:AcCA~AcCAyi(noun,6)
Acakz	1	vidyut:Acakzam~Acakzi(noun,14)
Acar	6	dcs:Acarita~Acarita(NOUN,1);dcs:Acaritam~Acarita(NOUN,6);dcs:Acarite~Acarita(NOUN,1);dcs:Acaritena~Acarita(NOUN,1);dcs:Acarya~Acarya(NOUN,1)
Aci	6	dcs:AcitA~Acit(ADJ,1);dcs:Acita~Acita(NOUN,6);dcs:AcitaH~Acit(ADJ,1);vidyut:Ag~Aaj(noun,7);vidyut:Ag~AaYj(noun,3)
AdA	12	dcs:AdAya~Ada(ADJ,18);vidyut:AdAsyAma~Ado(verb,1);vidyut:AdAsyAma~AdE(verb,1);vidyut:AdAsyamAna~Ado(noun,2);vidyut:AdAsyamAna~AdE(noun,2)
AdIpi	1	vidyut:AdIpayat~AdIpi(verb,1)
Ada	3	dcs:Ada~ad(VERB,1);dcs:AdaH~AdA(VERB,1);dcs:Adam~ad(VERB,1)
Adadi	1	vidyut:Adadi~AdA(verb,1)
AdeSa	1	dcs:AdeSam~AdiS(VERB,3)
Adehi	1	vidyut:Adeha~Adih(noun,6)
Adf	2	dcs:AdftAH~Adfta(ADJ,5);dcs:Adfta~Adfta(ADJ,4)
AdfS	2	vidyut:ApaSyam~AdfS(verb,1);vidyut:ApaSyat~AdfS(verb,1)
Adi	2	dcs:Adi~Adin(ADJ,5);vidyut:Adaya~AAdi(verb,2)
AdiS	4	dcs:AdiSaH~AdiS(VERB,1);dcs:AdiSaM~AdiS(VERB,1);dcs:AdiSam~AdiS(VERB,4);dcs:AdiSe~AdiS(NOUN,1)
AditA	3	vidyut:Adite~Ado(noun,13);vidyut:Adite~Adi(noun,9);vidyut:Adite~AAdi(noun,9)
Aditas	2	dcs:Adita~AdA(VERB,3);dcs:AditaH~Adi(NOUN,15)
Aditsi	2	vidyut:Adid~Aditsa(noun,21);vidyut:Adit~Aditsa(noun,21)
Aditya	12	dcs:AdityA~Aditya(ADJ,25);dcs:AdityAH~Aditya(ADJ,1);dcs:AdityAn~Aditya(ADJ,1);dcs:Aditya~Aditya(ADJ,27);dcs:AdityaH~Aditya(ADJ,15)
Adiv	1	vidyut:AdevI~Adevi(noun,1)
Adya	7	dcs:AdyA~ad(VERB,6);dcs:AdyAH~Adi(NOUN,8);dcs:Adya~ad(VERB,5);dcs:AdyaH~ad(VERB,9);dcs:AdyaM~ad(VERB,4)
Adyanta	4	vidyut:Adyanta~ad(verb,1);vidyut:Adyanta~Aad(verb,1);vidyut:Adyanta~Adi(verb,1);vidyut:Adyanta~AAdi(verb,1)
Adyantavat	1	vidyut:Adyantavat~Adyantavat(ind,1)
AgA	2	dcs:AgA~AgA(VERB,2);dcs:AgAH~AgA(NOUN,2)
AgAmi	1	vidyut:Agamyase~Agam(verb,1)
AgF	1	vidyut:Ajagara~Ajagara(noun,2)
Agam	5	dcs:AgantA~Agantf(ADJ,2);dcs:Agantum~Agantu(ADJ,2);dcs:AgatA~Agata(NOUN,1);dcs:Agata~Agata(NOUN,1);dcs:Agatam~Agata(NOUN,1)
Agama	3	dcs:Agama~Agama(ADJ,1);dcs:AgamaH~Agam(VERB,4);dcs:Agamam~Agam(VERB,14)
AganIgam	1	dcs:AganIganti~AganIganti(NOUN,1)
Agastya	1	dcs:Agastyam~Agastya(NOUN,1)
Agati	1	dcs:AgatyA~Agam(VERB,3)
Agneya	3	dcs:Agneya~Agneya(NOUN,2);dcs:AgneyaM~Agneya(NOUN,4);dcs:Agneyam~Agneya(NOUN,7)
AhAra	1	dcs:AhAram~Ahf(VERB,5)
AhAray	1	dcs:AhArya~Ahf(VERB,7)
Ahan	2	dcs:Ahata~Ahata(NOUN,1);dcs:Ahatam~Ahata(NOUN,1)
Ahanas	2	vidyut:Ahanas~Ahan(noun,3);vidyut:Ahanas~Ahi(noun,1)
Ahartf	1	dcs:AhartA~Ahf(VERB,3)
Ahi	2	vidyut:Aham~ah(noun,3);vidyut:Ahitavat~ADA(noun,3)
Ahnika	1	dcs:Ahnika~Ahnika(ADJ,4)
Aho	1	dcs:Aho~Aha(NOUN,1)
Ahu	3	vidyut:AhUyantAm~Ahve(verb,1);vidyut:AhUyate~Ahve(verb,1);vidyut:AhotA~Ahu(verb,2)
AhvA	1	dcs:Ahvaya~Ahvaya(NOUN,14)
Ahvaya	1	dcs:Ahvaye~AhvA(VERB,5)
AjYA	2	dcs:AjYAtA~AjYAtf(NOUN,1);vidyut:AjYAyi~AjYA(verb,1)
AjYapay	2	dcs:AjYaptAH~AjYapta(ADJ,1);dcs:AjYaptaH~AjYapta(ADJ,1)
Aja	1	dcs:Aja~aj(VERB,2)
Aji	2	dcs:AjA~Aj(VERB,1);vidyut:Ajayat~Aji(verb,1)
AjihIrza	1	vidyut:AjihIrzu~AjihIrzi(noun,3)
Ajya	1	dcs:Ajya~AYj(VERB,1)
AkANkz	1	dcs:AkANkze~AkANkza(ADJ,1)
AkAri	2	vidyut:AkAryam~AkF(noun,3);vidyut:AkAryam~Akf(noun,3)
Akara	2	dcs:AkaraH~Akf(VERB,1);dcs:Akaram~Akf(VERB,2)
Akarza	1	dcs:Akarza~Akfz(VERB,3)
Akfti	1	dcs:Akfte~Akf(VERB,1)
Akfz	1	vidyut:Akarzat~Akfz(verb,1)
AkiMcanya	1	dcs:AkiMcanya~AkiMcanya(ADJ,1)
AkrIqa	1	dcs:AkrIqa~AkrIq(VERB,1)
Akram	1	dcs:Akrama~Akrama(NOUN,1)
Akrand	1	dcs:Akrandita~Akrandita(NOUN,1)
Akula	3	dcs:AkulA~Akula(NOUN,1);dcs:AkulAH~Akula(NOUN,1);dcs:Akulam~Akula(NOUN,2)
Akzika	1	dcs:Akzika~Akzika(ADJ,1)
Akzip	4	dcs:Akzipta~Akzipta(NOUN,5);dcs:AkziptaM~Akzipta(NOUN,1);dcs:Akziptam~Akzipta(NOUN,3);vidyut:Akzepin~Akzepi(noun,4)
AlAli	1	vidyut:AlApayizyaTa~AlApi(verb,1)
AlaB	1	vidyut:AlamBanIya~AlamBi(noun,2)
Alamba	1	dcs:Alamba~Alamb(VERB,2)
AleKya	1	dcs:AleKya~AliK(VERB,3)
Ali	1	vidyut:Alayat~Ali(verb,1)
AliNgay	1	dcs:AliNgya~AliNgya(NOUN,1)
Alok	5	vidyut:Alok~Aloc(noun,7);vidyut:Alok~Aloci(noun,7);vidyut:Alok~Aloki(noun,7);vidyut:AlokyA~Aloc(noun,1);vidyut:AlokyA~Aloki(noun,1)
Alokana	1	dcs:Alokana~Alokana(ADJ,1)
Aloki	2	vidyut:AlokayatAm~Aloki(noun,2);vidyut:Alokayizyan~Aloki(verb,1)
Ama	6	dcs:Ama~Ama(ADJ,121);dcs:AmaH~Am(NOUN,1);dcs:AmaM~Ama(NOUN,8);dcs:Amam~Ama(NOUN,18);dcs:Amasya~Ama(NOUN,4)
Amantri	1	vidyut:Amantrayan~Amantri(verb,1)
Amay	1	dcs:Amayat~Amayant(NOUN,1)
Ami	2	vidyut:Amayad~Ami(verb,3);vidyut:Amayas~Amaya(noun,2)
AmnAya	1	dcs:AmnAya~AmnA(VERB,3)
AnAdi	2	vidyut:AnAdayan~AnAdi(verb,1);vidyut:AnAdayat~AnAdi(verb,1)
AnDra	2	dcs:AnDrAH~AnDra(ADJ,1);dcs:AnDra~AnDra(ADJ,1)
AnI	2	vidyut:AnI~an(noun,8);vidyut:AnI~Ani(noun,8)
Anad	1	vidyut:Anadat~Anad(verb,1)
AnandatA	1	vidyut:AnandatA~Anand(noun,2)
Anandi	1	vidyut:Anandayate~Anandi(verb,1)
Anandin	1	dcs:AnandI~AnandA(NOUN,1)
Anantya	1	dcs:Anantyam~Anantya(ADJ,9)
Anard	3	vidyut:Anarda~Anardi(noun,8);vidyut:Anarda~ard(verb,6);vidyut:Anarda~Anard(verb,1)
AnfSaMsya	2	dcs:AnfSaMsyam~AnfSaMsya(ADJ,4);dcs:AnfSaMsyena~AnfSaMsya(ADJ,1)
Ani	1	vidyut:Anayeya~AnI(verb,1)
Anonu	1	vidyut:AnonavIti~AnonU(verb,1)
Anulomya	1	dcs:Anulomyam~Anulomya(ADJ,1)
Ap	4	dcs:Apat~Apad(NOUN,4);dcs:AptaH~Apta(NOUN,6);dcs:Aptam~Apta(ADJ,2);vidyut:Apus~ApA(verb,1)
ApAna	1	dcs:ApAnam~Ap(VERB,1)
ApF	1	vidyut:Apapra~AprA(verb,1)
ApIta	1	dcs:ApIta~ApA(VERB,4)
Apad	2	dcs:Apad~Ap(VERB,4);dcs:Apadi~Apad(VERB,1)
Apat	1	vidyut:Apatatas~Apat(verb,1)
Api	6	dcs:ApI~Api(ADJ,1);dcs:ApInAm~Apay(VERB,1);dcs:Apaya~Apay(VERB,1);dcs:Api~Ap(NOUN,1);dcs:ApiH~Api(ADJ,4)
Aplu	1	dcs:AplutaH~Apluta(NOUN,1)
AprA	2	dcs:AprA~Apra(ADJ,1);vidyut:AprAt~AprA(verb,1)
ApracC	1	dcs:ApfcCya~ApfcCya(ADJ,1)
Apta	1	dcs:Apta~Apta(ADJ,57)
ApyAyana	1	dcs:ApyAyana~ApyAyana(ADJ,1)
Apya	2	dcs:Apya~Ap(VERB,6);dcs:Apyam~Apya(NOUN,14)
Ap￞	1	dcs:ApUryata~Apf(VERB,3)
Aqi	1	vidyut:Aqayat~Aqi(verb,1)
ArAD	1	vidyut:ArADanIya~ArADi(noun,2)
ArADana	1	dcs:ArADanam~ArADana(ADJ,1)
ArADay	1	dcs:ArADitaH~ArADita(NOUN,1)
ArADaya	1	vidyut:ArADayam~ArADi(verb,1)
ArC	1	dcs:AratAm~fC(VERB,1)
Ara	1	dcs:Ara~fC(VERB,3)
AraB	1	dcs:ArabDa~ArabDa(NOUN,1)
AraRya	1	dcs:AraRya~AraRya(NOUN,1)
AraRyaka	3	dcs:AraRyaka~AraRyaka(NOUN,2);dcs:AraRyakaM~AraRyaka(NOUN,3);dcs:AraRyakam~AraRyaka(ADJ,3)
Arakta	1	dcs:Arakta~AraYj(VERB,2)
Ardra	8	dcs:ArdrA~ArdrA(NOUN,11);dcs:ArdrAt~Ardra(NOUN,2);dcs:Ardra~Ardra(NOUN,20);dcs:ArdraM~Ardra(NOUN,1);dcs:Ardram~Ardra(NOUN,2)
Are	1	dcs:Are~Ara(NOUN,5)
ArjIkIyA	1	vidyut:ArjIkIya~ArjIkIya(noun,2)
Arjava	3	dcs:Arjava~Arjava(ADJ,1);dcs:Arjave~Arjava(ADJ,2);dcs:Arjavena~Arjava(ADJ,4)
Arogya	2	dcs:Arogya~Arogya(ADJ,2);dcs:Arogyam~Arogya(ADJ,6)
Aroha	1	dcs:Arohe~Aruh(VERB,1)
Arta	1	dcs:Arta~fC(VERB,2)
ArtanA	1	vidyut:ArtanA~Artana(noun,1)
Artava	4	dcs:ArtavAH~Artava(ADJ,2);dcs:ArtavAn~Artava(NOUN,2);dcs:ArtavaH~Artava(ADJ,1);dcs:Artavam~Artava(ADJ,4)
AruRI	4	vidyut:AruRI~ArU(noun,6);vidyut:AruRI~Aru(noun,6);vidyut:AruRI~AruRi(noun,6);vidyut:AruRI~AruRin(noun,1)
AruRi	1	dcs:AruRe~AruRa(ADJ,1)
Aruh	4	dcs:ArUQa~ArUQa(NOUN,1);dcs:Aroha~Aroha(NOUN,27);dcs:Aruham~Aruh(ADJ,1);vidyut:ArohatAm~Aruh(verb,2)
Aruja	1	dcs:Arujam~Aruj(VERB,1)
AruzI	1	dcs:AruzI~fC(VERB,1)
Arya	14	dcs:AryA~AryA(NOUN,22);dcs:AryAH~Arya(NOUN,7);dcs:AryARAm~Arya(NOUN,2);dcs:AryAm~AryA(NOUN,2);dcs:AryAyAH~AryA(NOUN,1)
Arza	2	dcs:ArzaM~Arza(NOUN,1);dcs:Arzam~Arza(NOUN,1)
Arzeya	2	dcs:Arzeya~Arzeya(NOUN,1);dcs:ArzeyaM~Arzeya(NOUN,4)
As	1	dcs:Asata~asat(ADJ,1)
AsTA	2	dcs:AsTita~AsTita(ADJ,1);vidyut:AtizWatAm~AsTA(noun,2)
Asa	1	dcs:AsAt~AsAt(ADV,1)
Asad	3	dcs:Asanna~Asanna(ADJ,29);dcs:AsannaH~Asanna(ADJ,1);vidyut:AsIdatAm~Asad(verb,4)
Asan	1	vidyut:AsaBis~Asya(noun,2)
Asanna	1	dcs:Asanne~Asad(VERB,12)
Asev	2	vidyut:Asevita~Asevi(noun,2);vidyut:AsevyA~Asevi(noun,1)
Asf	2	vidyut:ADAvatA~ADAv(noun,2);vidyut:Asaran~Asf(verb,2)
Asi	4	vidyut:Asin~as(noun,4);vidyut:Asin~As(noun,2);vidyut:Asin~Aas(noun,2);vidyut:Asin~AAsi(noun,2)
Asic	2	vidyut:Asecya~Aseci(noun,2);vidyut:Asecya~Aseci(ind,1)
AstF	2	vidyut:Atastare~Astf(verb,4);vidyut:Atastare~AstAri(verb,1)
AstIka	2	dcs:AstIkaH~AstIka(ADJ,1);dcs:AstIke~AstIka(NOUN,1)
Astara	1	dcs:Astara~Astf(VERB,1)
Astika	1	dcs:AstikaH~Astika(ADJ,1)
Asu	1	dcs:Asuta~Asuta(NOUN,1)
AsurI	1	dcs:AsurI~Asura(ADJ,8)
Asura	4	dcs:AsurIM~AsurI(NOUN,1);dcs:AsurIm~AsurI(NOUN,2);dcs:Asura~Asura(NOUN,2);dcs:Asuram~Asura(NOUN,6)
Asuri	1	dcs:Asuri~AsurI(NOUN,1)
AsvAday	1	dcs:AsvAdya~AsvAdya(ADJ,1)
Asya	1	dcs:AsyaM~As(VERB,1)
AtaYci	2	vidyut:Atan~AtaYc(noun,4);vidyut:Atan~at(verb,1)
Atan	1	dcs:AtatanTa~AtatanTa(NOUN,1)
Atani	1	vidyut:Atani~Ati(noun,1)
Atap	1	vidyut:Atapat~Atap(verb,1)
Atapa	1	dcs:AtapaH~Atap(VERB,1)
Atarpi	1	vidyut:Atarpayat~Atarpi(verb,2)
AtiTya	3	dcs:AtiTya~AtiTya(ADJ,1);dcs:AtiTyaM~AtiTya(ADJ,1);dcs:AtiTyam~AtiTya(ADJ,2)
AtizWa	1	vidyut:AtizWam~AsTA(verb,1)
Atmagata	1	vidyut:Atmagatam~Atmagatam(ind,1)
Atmaja	1	dcs:Atmaje~AtmajA(NOUN,24)
AtmasamBavA	1	vidyut:AtmasamBava~AtmasamBava(noun,2)
AtmodBavA	1	vidyut:AtmodBave~AtmodBava(noun,9)
Atud	1	vidyut:Atodin~Atodi(noun,2)
AvApi	6	vidyut:AvApti~AvAji(noun,6);vidyut:AvAyam~AvAyi(noun,12);vidyut:AvAyam~AvE(noun,3);vidyut:AvAyam~Ave(noun,3);vidyut:AvAyam~AvA(noun,3)
AvaSyaka	1	dcs:AvaSyaka~AvaSyaka(NOUN,4)
Avah	2	dcs:Avaha~Avaha(ADJ,5);vidyut:AvahatAm~Avah(noun,2)
Avaha	3	dcs:AvahaH~Avaha(NOUN,4);dcs:Avaham~Avah(VERB,2);dcs:Avahe~Avaha(NOUN,1)
Avantika	1	vidyut:Avantika~AvantikA(noun,3)
Avap	1	vidyut:Avapa~Avap(verb,1)
Avarji	2	vidyut:Avarjayata~Avfj(verb,3);vidyut:AvarjayetAm~Avfj(verb,3)
Avarta	2	dcs:Avarta~Avft(VERB,6);dcs:AvartaM~Avft(VERB,1)
Avartin	2	vidyut:Avartin~Avft(noun,2);vidyut:Avartin~Avarti(noun,2)
AvasaTa	1	dcs:AvasaTa~Avas(VERB,1)
Avat	1	dcs:Avad~av(VERB,3)
Avay	1	dcs:AvayaH~Avi(NOUN,2)
Ave	3	dcs:ota~ota(ADJ,1);dcs:otaM~ota(ADJ,1);dcs:otam~ota(ADJ,1)
Avedi	3	vidyut:Aveda~Avid(noun,6);vidyut:Aveda~Avid(verb,2);vidyut:AvedayatAm~Avedi(noun,2)
Avf	7	dcs:AvftAM~Avft(NOUN,1);dcs:AvftAm~Avft(NOUN,2);dcs:Avfta~Avft(NOUN,1);dcs:AvftaH~Avft(NOUN,36);dcs:AvftaM~Avft(NOUN,1)
Avft	1	dcs:AvftA~Avf(VERB,46)
Avfz	1	vidyut:Avarzat~Avfz(verb,1)
Avid	1	vidyut:Avit~AvyaD(noun,7)
Avika	1	dcs:Avika~Avika(NOUN,1)
Avila	1	dcs:Avila~Avila(NOUN,1)
Avis	3	dcs:AviH~Avi(NOUN,2);dcs:Avir~Avi(NOUN,2);dcs:Aviz~Avi(NOUN,1)
AvivAsa	7	vidyut:AvivAs~AvivAsi(noun,21);vidyut:AvivAsa~AvivAsi(noun,24);vidyut:AvivAsa~AvivAsa(verb,6);vidyut:AvivAsata~AvivAsi(verb,6);vidyut:AvivAse~AvivAsi(noun,117)
AvivAsi	1	vidyut:AvivAsanta~AvivAsa(verb,1)
AvyaD	3	dcs:AvidDa~AvidDa(ADJ,2);dcs:AvidDam~AvidDa(NOUN,4);vidyut:AviDyat~AvyaD(verb,1)
AyA	3	dcs:AyAmi~AyAmin(ADJ,3);dcs:AyAsya~AyAsay(VERB,1);dcs:AyAti~AyAti(NOUN,3)
AyAc	1	dcs:AyAcitaM~AyAcita(NOUN,1)
AyAma	1	dcs:AyAma~AyA(VERB,4)
AyAmi	1	vidyut:AyantI~Ayam(noun,6)
AyAsi	1	vidyut:AyAsaka~Ayas(noun,2)
Aya	1	dcs:AyaM~i(VERB,3)
Ayajin	1	dcs:AyajI~Ayaji(ADJ,1)
Ayam	2	dcs:AyatA~Ayata(ADJ,2);dcs:Ayatam~Ayata(ADJ,12)
Ayasa	4	dcs:AyasAni~Ayasa(NOUN,1);dcs:Ayasa~Ayasa(NOUN,20);dcs:AyasaM~Ayasa(NOUN,4);dcs:Ayasam~Ayasa(NOUN,38)
Ayati	3	dcs:Ayati~e(VERB,15);dcs:AyatyA~e(VERB,1);dcs:AyatyAm~e(VERB,1)
Ayi	2	vidyut:Ayita~Aay(noun,2);vidyut:Ayita~AAyi(noun,2)
Ayu	5	dcs:Ayava~Ayu(NOUN,1);dcs:AyavaH~Ayu(ADJ,3);dcs:Ayave~Ayu(ADJ,1);dcs:Ayavo~Ayu(ADJ,1);dcs:AyuBiH~Ayu(ADJ,1)
AyuD	1	vidyut:AyoDyAyAm~AyoDi(noun,1)
Ayus	1	dcs:Ayuza~Ayuza(NOUN,3)
Ayuta	1	dcs:Ayutam~Ayuta(NOUN,1)
Ayuzmant	1	dcs:Ayuzmant~Ayuzmat(ADJ,1)
Ayuzmat	1	dcs:AyuzmAn~Ayuzmant(NOUN,1)
Ayuzya	1	dcs:Ayuzya~Ayuzya(ADJ,10)
Azi	2	vidyut:Aza~az(verb,3);vidyut:Aza~az(noun,2)
AzwrA	1	vidyut:Azwra~Azwra(noun,2)
BA	1	dcs:BAsi~BAs(NOUN,4)
BAga	1	dcs:BAgaH~tatas(ADV,1)
BAgaDeya	1	dcs:BAgaDeyam~BAgaDeya(ADJ,1)
BAjana	1	dcs:BAjanam~BAjana(ADJ,1)
BAji	3	vidyut:BAjayate~BAji(verb,5);vidyut:aBAji~Baj(verb,1);vidyut:aBAji~BaYj(verb,1)
BAmi	1	vidyut:BAmita~BAm(noun,2)
BAnumant	2	dcs:BAnumAn~BAnumat(ADJ,1);dcs:BAnumantam~BAnumat(ADJ,3)
BAradvAja	4	dcs:BAradvAjaH~BAradvAja(ADJ,1);dcs:BAradvAjaM~BAradvAja(ADJ,2);dcs:BAradvAjam~BAradvAja(ADJ,4);dcs:BAradvAjo~BAradvAja(ADJ,1)
BAratI	2	dcs:BAratI~BArata(ADJ,21);dcs:BAratIm~BArata(ADJ,3)
BArata	11	dcs:BAratA~BArata(ADJ,1);dcs:BAratAH~BArata(ADJ,1);dcs:BAratAnAM~BArata(ADJ,1);dcs:BAratAnAm~BArata(ADJ,2);dcs:BAratIM~BAratI(NOUN,10)
BArgavI	1	dcs:BArgavI~BArgava(ADJ,1)
BArgava	5	dcs:BArgava~BArgava(ADJ,5);dcs:BArgavaH~BArgava(ADJ,3);dcs:BArgavaM~BArgava(ADJ,2);dcs:BArgavam~BArgava(ADJ,2);dcs:BArgave~BArgava(ADJ,2)
BAri	2	vidyut:BArin~Bf(noun,4);vidyut:BArin~BF(noun,2)
BArin	1	dcs:BAri~Bf(VERB,1)
BAryA	4	dcs:BAryA~Bf(VERB,3);dcs:BAryAM~Bf(VERB,1);dcs:BAryaH~Bf(VERB,5);dcs:BArye~Bf(VERB,1)
BAs	3	dcs:BA~BA(NOUN,36);dcs:BAsAM~BAsA(NOUN,1);dcs:BAsaH~BAsa(NOUN,9)
BAsas	1	vidyut:BAsase~BAs(verb,1)
BAsi	2	vidyut:BAsakam~BAs(noun,6);vidyut:BAsakam~Bas(noun,3)
BAskara	5	dcs:BAskara~BAskara(ADJ,3);dcs:BAskaraH~BAskara(ADJ,1);dcs:BAskaraM~BAskara(ADJ,4);dcs:BAskaram~BAskara(ADJ,6);dcs:BAskare~BAskara(ADJ,8)
BAsvant	2	dcs:BAsvAn~BAsvat(ADJ,1);dcs:BAsvati~BAsvat(ADJ,2)
BAsvara	2	dcs:BAsvara~BAsvara(NOUN,1);dcs:BAsvaram~BAsvara(NOUN,2)
BAsvat	3	dcs:BAsvat~BAsvant(NOUN,5);dcs:BAsvatA~BAsvant(NOUN,4);dcs:BAsvatI~BAsvatI(NOUN,1)
BAva	1	dcs:BAvataH~BAvatas(ADV,3)
BAvajYA	1	vidyut:BAvajYa~BAvajYa(noun,2)
BAvanA	3	dcs:BAvanA~BAvana(ADJ,2);dcs:BAvanAH~BAvana(ADJ,6);dcs:BAvanaM~BAvana(NOUN,3)
BAvana	3	dcs:BAvana~BAvanA(NOUN,3);dcs:BAvanaH~BAvanA(NOUN,5);dcs:BAvanam~BAvanA(NOUN,12)
BAvay	1	dcs:BAvya~BAvya(ADJ,4)
BAvi	3	vidyut:BAvayitavya~BU(noun,2);vidyut:BAvayitf~BU(noun,3);vidyut:aBAvayata~BU(verb,2)
BAvin	2	dcs:BAvinI~BAvinI(NOUN,2);dcs:BAvinaH~BAvin(NOUN,1)
BAvuka	1	dcs:BAvuka~BAvuka(NOUN,1)
BAz	3	dcs:BAzitA~BAzitf(ADJ,7);dcs:BAzitaM~BAzita(NOUN,39);dcs:BAzitam~BAzita(NOUN,117)
BAzi	3	vidyut:BAzin~BAz(noun,2);vidyut:BAzin~Baz(noun,2);vidyut:BAzyamARa~BAz(noun,2)
BAzita	1	dcs:BAzita~BAz(VERB,7)
BI	5	dcs:BI~aBi(ADP,1);dcs:BIta~BIta(NOUN,2);dcs:BIto~aBIta(ADJ,1);vidyut:BIm~Ba(noun,2);vidyut:BItavat~BItavat(ind,1)
BIma	14	dcs:BImA~BImA(NOUN,4);dcs:BImAH~BIma(NOUN,1);dcs:BImAm~BImA(NOUN,1);dcs:BImAn~BIma(NOUN,1);dcs:BImAt~BIma(ADJ,1)
BImaraTA	1	vidyut:BImaraTa~BImaraTa(noun,2)
BIru	2	dcs:BIru~BIru(NOUN,3);dcs:BIruH~BIru(NOUN,5)
BIzA	1	dcs:BIzA~BIzA(ADV,1)
BIzaRa	2	dcs:BIzaRa~BIzaRa(NOUN,2);dcs:BIzaRe~BIzaRa(NOUN,1)
BIzay	1	dcs:BIzayA~BIzA(NOUN,1)
BIzita	2	dcs:BIzitAH~BIzay(VERB,2);dcs:BIzitaH~BIzay(VERB,1)
BIzma	7	dcs:BIzmAya~BIzma(ADJ,1);dcs:BIzma~BIzma(ADJ,4);dcs:BIzmaH~BIzma(ADJ,1);dcs:BIzmaM~BIzma(ADJ,1);dcs:BIzmam~BIzma(ADJ,1)
BU	52	dcs:BAvyasya~BAvya(NOUN,1);dcs:BU~BU(ADV,1);dcs:BUH~BU(VERB,39);dcs:BUr~BU(VERB,25);dcs:BUs~BU(VERB,4)
BUman	2	dcs:BUmA~BU(VERB,1);dcs:BUma~BU(VERB,10)
BUmi	1	dcs:BUmyA~BUmya(ADJ,2)
BUri	3	dcs:BUrI~BUrI(NOUN,1);dcs:BUri~BUri(NOUN,4);dcs:BUriH~BUri(ADJ,3)
BUridA	1	vidyut:BUridA~BUrida(noun,1)
BUridakziRa	1	vidyut:BUridakziRam~BUridakziRam(ind,1)
BUta	6	dcs:BUtAnAM~BU(VERB,3);dcs:BUtAnAm~BU(VERB,16);dcs:BUtAni~BU(VERB,67);dcs:BUta~BU(VERB,281);dcs:BUteByaH~BU(VERB,3)
BUtaBAvana	2	dcs:BUtaBAvana~BUtaBAvana(ADJ,1);dcs:BUtaBAvanaH~BUtaBAvana(ADJ,2)
BUtaDarA	1	vidyut:BUtaDarA~BUtaDara(noun,1)
BUtamAtrA	1	vidyut:BUtamAtra~BUtamAtra(noun,2)
BUyas	6	dcs:BUyAn~BU(VERB,19);dcs:BUya~BUyas(ADJ,58);dcs:BUyaH~BUyas(ADJ,98);dcs:BUyaS~BUyas(ADJ,4);dcs:BUyas~BUyas(ADJ,33)
BUyastaram	1	dcs:BUyastaram~BUyastara(ADJ,1)
BUzaRa	2	dcs:BUzaRaH~BUzaRa(ADJ,2);dcs:BUzaRam~BUzaRa(ADJ,2)
Ba	1	dcs:Bam~BA(NOUN,3)
BaNga	1	dcs:BaNgam~BaNga(ADJ,1)
BaNgin	1	dcs:BaNgi~BaNgi(NOUN,1)
BaYj	8	dcs:BagnA~Bagna(NOUN,1);dcs:Bagna~Bagna(NOUN,29);dcs:BagnaM~Bagna(NOUN,10);dcs:Bagnam~Bagna(NOUN,4);dcs:Bagne~Bagna(NOUN,3)
Badra	14	dcs:BadrA~BadrA(NOUN,79);dcs:BadrARi~Badra(NOUN,14);dcs:BadrAm~BadrA(NOUN,8);dcs:BadrAt~Badra(NOUN,7);dcs:BadrAya~Badra(NOUN,4)
Badraka	1	dcs:BadrakAH~Badraka(ADJ,1)
Baga	2	dcs:Baga~tad(PRON,1);dcs:Bago~Bago(INTJ,4)
Bagavant	11	dcs:BagavAn~Bagavat(ADJ,1600);dcs:BagavantaH~Bagavat(ADJ,19);dcs:BagavantaM~Bagavat(ADJ,58);dcs:Bagavantam~Bagavat(ADJ,136);dcs:Bagavat~Bagavat(ADJ,39)
Bagavat	3	dcs:Bagavan~Bagavant(NOUN,359);dcs:Bagavann~Bagavant(NOUN,15);dcs:BagavatI~BagavatI(NOUN,12)
Bagin	1	vidyut:BaginIByAm~BaginI(noun,6)
BaginI	1	dcs:BaginI~Bagin(ADJ,1)
Baj	8	dcs:Baja~Baja(NOUN,2);dcs:BajamAnaM~BajamAna(NOUN,6);dcs:BaktAm~Bakta(NOUN,2);dcs:BaktvA~BaYj(VERB,2);dcs:Bakzyanti~Bakz(VERB,1)
BajamAna	1	dcs:BajamAna~Baj(VERB,1)
Bakta	9	dcs:BaktA~Bakta(ADJ,6);dcs:BaktAH~Bakta(ADJ,5);dcs:BaktAn~Bakta(ADJ,2);dcs:Bakta~Baj(VERB,9);dcs:BaktaH~Bakta(ADJ,11)
Bakz	4	dcs:BakzyaH~Bakzya(NOUN,5);dcs:Bakzyam~Bakzya(NOUN,10);dcs:BakzyamARaH~Bakzay(VERB,3);dcs:Bakzyante~Bakzay(VERB,3)
Bakza	1	dcs:Bakza~Bakz(VERB,3)
Bakzay	3	dcs:Bakzayata~Bakzay(VERB,1);dcs:Bakzayati~Bakzayati(NOUN,1);dcs:BakzayitA~Bakzayitf(NOUN,4)
Bakzi	3	vidyut:BakzaRIya~Bakz(noun,2);vidyut:Bakzin~Bakz(noun,2);vidyut:BakzyantAm~Bakz(verb,1)
Bakzya	2	dcs:BakzyAn~Bakz(VERB,4);dcs:Bakzya~Bakz(VERB,20)
Bara	5	dcs:BarAt~Bf(VERB,1);dcs:BaraH~Bara(ADJ,1);dcs:Baram~Bara(ADJ,3);dcs:Bare~Bf(VERB,22);dcs:Baro~Bf(VERB,1)
Baras	1	dcs:Barase~Bf(VERB,1)
Barata	5	dcs:BaratA~Bf(VERB,7);dcs:Barata~Bf(VERB,20);dcs:BarataH~Bf(VERB,1);dcs:BarataM~Bf(VERB,1);dcs:Barate~Bf(VERB,14)
BaratafzaBa	5	vidyut:BaratarzaBAn~BaratarzaBa(noun,1);vidyut:BaratarzaBa~BaratarzaBa(noun,2);vidyut:BaratarzaBam~BaratarzaBa(noun,3);vidyut:BaratarzaBasya~BaratarzaBa(noun,2);vidyut:BaratarzaBe~BaratarzaBa(noun,9)
Barga	2	dcs:BargaH~Bargas(NOUN,10);dcs:Bargas~Bargas(NOUN,1)
BariBrat	1	dcs:BariBrat~BariBf(VERB,1)
Bartf	2	dcs:BartA~Bf(VERB,4);dcs:Bartf~Bartf(ADJ,1)
BartfvratA	1	vidyut:Bartfvrata~Bartfvrata(noun,2)
Barv	1	vidyut:Bar~Barvi(noun,7)
Bas	1	dcs:Basan~Basad(NOUN,1)
Basad	1	dcs:Basat~Bas(VERB,1)
Basman	1	dcs:BasmanA~Basman(ADJ,2)
Bava	3	dcs:BavaH~BU(VERB,1);dcs:Bavam~BU(VERB,29);dcs:Bave~BU(VERB,13)
Bavat	17	dcs:BavAn~Bava(NOUN,6);dcs:BavadBiH~BU(VERB,3);dcs:BavadBir~BU(VERB,2);dcs:BavadByAM~BU(VERB,1);dcs:BavantaH~BU(VERB,21)
BavatI	1	vidyut:BavatyAm~Bavat(noun,1)
Bavizya	2	dcs:BavizyARi~Bavizya(NOUN,1);dcs:Bavizya~Bavizya(NOUN,7)
Bavya	1	dcs:Bavyena~BU(VERB,1)
BayAnaka	4	dcs:BayAnakAH~BayAnaka(NOUN,3);dcs:BayAnaka~BayAnaka(ADJ,1);dcs:BayAnakaH~BayAnaka(NOUN,1);dcs:BayAnakam~BayAnaka(NOUN,3)
Baya	1	dcs:BayaH~aBaya(ADJ,2)
BayamAna	1	dcs:BayamAnaH~BI(VERB,1)
Bedaka	1	dcs:Bedaka~Bedaka(NOUN,1)
Bezaja	3	dcs:BezajA~Bezaja(ADJ,5);dcs:Bezaja~Bezaja(ADJ,2);dcs:BezajaM~Bezaja(ADJ,1)
Bf	4	dcs:BarA~Bara(NOUN,8);dcs:Bara~Bara(NOUN,86);vidyut:aBarizyat~BF(verb,1);vidyut:baBrARa~BraR(verb,2)
BfNga	1	dcs:BfNgA~BfNgA(NOUN,1)
BfSam	2	dcs:BfSaM~BfSa(ADJ,11);dcs:BfSam~BfSa(ADJ,29)
Bfmi	1	dcs:Bfmim~Bfmi(NOUN,1)
Bft	1	dcs:BftAm~Bf(VERB,4)
Bfti	1	dcs:Bfti~Bft(ADJ,4)
Bftya	2	dcs:Bftya~Bf(VERB,1);dcs:Bftye~Bf(VERB,1)
Bid	8	dcs:Bid~Bid(NOUN,5);dcs:Binad~Bid(VERB,3);dcs:Binna~Binna(ADJ,10);dcs:BinnaM~Binna(NOUN,1);dcs:Binne~Binna(NOUN,1)
Bikz	1	vidyut:Bikzita~Bikzi(noun,2)
Bizaj	1	dcs:Bizak~Bizaj(ADJ,1)
Boga	1	dcs:BogA~aBoga(ADJ,1)
Bogin	3	dcs:BogI~Bogin(NOUN,6);dcs:BoginaH~Bogin(NOUN,14);dcs:Boginam~Bogin(NOUN,1)
Boja	7	dcs:BojAH~Boja(ADJ,4);dcs:BojAn~Boja(ADJ,2);dcs:Boja~Boja(ADJ,1);dcs:BojaH~Boja(ADJ,2);dcs:Bojam~Boja(NOUN,5)
BojanIya	1	dcs:BojanIya~Buj(VERB,1)
Bojana	3	dcs:BojanA~Bojana(ADJ,1);dcs:Bojana~Bojana(ADJ,1);dcs:Bojanam~Bojana(ADJ,1)
Bojya	4	dcs:BojyAni~Buj(VERB,12);dcs:Bojya~Buj(VERB,35);dcs:BojyaM~Buj(VERB,20);dcs:Bojyam~Buj(VERB,16)
Boktf	4	dcs:BoktA~Boktf(ADJ,37);dcs:BoktAraH~Boktf(NOUN,5);dcs:BoktAraM~Boktf(NOUN,2);dcs:Boktf~Boktf(ADJ,19)
BrAS	1	vidyut:BrASyAni~BrASi(noun,3)
BrAj	4	dcs:BrAjase~BrAjas(NOUN,1);vidyut:BrAjas~BrAjas(noun,5);vidyut:BrAjas~BrAja(noun,2);vidyut:BrAjas~BrAji(noun,26)
BrAja	2	dcs:BrAja~BrAja(ADJ,7);dcs:BrAjo~BrAjas(NOUN,2)
BrAmarI	1	dcs:BrAmarI~BrAmarin(ADJ,2)
Brama	2	dcs:BramA~BramA(NOUN,1);dcs:Brama~Bram(VERB,1)
Buj	9	dcs:Bogya~Bogya(NOUN,10);dcs:BojyA~Bojya(NOUN,3);dcs:Buji~Buji(NOUN,1);dcs:BuktA~BuktA(NOUN,1);dcs:Bukta~Bukta(NOUN,28)
Buja	4	dcs:BujA~Buj(ADJ,11);dcs:BujaH~Buj(ADJ,34);dcs:Bujam~Buj(ADJ,4);dcs:Buje~Buj(VERB,14)
BujaMgamA	1	vidyut:BujaNgamAm~BujaMgama(noun,2)
BujaMgama	1	vidyut:BujaNgama~BujaMgamA(noun,3)
Buji	1	dcs:BujI~Bujin(ADJ,1)
BujizyA	2	dcs:BujizyA~Bujizya(ADJ,1);vidyut:BujizyAm~Bujizya(noun,2)
Bujyu	1	dcs:BujyuM~Bujyu(ADJ,2)
Bukta	1	dcs:Buktena~Buj(VERB,2)
Buvana	1	dcs:Buvanasya~idam(PRON,1)
CAga	1	dcs:CAga~CAga(ADJ,34)
CAgala	1	dcs:CAgalam~CAgala(NOUN,1)
CAyA	1	dcs:CAyayA~SAyay(VERB,2)
CAyi	1	vidyut:CAyaka~Co(noun,2)
Cad	4	dcs:Canna~Canna(ADJ,1);vidyut:CAdayAYcakrire~CAdi(verb,2);vidyut:CAdayetAm~CAdi(verb,2);vidyut:CAditavatI~CAdi(noun,4)
CalanA	1	vidyut:Calana~Calana(noun,2)
Calay	1	dcs:Calita~Calita(NOUN,1)
Cand	5	dcs:acCAn~acCa(ADJ,1);vidyut:Candita~Candi(noun,2);vidyut:Candya~Candi(noun,2);vidyut:CandyamAna~Candi(noun,2);vidyut:CandyatAm~Candi(verb,1)
Canda	1	dcs:CandataH~Candatas(ADV,4)
Candas	1	dcs:Canda~Canda(NOUN,43)
CandasyA	1	vidyut:CandasyAm~Candasya(noun,1)
Cardis	1	dcs:Cardir~Cardi(NOUN,8)
Cedana	1	dcs:Cedanam~Cedana(ADJ,3)
Cedin	1	dcs:Cedi~Cid(VERB,5)
Cedya	1	dcs:Cedya~Cid(VERB,8)
Cid	6	dcs:CinnA~CinnA(NOUN,11);dcs:Cinna~Cinna(NOUN,2);dcs:CinnaH~Cinna(NOUN,3);dcs:CinnaM~Cinna(NOUN,3);dcs:Cinnam~Cinna(NOUN,4)
Cidra	3	dcs:CidrA~Cidra(ADJ,5);dcs:Cidra~Cidra(ADJ,10);dcs:Cidram~Cidra(ADJ,4)
DA	7	dcs:DA~DA(ADJ,7);dcs:DAH~DA(VERB,61);dcs:DAyy~DA(VERB,1);dcs:DItam~DI(VERB,3);dcs:Dizva~Dizva(NOUN,1)
DAman	1	dcs:DAma~DA(VERB,1)
DAnA	2	dcs:DAnA~DAna(ADJ,1);dcs:DAnAH~DAna(ADJ,1)
DAna	1	dcs:DAnam~DAna(ADJ,5)
DAnya	2	dcs:DAnya~DAnya(ADJ,1);dcs:DAnyam~DAnya(ADJ,1)
DArA	2	dcs:DAram~DAra(ADJ,4);dcs:DArayA~DAray(VERB,15)
DAra	1	dcs:DAra~DArA(NOUN,2)
DAraRa	3	dcs:DAraRa~DAraRa(ADJ,1);dcs:DAraRaH~DAraRa(NOUN,3);dcs:DAraRam~DAraRa(ADJ,9)
DAray	2	dcs:DArayati~DArayati(NOUN,1);dcs:DArya~Df(VERB,2)
DArin	2	dcs:DAri~DAri(NOUN,2);dcs:DAriRI~DAriRI(NOUN,9)
DArtarAzwra	5	dcs:DArtarAzwra~DArtarAzwra(ADJ,1);dcs:DArtarAzwraM~DArtarAzwra(ADJ,3);dcs:DArtarAzwram~DArtarAzwra(ADJ,1);dcs:DArtarAzwre~DArtarAzwra(ADJ,3);dcs:DArtarAzwrezu~DArtarAzwra(ADJ,2)
DAtf	2	dcs:DAtA~DA(VERB,2);dcs:DAtur~DAtu(NOUN,19)
DAtrI	1	vidyut:DAtryAm~DAtri(noun,1)
DAtu	2	dcs:DAtu~DA(VERB,7);dcs:DAtum~DA(VERB,2)
DAyas	2	dcs:DAyasA~DAyas(NOUN,2);dcs:DAyase~DAyas(ADJ,2)
DImat	1	dcs:DImAn~DImant(NOUN,3)
DIra	4	dcs:DIrA~DIrA(NOUN,6);dcs:DIra~DIra(NOUN,2);dcs:DIraM~DIra(NOUN,3);dcs:DIro~DIra(NOUN,3)
DIti	1	dcs:DItI~aDItin(ADJ,2)
DU	6	dcs:Duta~Duta(ADJ,3);vidyut:DUyamAnam~Du(noun,3);vidyut:Davati~DU(verb,1);vidyut:DavyA~Du(noun,1);vidyut:Davya~Du(noun,2)
DUmra	3	dcs:DUmrA~DUmrA(NOUN,2);dcs:DUmra~DUmra(NOUN,7);dcs:DUmraH~DUmra(NOUN,6)
DUmravarRa	1	vidyut:DUmravarRa~DUmravarRA(noun,3)
DUpAyi	1	vidyut:DUp~DUpAya(noun,14)
DUrta	4	dcs:DUrtA~DUrta(NOUN,5);dcs:DUrta~DUrta(ADJ,5);dcs:DUrtaH~DUrta(ADJ,2);dcs:DUrto~DUrta(ADJ,2)
DUrv	1	dcs:DUrvantam~DUrvat(ADJ,1)
DUsara	1	dcs:DUsara~DUsara(NOUN,1)
DUtapApA	1	vidyut:DUtapApa~DUtapApa(noun,2)
Da	1	vidyut:Dam~DA(noun,2)
Dam	1	dcs:Dama~aDama(ADJ,2)
DanaMjaya	3	dcs:DanaMjayo~DanaMjaya(ADJ,2);dcs:DanaYjaya~DanaMjaya(ADJ,1);dcs:DanaYjayaH~DanaMjaya(ADJ,2)
DaneSa	1	vidyut:DaneSam~DaneS(noun,2)
Danika	1	dcs:Danika~Danika(ADJ,1)
DanizWA	1	dcs:DanizWA~DanizWa(ADJ,1)
Danu	2	dcs:DanoH~DanU(NOUN,1);dcs:Danum~DanU(NOUN,1)
DanuzkowI	1	vidyut:Danuzkowi~Danuzkowi(noun,3)
Danvan	2	dcs:DanvA~Danv(VERB,5);dcs:Danva~Danv(VERB,7)
Danvin	6	dcs:DanvI~Danvin(NOUN,11);dcs:DanviBiH~Danvin(NOUN,1);dcs:DanvinA~Danvin(NOUN,1);dcs:DanvinAm~Danvin(NOUN,5);dcs:DanvinaH~Danvin(NOUN,2)
Danya	2	dcs:DanyA~DanyA(NOUN,3);dcs:DanyAH~Danya(NOUN,2)
DarA	2	dcs:DarA~Dara(ADJ,42);dcs:DarAyAm~Dara(ADJ,1)
Dara	6	dcs:DarAH~aDara(NOUN,1);dcs:DarAm~DarA(NOUN,16);dcs:Dara~Dara(NOUN,5);dcs:DaraH~Dara(NOUN,9);dcs:Darasya~Dara(NOUN,6)
DaraRI	1	dcs:DaraRI~DaraRa(ADJ,3)
DaraRi	1	dcs:DaraRim~DaraRI(NOUN,2)
DarmArTa	1	vidyut:DarmArTam~DarmArTam(ind,1)
Darma	6	dcs:DarmA~Darman(NOUN,78);dcs:DarmARi~Darman(NOUN,8);dcs:DarmaBiH~Darman(NOUN,5);dcs:DarmataH~Darmatas(ADV,8);dcs:Darmatas~Darmatas(ADV,4)
DarmaBft	1	vidyut:DarmaBftAm~DarmaBfta(noun,1)
DarmacArin	2	vidyut:DarmacAriRi~DarmacAriRI(noun,5);vidyut:DarmacAriRyAm~DarmacAriRI(noun,2)
DarmajYa	1	vidyut:DarmajYAnAm~DarmajYAna(noun,1)
Darmaka	1	dcs:Darmaka~Darmaka(NOUN,1)
Darmin	1	dcs:DarmI~Darmin(NOUN,1)
Dartf	2	dcs:DartA~Df(VERB,5);dcs:DartArA~Dartf(ADJ,1)
DaruRa	6	dcs:DaruRa~DaruRa(NOUN,1);dcs:DaruRaH~DaruRa(NOUN,1);dcs:DaruRaM~DaruRa(ADJ,7);dcs:DaruRam~DaruRa(ADJ,5);dcs:DaruRe~DaruRa(ADJ,3)
Darzi	1	vidyut:Darzayata~Dfz(verb,1)
Davala	2	dcs:Davala~Davala(NOUN,1);dcs:DavalaH~Davala(NOUN,5)
De	1	vidyut:daDATa~DA(verb,1)
Denu	1	dcs:Denu~Denu(ADJ,1)
Denumat	1	dcs:DenumatI~DenumatI(NOUN,1)
Df	4	dcs:DftA~Dft(ADJ,2);dcs:DftaH~Dft(ADJ,29);dcs:Dftam~Dft(ADJ,6);dcs:daDra~DA(VERB,2)
Dftavrata	1	dcs:DftavrataH~Dftavrata(ADJ,1)
Dfti	1	dcs:DftiH~aDfti(ADJ,1)
Dftimat	4	dcs:DftimAn~Dftimant(NOUN,5);dcs:Dftimat~Dftimant(NOUN,2);dcs:DftimataH~Dftimant(NOUN,1);vidyut:DftimatI~DftimatI(noun,8)
Dfz	4	dcs:DfzatA~Dfzat(ADJ,10);dcs:Dfzwa~Dfzwa(NOUN,2);dcs:Dfzwam~Dfzwa(ADJ,5);vidyut:daDfza~daDfza(noun,2)
DfzRu	2	dcs:DfzRo~DfzRa(NOUN,1);dcs:DfzRuS~DfzRu(NOUN,1)
Dfzat	1	dcs:Dfzat~Dfz(VERB,7)
Dfzwi	1	dcs:DfzwiH~Dfzwi(ADJ,1)
Dikkfta	1	dcs:Dikkftasya~Dikkfta(NOUN,1)
DizRya	2	dcs:DizRyA~DizRya(NOUN,3);dcs:DizRyam~DizRya(ADJ,1)
DizaRA	1	dcs:DizaRA~DizaRa(ADJ,1)
DizaRa	3	dcs:DizaRa~DizaRa(ADJ,1);dcs:DizaRam~DizaRa(NOUN,1);vidyut:DizaRAyAs~DizaRA(noun,4)
DrAji	2	vidyut:DrAji~DrAj(noun,3);vidyut:DrAji~Draj(noun,3)
DruvA	4	dcs:DruvAM~Druva(ADJ,10);dcs:DruvAm~Druva(ADJ,10);dcs:DruvAyA~Druva(ADJ,3);dcs:DruvAyAm~Druva(ADJ,5)
Druva	10	dcs:DruvA~DruvA(NOUN,50);dcs:DruvAyAM~DruvA(NOUN,7);dcs:DruvAya~Druva(ADJ,8);dcs:Druva~Druva(NOUN,50);dcs:DruvaH~Druva(ADJ,47)
Druvam	2	dcs:DruvaM~Druva(ADJ,82);dcs:Druvam~Druva(ADJ,136)
DunI	1	dcs:DunI~Duni(ADJ,1)
Duni	2	dcs:DuniH~Duni(NOUN,1);dcs:Dunim~DunI(NOUN,2)
Dur	1	dcs:Dura~Dura(NOUN,1)
Durya	1	dcs:DuryaM~Durya(ADJ,2)
DvAni	5	vidyut:Dvan~Dvani(noun,14);vidyut:Dvan~DvaYj(noun,7);vidyut:Dvan~DvaYji(noun,7);vidyut:Dvan~DvaMsi(noun,7);vidyut:Dvan~DvaMs(noun,4)
DvAnta	2	dcs:DvAnta~DvAnta(ADJ,4);dcs:DvAntaM~DvAnta(ADJ,3)
DvaMsa	1	dcs:DvaMsa~DvaMs(VERB,3)
DvaMsana	1	dcs:DvaMsana~DvaMsana(NOUN,2)
DvajinI	1	dcs:DvajinIm~Dvajin(ADJ,1)
DyA	1	dcs:daDyuH~DA(VERB,3)
DyAtf	1	dcs:DyAtA~DyA(VERB,5)
F	4	vidyut:ras~ra(noun,3);vidyut:ras~rasi(noun,14);vidyut:ras~ray(noun,12);vidyut:ras~ras(noun,7)
GAsi	1	vidyut:GAsi~Gas(noun,3)
GAtanI	1	vidyut:GAtanI~GAti(noun,1)
Ga	1	dcs:Ga~Ga(NOUN,11)
GaRwAravA	1	vidyut:GaRwArava~GaRwArava(noun,2)
GanAGana	1	dcs:GanAGanaH~GanAGana(NOUN,1)
Gana	8	dcs:GanA~Gana(ADJ,20);dcs:GanAH~Gana(ADJ,14);dcs:GanAn~Gana(ADJ,2);dcs:Gana~Gana(ADJ,182);dcs:GanaH~Gana(ADJ,25)
Gas	1	dcs:akzan~akzi(NOUN,5)
Gaw	1	vidyut:Gawitavat~GAwi(noun,3)
Gawa	1	dcs:Gawe~Gaw(VERB,1)
Gawaka	1	dcs:Gawaka~Gawaka(NOUN,1)
Gawwi	4	vidyut:Gaw~Gaw(noun,14);vidyut:Gaw~Gaz(noun,7);vidyut:Gaw~Gaww(noun,7);vidyut:Gaw~GAwi(noun,7)
GfRA	2	vidyut:GfRa~GfRa(noun,2);vidyut:GfRa~GfR(noun,2)
GfRa	1	dcs:GfRe~GfRA(NOUN,2)
GfRi	2	dcs:GfRiH~GfRi(NOUN,1);vidyut:GfRinA~GfRin(noun,4)
GfRin	1	dcs:GfRi~GfRi(NOUN,2)
GftAYc	1	dcs:GftAcIH~GftAcI(NOUN,2)
GftAcI	3	dcs:GftAcI~GftAYc(ADJ,21);dcs:GftAcIm~GftAYc(ADJ,3);dcs:GftAcyA~GftAYc(ADJ,2)
Gfta	1	dcs:GftaM~Gf(VERB,1)
Gftavat	1	dcs:GftavatI~GftavatI(NOUN,1)
Gora	10	dcs:GorA~GorA(NOUN,3);dcs:GorAt~Gora(NOUN,2);dcs:Gora~Gora(NOUN,9);dcs:GoraH~Gora(NOUN,2);dcs:GoraM~Gora(NOUN,5)
GorarUpA	2	vidyut:GorarUpA~GorarUpa(noun,2);vidyut:GorarUpAm~GorarUpa(noun,2)
GorarUpa	4	vidyut:GorarUpARAm~GorarUpA(noun,2);vidyut:GorarUpAn~GorarUpA(noun,1);vidyut:GorarUpa~GorarUpA(noun,3);vidyut:GorarUpe~GorarUpA(noun,14)
Goza	3	dcs:GozA~GozA(NOUN,8);dcs:GozAn~Guz(VERB,1);dcs:GozAt~Guz(VERB,1)
Gozi	1	vidyut:Gozaya~Guz(verb,1)
GrAtf	1	dcs:GrAtA~GrA(VERB,1)
Guz	1	vidyut:Gozin~Gozi(noun,4)
I	3	dcs:I~I(NOUN,3);dcs:iyAno~i(VERB,1);vidyut:IyamAna~i(noun,6)
IS	4	dcs:ISAnA~ISAnA(NOUN,2);dcs:ISe~ISa(NOUN,18);dcs:Ikze~Ikz(VERB,2);vidyut:ISanI~ISi(noun,1)
ISA	1	dcs:ISA~ISa(ADJ,2)
ISAna	6	dcs:ISAnAH~IS(VERB,4);dcs:ISAna~IS(VERB,7);dcs:ISAnaH~IS(VERB,27);dcs:ISAnaM~IS(VERB,22);dcs:ISAnam~IS(VERB,17)
ISa	3	dcs:ISAH~ISa(ADJ,1);dcs:ISa~IS(VERB,2);dcs:ISaH~ISa(ADJ,10)
ISitA	2	vidyut:ISita~IS(noun,2);vidyut:ISita~ISi(noun,2)
ISvara	7	dcs:ISvarAH~ISvara(ADJ,9);dcs:ISvara~ISvara(ADJ,5);dcs:ISvaraH~ISvara(ADJ,56);dcs:ISvaraM~ISvara(ADJ,6);dcs:ISvaram~ISvara(ADJ,7)
Ihita	1	dcs:Ihita~Ih(VERB,2)
Ikz	1	dcs:Ikzita~Ikzita(NOUN,1)
Ipsay	3	dcs:Ipsita~Ipsita(NOUN,6);dcs:Ipsitam~Ipsita(NOUN,17);dcs:Ipsitena~Ipsita(NOUN,1)
Iq	3	dcs:IqitA~Iqitf(ADJ,2);dcs:Iqya~tad(PRON,1);dcs:IqyaH~Iqya(NOUN,1)
Iqa	1	dcs:Iqa~Iq(VERB,1)
Ir	4	vidyut:Ir~Iri(noun,14);vidyut:Ir~F(noun,7);vidyut:IryamARa~Iri(noun,4);vidyut:IryamARa~F(noun,2)
Iz	5	vidyut:IzitA~Iz(verb,4);vidyut:IzitA~Izi(noun,2);vidyut:IzitA~Izi(verb,2);vidyut:Izita~Izi(noun,4);vidyut:Izitam~Izi(noun,6)
IzA	1	dcs:Ize~iz(VERB,6)
Jawiti	1	dcs:Jawiti~Jawiti(NOUN,3)
Jillin	1	dcs:JillI~JillI(NOUN,2)
KA	1	dcs:KAm~Ka(NOUN,1)
KAd	1	dcs:KAda~KAda(NOUN,1)
KAdi	7	dcs:KAdizu~KAdin(ADJ,1);vidyut:KAdayanti~KAdi(verb,2);vidyut:KAde~KAda(noun,9);vidyut:KAde~KAd(noun,42);vidyut:KAde~Kad(noun,9)
KAta	1	dcs:KAta~Kan(VERB,3)
Ka	1	dcs:KaM~KaM(ADV,17)
KaRq	4	vidyut:KaRqyamAne~KaRqi(noun,18);vidyut:Kan~KaRqi(noun,14);vidyut:Kan~KaYj(noun,7);vidyut:Kan~KaYji(noun,7)
KaRqa	1	dcs:KaRqa~KaRqa(ADJ,18)
KaRqana	1	dcs:KaRqane~KaRqana(NOUN,1)
KaRqi	1	vidyut:KaRqayitum~KaRq(ind,1)
Kac	1	dcs:Kacita~Kacita(ADJ,4)
Kala	1	dcs:Kala~Kal(VERB,2)
Kan	2	dcs:Kana~Kana(NOUN,3);vidyut:KanatAm~Kan(verb,2)
Kani	1	vidyut:KanI~KanI(noun,8)
Kanitf	1	dcs:KanitA~Kanitf(NOUN,1)
KaqgahastA	1	vidyut:Kaqgahasta~Kaqgahasta(noun,2)
Kaqgin	1	dcs:KaqgI~Kaqgin(NOUN,6)
Kara	7	dcs:KarAH~Kara(NOUN,3);dcs:Kara~Kara(ADJ,138);dcs:KaraH~Kara(ADJ,18);dcs:KaraM~Kara(ADJ,21);dcs:Karam~Kara(ADJ,13)
Karv	1	vidyut:Karvita~Karvi(noun,2)
Karva	1	dcs:Karva~Karva(ADJ,4)
KawakA	2	vidyut:Kawaka~Kawaka(noun,2);vidyut:Kawaka~Kaw(noun,2)
KawvANgin	1	dcs:KawvANgI~KawvANgI(NOUN,3)
Kecara	4	dcs:KecarAH~Kecara(ADJ,4);dcs:Kecara~Kecara(ADJ,2);dcs:KecaraH~Kecara(ADJ,1);dcs:KecaraM~Kecara(ADJ,3)
Kela	1	dcs:Kelam~KelA(NOUN,1)
KyA	3	dcs:KyAtaM~KyAta(ADJ,2);vidyut:KyAtAm~KyA(verb,1);vidyut:aKyatam~cakz(verb,1)
KyAti	1	dcs:KyAti~KyA(VERB,4)
Kya	1	dcs:Kya~KyA(VERB,1)
O	5	vidyut:Avas~o(noun,4);vidyut:Avas~av(verb,1);vidyut:Avas~Avi(noun,4);vidyut:Avas~av(noun,1);vidyut:Avas~AvA(noun,1)
PAla	1	dcs:PAla~PAla(ADJ,1)
PAlgunI	1	vidyut:PAlguni~PAlguni(noun,3)
Pala	4	dcs:PalAni~paYcan(NUM,1);dcs:Pala~aPala(ADJ,1);dcs:PalaM~aPala(ADJ,3);dcs:Palam~aPala(ADJ,1)
Palavat	1	dcs:PalavatIm~PalavatI(NOUN,1)
Palgu	1	dcs:Palgu~Palgu(NOUN,14)
PalgunI	1	dcs:PalgunI~Palguna(ADJ,1)
Palguna	1	dcs:Palgunam~Palguna(ADJ,1)
Palin	1	dcs:PalI~PalI(NOUN,2)
PalinI	1	dcs:PalinI~Palin(ADJ,2)
Palina	1	vidyut:Palinam~Palin(noun,2)
Palita	2	vidyut:PalitAs~PalitA(noun,5);vidyut:PalitAs~Pal(noun,5)
Pulla	1	dcs:PullaM~Pulla(NOUN,1)
SA	3	dcs:SAta~SAta(NOUN,2);dcs:Sita~Sita(ADJ,1);dcs:Sitena~Sita(ADJ,1)
SAMtanava	1	vidyut:SAntanave~SAMtanu(noun,2)
SARI	1	dcs:SARI~SARa(ADJ,4)
SARa	1	dcs:SARa~SARa(ADJ,15)
SASvata	7	dcs:SASvatAya~SASvata(NOUN,1);dcs:SASvatI~SASvatI(NOUN,2);dcs:SASvata~SASvata(NOUN,1);dcs:SASvataH~SASvata(NOUN,1);dcs:SASvataM~SASvata(NOUN,1)
SAdvala	1	dcs:SAdvale~SAdvala(ADJ,1)
SAki	3	vidyut:SAkti~SAK(noun,6);vidyut:SAkti~SAKi(noun,6);vidyut:SAkti~SAci(noun,6)
SAkin	1	dcs:SAkine~SAkina(ADJ,1)
SAli	1	dcs:SAli~SAlin(ADJ,9)
SAlika	1	vidyut:SAlika~SAlikA(noun,3)
SAlin	2	dcs:SAlinI~SAlinI(NOUN,3);dcs:SAlinyaH~SAlinI(NOUN,1)
SAlva	1	dcs:SAlvaM~SAlva(ADJ,1)
SAlvarAjan	1	vidyut:SAlvarAja~SAlvarAja(noun,2)
SAmBavI	1	dcs:SAmBavI~SAmBava(ADJ,1)
SAntA	1	dcs:SAntAM~Sam(VERB,4)
SAntika	1	dcs:SAntika~SAntika(NOUN,2)
SArIra	3	dcs:SArIra~SArIra(NOUN,3);dcs:SArIraM~SArIra(NOUN,19);dcs:SArIram~SArIra(NOUN,6)
SArNga	1	dcs:SArNgaM~SArNga(ADJ,2)
SArNgikA	1	vidyut:SArNgikA~SArNgika(noun,1)
SArada	4	dcs:SAradI~SAradI(NOUN,3);dcs:SArada~SArada(NOUN,2);dcs:SAradaH~SArada(NOUN,3);dcs:SAradam~SArada(NOUN,1)
SAradaRqAyanI	1	vidyut:SAradaRqAyanI~SAradaRqAyani(noun,6)
SAri	1	dcs:SAri~Sf(VERB,3)
SAs	4	dcs:SAsam~SAsa(NOUN,6);dcs:SizwAH~Siz(VERB,25);dcs:SizwAn~Siz(VERB,10);dcs:Sizwa~Sizwa(NOUN,16)
SAsana	1	dcs:SAsanaM~SAsana(ADJ,1)
SAstf	1	dcs:SAstA~SAs(VERB,3)
SAstra	1	dcs:SAstrataH~SAstratas(ADV,1)
SAstravat	1	vidyut:SAstravat~SAstravat(ind,1)
SAtakarRi	1	vidyut:SAtakarRi~SAtakarRin(noun,3)
SAtakumBa	1	dcs:SAtakumBa~SAtakumBa(ADJ,1)
SAtrava	1	dcs:SAtravA~SAtrava(NOUN,1)
SAyi	4	vidyut:SAyin~So(noun,2);vidyut:SAyin~SE(noun,2);vidyut:SAyin~Si(noun,2);vidyut:SAyin~SI(noun,2)
SE	1	vidyut:SaSivat~So(noun,3)
SI	3	dcs:SayAm~Saya(ADJ,1);dcs:Saye~Saya(ADJ,1);dcs:SayitA~Sayitf(NOUN,1)
SIB	1	vidyut:SIBa~SIBi(noun,4)
SIGra	2	dcs:SIGrA~SIGrA(NOUN,3);dcs:SIGra~SIGra(NOUN,12)
SIGram	2	dcs:SIGraM~SIGra(ADJ,91);dcs:SIGram~SIGra(ADJ,82)
SIl	2	vidyut:SIlatas~SIl(verb,1);vidyut:SIlatas~SIlatas(ind,1)
SIlatA	1	vidyut:SIlatA~SIl(noun,2)
SIlavat	1	dcs:SIlavatI~SIlavatI(NOUN,4)
SIli	1	vidyut:SIlin~SIl(noun,2)
SIra	1	dcs:SIra~SIra(NOUN,1)
SIrza	1	dcs:SIrza~SIrzan(NOUN,38)
SIrzan	1	dcs:SIrzataH~SIrza(NOUN,3)
SIta	9	dcs:SItA~SItA(NOUN,8);dcs:SItAya~SIta(NOUN,1);dcs:SIta~SIta(NOUN,181);dcs:SItaH~SIta(NOUN,11);dcs:SItaM~SIta(NOUN,30)
SItala	1	dcs:SItalam~SItala(NOUN,1)
SItozRa	1	vidyut:SItozRa~SItozRA(noun,3)
SUdrA	1	dcs:SUdrA~SUdra(NOUN,36)
SUlapARi	2	dcs:SUlapARi~SUlapARin(NOUN,1);dcs:SUlapARinaH~SUlapARin(NOUN,1)
SUlin	5	dcs:SUlI~SUlin(ADJ,12);dcs:SUlinA~SUlin(ADJ,2);dcs:SUlinaH~SUlin(ADJ,4);dcs:SUline~SUlin(ADJ,2);dcs:SUlini~SUlin(ADJ,1)
SUna	3	dcs:SUna~Svi(VERB,12);dcs:SUnam~SUna(ADJ,4);dcs:SUne~SUna(NOUN,3)
SUnya	5	dcs:SUnyA~SUnyA(NOUN,5);dcs:SUnya~SUnya(NOUN,15);dcs:SUnyam~SUnya(NOUN,2);dcs:SUnye~SUnya(NOUN,16);dcs:SUnyena~SUnya(NOUN,1)
SUra	5	dcs:SUrA~SUra(ADJ,1);dcs:SUrAya~SUra(ADJ,1);dcs:SUra~SUra(ADJ,2);dcs:SUram~SUra(ADJ,2);dcs:SUro~SUra(ADJ,5)
SUrasena	1	vidyut:SUrasenAnAm~SUrasenA(noun,2)
SUz	1	vidyut:SUzya~SUzi(noun,2)
SUza	1	dcs:SUzam~SUza(ADJ,4)
SaMSamya	1	vidyut:SaMSanti~SaMSam(verb,2)
SaMkarI	1	dcs:SaNkarI~SaMkara(ADJ,1)
SaMkara	2	dcs:SaMkaraH~SaMkara(ADJ,4);dcs:SaNkaram~SaMkara(ADJ,3)
SaMs	3	dcs:SaMsa~SaMsa(NOUN,10);dcs:SaMsatu~sarva(PRON,1);dcs:SaMsita~SaMsita(ADJ,1)
SaMsa	4	dcs:SaMsA~SaMs(VERB,4);dcs:SaMsaH~SaMsa(NOUN,17);dcs:SaMsam~SaMsa(ADJ,13);dcs:SaMso~SaMs(VERB,1)
SaMsin	1	dcs:SaMsi~SaMs(VERB,2)
SaMyos	1	dcs:SaMyoH~SaMyu(ADJ,1)
SaNKa	1	vidyut:SaNKAs~SaNKA(noun,5)
SaNKaDma	1	vidyut:SaNKaDma~SaNKaDmA(noun,1)
SaNk	3	dcs:SaNke~SaNkA(NOUN,1);vidyut:SaNkanIyAm~SaNki(noun,1);vidyut:SaNkanIya~SaNki(noun,2)
SaRqika	1	vidyut:SaRqikAnAm~SaRqikA(noun,2)
SaSipraBa	1	vidyut:SaSipraBa~SaSipraBA(noun,3)
SaSvat	2	dcs:SaSvad~SaSvat(ADJ,1);dcs:SaSvataH~SaSvat(NOUN,1)
SaWa	3	dcs:SaWa~SaWa(NOUN,2);dcs:SaWaH~SaWa(NOUN,2);dcs:SaWo~SaWa(NOUN,1)
SabalA	3	dcs:SabalA~Sabala(ADJ,4);dcs:SabalAM~Sabala(ADJ,2);dcs:Sabale~Sabala(ADJ,2)
Sak	7	dcs:SaktAH~aSakta(ADJ,1);dcs:Sakta~Sakti(NOUN,1);dcs:SaktaH~Sakta(ADJ,4);dcs:SaktaM~aSakta(ADJ,1);dcs:Saktena~Sakta(ADJ,2)
SakaDUmaja	1	vidyut:SakaDUmaja~SakaDUmajA(noun,1)
Sakra	8	dcs:SakrA~Sakra(NOUN,5);dcs:SakrAH~Sakra(ADJ,2);dcs:SakrAya~Sakra(ADJ,1);dcs:Sakra~Sakra(ADJ,5);dcs:SakraH~Sakra(ADJ,4)
Saktitas	2	dcs:SaktitaH~Sakti(NOUN,29);dcs:Saktitas~Sakti(NOUN,1)
SakvarI	1	dcs:SakvarI~Sakvan(ADJ,7)
Sakya	9	dcs:SakyA~Sak(VERB,28);dcs:SakyAH~Sak(VERB,4);dcs:Sakya~Sak(VERB,6);dcs:SakyaH~Sak(VERB,18);dcs:SakyaM~Sak(VERB,31)
Salyakartf	1	vidyut:Salyakartf~Salyakarttf(noun,3)
Sam	12	dcs:SAmyatA~SAmyatA(NOUN,1);dcs:SAmyati~SAmyati(NOUN,1);dcs:SAntA~SAntA(NOUN,25);dcs:SAntAm~SAntA(NOUN,1);dcs:SAnta~SAnta(NOUN,3)
SamBU	2	dcs:SaMBuvam~SamBu(ADJ,1);dcs:SamBuvaH~SamBu(ADJ,3)
SamBu	4	dcs:SamBu~SamBu(ADJ,2);dcs:SamBuH~SamBu(ADJ,4);dcs:SamBunA~SamBu(ADJ,1);dcs:SamBuvam~SamBU(ADJ,2)
Sama	2	dcs:SamaM~Sama(ADJ,1);dcs:Samasya~Sama(ADJ,1)
Samana	1	dcs:Samana~Samana(ADJ,11)
Sami	1	dcs:Sami~SamI(NOUN,3)
Sap	1	dcs:Sape~Sapa(NOUN,1)
SarDa	1	dcs:SarDAya~SarDa(ADJ,1)
SarDi	1	vidyut:SarDayata~SfD(verb,1)
SarIra	1	dcs:SarIreRa~aSarIra(ADJ,1)
SarIrabanDa	1	vidyut:SarIrabanDena~SarIrabanDena(ind,1)
SarIrin	2	dcs:SarIriRaH~SarIrin(ADJ,9);dcs:SarIriRam~SarIrin(ADJ,5)
SaraRa	3	dcs:SaraRA~SaraRa(NOUN,3);dcs:SaraRaM~SaraRa(ADJ,3);dcs:SaraRam~SaraRa(ADJ,1)
SaraRi	1	vidyut:SaraRi~SF(noun,2)
SaraRya	4	dcs:SaraRyaH~SaraRA(NOUN,1);dcs:SaraRyaM~SaraRya(NOUN,4);dcs:SaraRyam~SaraRya(NOUN,3);vidyut:SaraRyAnAm~SaraRyA(noun,2)
Sarad	1	dcs:Sarad~Sarad(ADV,2)
SaradaRqA	2	vidyut:SaradaRqA~SaradaRqa(noun,1);vidyut:SaradaRqAm~SaradaRqa(noun,1)
Saradvant	1	dcs:SaradvAn~Saradvat(ADJ,1)
Saras	1	dcs:Saras~Sara(NOUN,1)
SaravyA	1	dcs:SaravyAH~Saravya(ADJ,1)
Saravya	1	vidyut:Saravya~SaravyA(noun,3)
Sarin	1	dcs:SarI~SarI(NOUN,1)
SarkarikA	1	vidyut:SarkarikA~Sarkarika(noun,1)
Sarman	1	dcs:Sarma~tad(PRON,1)
Sarv	1	vidyut:Sar~Sarvi(noun,7)
SarvarI	1	vidyut:Sarvari~Sarvarin(noun,3)
Sarya	1	vidyut:Sarya~SaryA(noun,3)
SatAyus	1	vidyut:SatAyus~SatAyu(noun,2)
SataGnI	3	dcs:SataGnI~SataGnin(ADJ,3);vidyut:SataGni~SataGni(noun,3);vidyut:SataGni~SataGnin(noun,3)
SataSArada	1	vidyut:SataSAradAya~SataSAradAya(ind,1)
SataSIrza	2	vidyut:SataSIrza~SataSIrzA(noun,3);vidyut:SataSIrza~SataSIrzan(noun,3)
SataSalAkA	1	vidyut:SataSalAka~SataSalAka(noun,2)
Satada	2	vidyut:SatadAya~SatadAya(noun,2);vidyut:SatadAya~SatadA(noun,1)
SatahradA	1	vidyut:Satahrada~Satahrada(noun,2)
SataparvA	1	dcs:SataparvA~Sataparvan(NOUN,3)
SatavIrya	1	vidyut:SatavIrya~SatavIryA(noun,3)
Satin	1	dcs:SatI~SatI(NOUN,5)
SatruMjayA	2	vidyut:SatruYjayA~SatruMjaya(noun,1);vidyut:SatruYjaya~SatruMjaya(noun,2)
Satruhan	1	vidyut:Satruha~Satruha(noun,2)
Sava	1	dcs:Savas~Savas(NOUN,1)
Savas	1	dcs:Savo~Sava(NOUN,4)
Saya	2	dcs:SayA~SI(VERB,1);dcs:Saya~SI(VERB,4)
Sayu	1	dcs:SayuH~Sayu(NOUN,1)
Sepa	2	dcs:Sepa~Sap(VERB,1);dcs:Sepas~Sepas(NOUN,1)
Sev	1	vidyut:Sevya~Sevi(noun,2)
Seza	13	dcs:SezA~Seza(NOUN,16);dcs:SezAH~Seza(NOUN,44);dcs:SezARi~Seza(NOUN,11);dcs:SezAn~Seza(ADJ,23);dcs:Seza~Seza(ADJ,36)
SfNgAra	1	dcs:SfNgAraM~SfNgAra(ADJ,1)
SfNgI	1	dcs:SfNgI~SfNgin(NOUN,37)
SfNga	1	dcs:SfNgA~SfNga(ADJ,1)
SfNgin	1	dcs:SfNgiRam~SfNgin(ADJ,4)
SiKaRqin	5	dcs:SiKaRqinA~SiKaRqin(ADJ,1);dcs:SiKaRqinaH~SiKaRqin(ADJ,4);dcs:SiKaRqinam~SiKaRqin(ADJ,1);dcs:SiKaRqine~SiKaRqin(ADJ,1);dcs:SiKaRqini~SiKaRqin(ADJ,1)
SiKaRqinI	2	dcs:SiKaRqinI~SiKaRqin(ADJ,2);dcs:SiKaRqinIm~SiKaRqin(ADJ,2)
SiKariRI	1	dcs:SiKariRI~SiKarin(ADJ,1)
SiKarin	3	dcs:SiKari~SiKarin(ADJ,1);dcs:SiKariRaH~SiKarin(NOUN,1);vidyut:SiKariRi~SiKariRI(noun,5)
SiKin	1	dcs:SiKI~SiKin(ADJ,17)
SiSira	6	dcs:SiSira~SiSira(ADJ,42);dcs:SiSiraH~SiSira(NOUN,19);dcs:SiSiram~SiSira(ADJ,5);dcs:SiSire~SiSira(ADJ,4);dcs:SiSireRa~SiSira(NOUN,2)
SiSu	5	dcs:SiSUn~SiSu(ADJ,1);dcs:SiSavaH~SiSu(ADJ,1);dcs:SiSu~SiSu(ADJ,1);dcs:SiSuH~SiSu(ADJ,5);dcs:SiSur~SiSu(ADJ,2)
Sikvas	1	vidyut:Sikvas~Sikva(noun,1)
Sikz	1	dcs:Sikza~Sikza(NOUN,1)
SikzA	2	dcs:SikzA~Sikz(VERB,18);dcs:SikzAH~Sikz(VERB,1)
Sikzay	1	dcs:Sikzito~Sikzita(ADJ,1)
Sikzi	4	vidyut:Sikzitavat~Sikz(noun,3);vidyut:Sikzitavat~Sikza(noun,3);vidyut:Sikzitavat~SiSakizi(noun,3);vidyut:Sikzitavat~SiSakiza(noun,3)
SilAvahA	1	vidyut:SilAvahA~SilAvaha(noun,1)
Sipivizwa	1	dcs:Sipivizwa~Sipivizwa(NOUN,1)
Sipra	1	vidyut:SiprAByAm~SiprA(noun,6)
Siras	1	dcs:Siras~Siras(ADV,1)
SiroDarA	1	vidyut:SiroDara~SiroDara(noun,2)
Siva	16	dcs:SivA~SivA(NOUN,126);dcs:SivABiH~SivA(NOUN,4);dcs:SivABir~SivA(NOUN,1);dcs:SivAH~SivA(NOUN,21);dcs:SivAm~SivA(NOUN,12)
Siz	7	dcs:SizwAni~SAs(VERB,3);dcs:Sizwam~Sizwa(NOUN,4);dcs:Sizwena~SAs(VERB,2);vidyut:Sezin~Sezi(noun,6);vidyut:Sizwavat~SAs(noun,3)
Sizya	3	dcs:SizyAt~SAs(VERB,1);dcs:Sizya~SAs(VERB,1);dcs:Sizyam~SAs(VERB,1)
SlAG	1	vidyut:SlAGyAnAm~SlAGi(noun,3)
SlakzRA	1	vidyut:SlakzRAyAm~SlakzRa(noun,2)
SlakzRa	3	dcs:SlakzRA~SlakzRA(NOUN,1);dcs:SlakzRa~SlakzRa(NOUN,1);dcs:SlakzRaM~SlakzRa(NOUN,1)
SlezmAtakin	1	dcs:SlezmAtakI~SlezmAtakI(NOUN,1)
Sliz	2	dcs:Slizwa~Slizwa(NOUN,2);dcs:SlizwaM~Slizwa(NOUN,1)
SloR	1	vidyut:aSloRas~aSloRa(noun,1)
Slok	1	vidyut:Slok~Sloki(noun,7)
Sloka	1	dcs:SlokaM~Sloka(ADJ,1)
SmaSrula	1	dcs:SmaSrulo~SmaSrula(NOUN,1)
SnaT	1	dcs:SnaTitA~SnaTitf(NOUN,1)
SoBA	4	dcs:SoBA~SoBa(ADJ,1);dcs:SoBAM~SoBa(ADJ,1);dcs:SoBAm~SoBa(ADJ,1);dcs:SoBayA~SoBa(ADJ,1)
SoBana	5	dcs:SoBanA~SoBanA(NOUN,4);dcs:SoBana~SoBana(NOUN,2);dcs:SoBanaM~SoBana(NOUN,4);dcs:SoBanam~SoBana(NOUN,12);dcs:SoBane~SoBanA(NOUN,2)
SoDana	2	dcs:SoDana~SoDana(ADJ,15);dcs:SoDanam~SoDana(ADJ,27)
SoDay	1	dcs:SoDyAH~SuD(VERB,3)
SoRa	4	dcs:SoRA~SoRA(NOUN,3);dcs:SoRa~SoRa(NOUN,13);dcs:SoRaH~SoRa(NOUN,9);dcs:SoRo~SoRa(ADJ,2)
SoRita	2	dcs:SoRita~SoRita(ADJ,2);dcs:SoRitam~SoRita(ADJ,4)
SoSuBya	2	vidyut:SoSuByamAna~SoSuB(noun,6);vidyut:SoSuByamAna~SoSumB(noun,4)
Soci	1	vidyut:Soci~Suc(noun,6)
SozaRa	3	dcs:SozaRa~SozaRa(ADJ,4);dcs:SozaRaM~SozaRa(ADJ,5);dcs:SozaRam~SozaRa(ADJ,3)
SrA	2	vidyut:SrAta~SrAta(noun,2);vidyut:aSrAta~aSrAta(noun,2)
SrAdDa	2	dcs:SrAdDaH~SrAdDa(NOUN,2);dcs:SrAdDe~SrAdDa(ADJ,1)
SrAvaRA	1	dcs:SrAvaRI~SrAvaRI(NOUN,7)
SrAvaRa	1	dcs:SrAvaRa~SrAvaRa(ADJ,2)
SrAvay	1	dcs:SrAvyam~Sru(VERB,1)
SrI	6	dcs:Sfta~Sfta(ADJ,1);dcs:SftaH~Sfta(NOUN,3);dcs:SftaM~Sfta(NOUN,4);dcs:Sftam~Sfta(NOUN,5);dcs:SrAyanta~SrAyat(ADJ,2)
SrIkAmA	1	vidyut:SrIkAma~SrIkAma(noun,2)
SrImat	2	dcs:SrImAn~SrImant(NOUN,5);dcs:SrImat~SrImant(NOUN,1)
SrImatI	3	dcs:SrImatI~SrImat(ADJ,6);vidyut:SrImatyA~SrImat(noun,2);vidyut:SrImatyA~SrImati(noun,1)
SraTi	1	vidyut:SraTaya~SrATi(verb,1)
SradDA	1	dcs:SradDe~SradDA(VERB,2)
Sram	4	dcs:SrAmyan~Sram(VERB,4);dcs:SrAntam~SrAnta(NOUN,2);dcs:SrAntasya~SrAnta(NOUN,1);dcs:SrAnto~SrAnta(NOUN,3)
SramaRa	1	dcs:SramaRA~SramaRA(NOUN,6)
SrapitA	2	vidyut:Srapita~Srapita(noun,2);vidyut:Srapita~SrApi(noun,2)
Sravas	1	dcs:Srava~Srava(NOUN,8)
SravasyA	1	dcs:SravasyA~Sravasya(NOUN,5)
SreRI	1	dcs:SreRI~SreRi(NOUN,7)
Sreyas	14	dcs:SreyAMsaH~SreyAMsa(NOUN,1);dcs:SreyAMsaM~SreyAMsa(NOUN,2);dcs:SreyAMsam~SreyAMsa(NOUN,1);dcs:SreyAMsi~Sreyas(ADJ,1);dcs:SreyAn~Sri(VERB,2)
SreyasI	1	dcs:SreyasI~Sreyas(ADJ,22)
SrezWa	3	dcs:SrezWA~SrezWA(NOUN,22);dcs:SrezWam~SrezWa(NOUN,1);dcs:SrezWayA~SrezWA(NOUN,1)
SrezWin	1	dcs:SrezWI~SrezWin(ADJ,4)
Sri	2	dcs:SritaH~Srit(ADJ,3);vidyut:SiSriyARa~SrI(noun,2)
SroRa	4	dcs:SroRA~SroRa(NOUN,2);dcs:SroRa~SroRa(ADJ,1);dcs:SroRaM~SroRa(NOUN,4);dcs:SroRo~SroRa(NOUN,1)
Srotf	2	dcs:SrotA~Sru(VERB,10);dcs:SrotAraH~Sru(VERB,2)
Srotra	1	dcs:Srotre~Srotf(ADJ,1)
Srotriya	3	dcs:Srotriya~Srotriya(ADJ,1);dcs:Srotriyasya~Srotriya(ADJ,2);dcs:Srotriyo~aSrotriya(ADJ,1)
Srotu	1	dcs:Srotu~Sru(VERB,2)
Sru	17	dcs:SfRoti~SfRoti(NOUN,1);dcs:SfRu~SfRu(NOUN,1);dcs:SrAvya~SrAvay(VERB,2);dcs:Sru~aSru(NOUN,2);dcs:SrutA~Srut(ADJ,5)
SrutArTa	1	vidyut:SrutArTa~SrutArTA(noun,3)
SrutAyu	1	dcs:SrutAyuH~SrutAyus(NOUN,7)
SrutAyus	1	vidyut:SrutAyus~SrutAyu(noun,2)
Sruta	4	dcs:SrutAya~Sru(VERB,6);dcs:Sruta~Sru(VERB,127);dcs:Srutasya~Sru(VERB,10);dcs:Srutena~Sru(VERB,6)
Srutavat	1	dcs:SrutavAY~Sru(VERB,1)
Sruti	2	dcs:Sruti~Srutin(ADJ,2);dcs:SrutyA~Srutya(ADJ,1)
SuB	1	vidyut:SoBin~SoBi(noun,6)
SuBAcArA	2	vidyut:SuBAcArAm~SuBAcAra(noun,1);vidyut:SuBAcAra~SuBAcAra(noun,2)
SuBa	7	dcs:SuBA~SuBA(NOUN,17);dcs:SuBAni~SuBa(NOUN,3);dcs:SuBa~SuBa(NOUN,49);dcs:SuBaH~SuB(NOUN,7);dcs:SuBaM~SuBa(NOUN,11)
SuBra	2	dcs:SuBrA~SuBrA(NOUN,5);dcs:SuBra~SuBra(NOUN,2)
SuD	9	dcs:SudDA~SudDa(ADJ,13);dcs:SudDAH~SudDa(ADJ,7);dcs:SudDAn~SudDa(ADJ,7);dcs:SudDa~SudDa(ADJ,272);dcs:SudDaH~SudDa(ADJ,16)
SuSrUza	1	vidyut:SuSrUzam~SuSrUzi(noun,8)
SuSrUzi	1	vidyut:SuSrUzita~SuSrUza(noun,2)
SuSrUzitf	1	dcs:SuSrUzitA~SuSrUz(VERB,1)
Suc	6	dcs:SocyA~Socay(VERB,6);dcs:Socya~Socay(VERB,2);dcs:Suca~Suca(NOUN,1);dcs:SucaH~Suc(NOUN,17);vidyut:Socakas~Soci(noun,4)
Suci	11	dcs:SucI~Suci(NOUN,2);dcs:SucInAm~Suci(NOUN,1);dcs:Sucayas~Suci(NOUN,1);dcs:Sucaye~Suci(NOUN,8);dcs:Suce~Suc(NOUN,2)
SucitA	1	vidyut:SucitAm~Suc(noun,1)
SudDAntA	1	vidyut:SudDAnta~SudDAnta(noun,2)
SudDa	1	dcs:SudDAm~SuD(VERB,5)
Sukla	8	dcs:SuklAH~SuklA(NOUN,1);dcs:SuklAm~SuklA(NOUN,1);dcs:Sukla~Sukla(NOUN,136);dcs:SuklaH~Sukla(NOUN,13);dcs:SuklaM~Sukla(NOUN,9)
Sukra	11	dcs:SukrA~Sukra(NOUN,3);dcs:SukrAH~Sukra(NOUN,4);dcs:SukrAya~Sukra(ADJ,7);dcs:Sukra~Sukra(ADJ,85);dcs:SukraH~Sukra(ADJ,31)
SukraSocis	1	vidyut:SukraSocis~SukraSoci(noun,2)
Sukta	1	dcs:Sukta~Sukta(ADJ,2)
SuktimatI	1	vidyut:SuktimatI~Suktimat(noun,4)
SumBa	1	dcs:SumBa~SuB(VERB,1)
Sun	1	vidyut:Sona~Soni(noun,4)
SunD	2	vidyut:SuDyantAm~SuD(verb,1);vidyut:SunDya~SunDi(noun,4)
SunDyU	1	vidyut:SunDyu~SunDyu(noun,9)
Suna	1	dcs:Suna~Svan(NOUN,2)
Suzka	1	dcs:SuzkA~SuzkA(NOUN,2)
Suzma	5	dcs:SuzmAH~Suzma(ADJ,1);dcs:SuzmAya~Suzma(ADJ,1);dcs:Suzma~Suzma(NOUN,3);dcs:SuzmaM~Suzma(ADJ,1);dcs:Suzmo~Suzma(ADJ,1)
Suzmin	2	dcs:SuzmiRaH~Suzmin(NOUN,1);vidyut:Suzmi~Suzmi(noun,3)
SvAtra	2	dcs:SvAtra~SvAtra(NOUN,1);dcs:SvAtram~SvAtra(NOUN,1)
Svan	1	dcs:Sva~Svas(ADV,19)
Svas	3	dcs:SvaH~aSva(NOUN,35);dcs:Svas~aSva(NOUN,6);dcs:Svo~aSva(NOUN,24)
Svasana	1	dcs:SvasanaM~Svasana(ADJ,1)
Svasita	1	dcs:Svasita~Svas(VERB,3)
Svavat	1	vidyut:Svavat~Svavat(ind,1)
Svavftti	1	vidyut:Svavftti~Svavfttin(noun,3)
SvetASva	1	vidyut:SvetASva~SvetASvA(noun,3)
Sveta	9	dcs:SvetA~SvetA(NOUN,57);dcs:SvetAm~SvetA(NOUN,1);dcs:SvetAn~Sveta(NOUN,1);dcs:Sveta~Sveta(NOUN,24);dcs:SvetaH~Sveta(NOUN,30)
SvetavarRA	1	vidyut:SvetavarRa~SvetavarRa(noun,2)
Svetya	1	dcs:SvetyA~SvetyA(NOUN,1)
Svitra	1	dcs:Svitra~Svitra(ADJ,1)
SyAmA	1	dcs:SyAmA~SyAma(ADJ,65)
SyAma	8	dcs:SyAmAM~SyAmA(NOUN,2);dcs:SyAmAm~SyAmA(NOUN,1);dcs:SyAma~SyAma(NOUN,8);dcs:SyAmaH~SyAma(NOUN,8);dcs:SyAmaM~SyAma(NOUN,1)
SyAmala	1	dcs:SyAmala~SyAmala(NOUN,4)
SyAva	2	dcs:SyAva~SyAva(NOUN,6);dcs:SyAvam~SyAva(NOUN,2)
SyenA	1	vidyut:SyenAm~Syena(noun,2)
SyenI	1	dcs:SyenI~Syeta(ADJ,4)
Syena	1	dcs:SyenA~Syena(ADJ,1)
Uh	1	dcs:Uhe~vah(VERB,3)
Uha	1	dcs:Uha~Uh(VERB,7)
UrDva	1	dcs:UrDvaH~UrDva(NOUN,4)
UrDvabAhu	2	dcs:UrDvabAhu~UrDvabAhu(NOUN,1);dcs:UrDvabAhuH~UrDvabAhu(NOUN,8)
UrDvam	2	dcs:UrDvaM~UrDva(ADJ,89);dcs:UrDvam~UrDva(ADJ,114)
UrDvaretas	2	dcs:UrDvaretA~UrDvaretas(NOUN,5);vidyut:UrDvaretas~UrDvareta(noun,2)
UrRamrada	1	dcs:UrRamradA~UrRamradas(ADJ,3)
Urj	2	dcs:Urja~Urja(NOUN,9);dcs:Urjas~Urja(NOUN,1)
UrjA	1	dcs:UrjAm~Urj(NOUN,6)
Urjay	2	dcs:UrjitaM~Urjita(ADJ,1);dcs:Urjitam~Urjita(ADJ,8)
UrmyA	1	vidyut:UrmyAsu~Urmya(noun,1)
Uza	1	dcs:Uza~vas(VERB,1)
Uzara	2	dcs:Uzara~Uzara(ADJ,1);dcs:Uzare~Uzara(ADJ,3)
a	4	vidyut:ayos~A(noun,6);vidyut:ayos~e(noun,4);vidyut:ayos~eman(noun,2);vidyut:ayos~oman(noun,2)
aBAvayat	2	vidyut:aBAvayat~BAvi(verb,5);vidyut:aBAvayat~BU(verb,1)
aBIkzRam	2	dcs:aBIkzRaM~aBIkzRa(ADJ,14);dcs:aBIkzRam~aBIkzRa(ADJ,16)
aBIta	1	dcs:aBIta~aBI(VERB,1)
aBIvarta	2	dcs:aBIvartaH~aBIvarta(ADJ,2);dcs:aBIvartena~aBIvarta(NOUN,4)
aBIz	1	dcs:aBIzwa~aBIzwa(NOUN,6)
aBUta	3	dcs:aBUta~BU(VERB,6);dcs:aBUtaM~BU(VERB,1);dcs:aBUtam~BU(VERB,1)
aBadra	1	dcs:aBadram~aBadra(NOUN,1)
aBakta	2	dcs:aBakta~Baj(VERB,3);dcs:aBaktam~aBakta(ADJ,1)
aBayA	3	dcs:aBayA~aBaya(ADJ,3);dcs:aBayAM~aBaya(ADJ,1);dcs:aBayAnAm~aBaya(ADJ,2)
aBaya	5	dcs:aBayAni~aBaya(ADJ,2);dcs:aBaya~aBaya(ADJ,1);dcs:aBayaM~aBaya(ADJ,15);dcs:aBayam~aBaya(ADJ,24);dcs:aBaye~aBaya(ADJ,8)
aBeda	1	dcs:aBedam~aBeda(ADJ,5)
aBedya	1	dcs:aBedyam~aBedya(NOUN,3)
aBi	2	dcs:Bi~B(NOUN,1);dcs:aBi~aBi(NOUN,9)
aBiBA	1	vidyut:aBiBAta~aBiBA(verb,1)
aBiBAvi	8	vidyut:aBiBAva~aBiBA(noun,6);vidyut:aBiBAva~aByas(noun,2);vidyut:aBiBAva~aBiBA(verb,1);vidyut:aBiBAvya~aByas(noun,2);vidyut:aBiBAvya~aBiBU(noun,2)
aBiBU	2	dcs:aBiBUta~aBiBUti(ADJ,3);vidyut:aBiBu~aBiBu(noun,3)
aBiBUti	3	dcs:aBiBUti~aBiBUti(NOUN,6);dcs:aBiBUtiH~aBiBUti(ADJ,2);dcs:aBiBUtim~aBiBUti(NOUN,1)
aBiBava	2	dcs:aBiBava~aBiBava(ADJ,1);dcs:aBiBavaH~aBiBava(ADJ,1)
aBiBu	2	vidyut:aBiBU~aByas(noun,3);vidyut:aBiBU~aBiBU(noun,3)
aBiDA	3	dcs:aBiDeyam~aBiDeya(NOUN,2);vidyut:aBiDAni~aBiDAnI(noun,5);vidyut:aBiDattam~aBidADA(verb,1)
aBiDAv	1	vidyut:aBiDAvam~aBiDAvi(noun,12)
aBiDeya	1	dcs:aBiDeya~aBiDA(VERB,5)
aBiIpsa	1	vidyut:aBIpsu~aBiIpsi(noun,3)
aBiSaMs	1	dcs:aBiSastA~aBiSastf(ADJ,1)
aBiSas	1	vidyut:aBiSas~aBiSaMs(noun,3)
aBicakz	1	vidyut:aBicakzyA~aBicakzi(noun,1)
aBicar	1	vidyut:aBicArin~aBicAri(noun,2)
aBigF	1	vidyut:aBigfRanti~aBigF(verb,1)
aBigam	1	dcs:aBigantA~aBigantf(NOUN,2)
aBihan	1	vidyut:aBihatas~aBihan(verb,1)
aBihrut	1	vidyut:aBihruti~aBihruti(noun,3)
aBii	1	vidyut:aBItavat~aBItavat(ind,1)
aBijYA	1	dcs:aBijYA~aBijYa(ADJ,5)
aBijan	2	dcs:aBijAta~aBijAta(ADJ,1);dcs:aBijAtaH~aBijAta(ADJ,2)
aBijit	1	dcs:aBijit~aBijit(ADJ,2)
aBikANkz	3	vidyut:aBikANkzaRa~aBikANkzi(noun,2);vidyut:aBikANkzin~aBikANkzi(noun,2);vidyut:aBikANkzita~aBikANkzi(noun,2)
aBikAma	1	dcs:aBikAmasya~aBikAma(NOUN,1)
aBilaz	1	dcs:aBilazitam~aBilazita(NOUN,3)
aBilazita	1	dcs:aBilazitaM~aBilaz(VERB,1)
aBimAnin	1	dcs:aBimAnI~aBimAnin(NOUN,3)
aBimAti	2	dcs:aBimAti~aBimAti(ADJ,1);dcs:aBimAtim~aBimAti(ADJ,4)
aBiman	2	dcs:aBimatam~aBimata(NOUN,4);dcs:aBimate~aBimata(NOUN,1)
aBimardana	1	dcs:aBimardanam~aBimardana(NOUN,1)
aBinAdi	1	vidyut:aBinAditA~aBinAdi(noun,1)
aBinI	1	vidyut:aBinIyamAna~aBinii(noun,2)
aBinad	1	vidyut:aBinAdin~aBinAdi(noun,2)
aBinand	1	vidyut:aBinandin~aBinandi(noun,2)
aBinandA	1	dcs:aBinandA~aBinanda(NOUN,1)
aBiniviS	1	vidyut:aBiniveSin~aBiniveSi(noun,2)
aBinizpat	1	vidyut:aBinizpad~aBinizpad(noun,7)
aBinyubji	2	vidyut:aBinyubja~aBinyubj(noun,4);vidyut:aBinyubja~aBinyubj(verb,1)
aBipA	1	dcs:aBipAti~aBipAtin(ADJ,1)
aBipad	2	vidyut:aBipad~aBipat(noun,7);vidyut:aBipat~aBipat(noun,7)
aBipat	1	vidyut:aBipAtin~aBipAti(noun,2)
aBipraan	2	vidyut:aBiprARita~aBipraan(verb,2);vidyut:aBiprARita~aBipraARi(noun,2)
aBipramfz	1	vidyut:aBipramarzaRa~aBipramarzi(noun,4)
aBiprayA	2	vidyut:aBiprayAtA~aBiprayA(verb,2);vidyut:aBiprayAta~aBiprayA(verb,1)
aBipre	2	dcs:aBipreta~aBipreta(ADJ,1);dcs:aBipretaH~aBipreta(ADJ,1)
aBirAD	1	vidyut:aBirADana~aBirADi(noun,2)
aBirakz	2	dcs:aBirakzitA~aBirakzitf(ADJ,1);vidyut:aBirakzi~aBirakzi(noun,9)
aBiruc	1	dcs:aBirucita~aBirucita(ADJ,1)
aBisaMBU	1	vidyut:aBisamBavanti~aBisaMBU(verb,1)
aBisaMDA	2	dcs:aBisaMDAya~aBisaMDA(NOUN,1);vidyut:aBisanDAya~aBisaMDA(ind,1)
aBisaMbanD	4	vidyut:aBisaMbanDAt~aBisaMbanDi(noun,8);vidyut:aBisaMbanDa~aBisaMbanDi(noun,8);vidyut:aBisaMbanDya~aBisaMbanDi(noun,2);vidyut:aBisaMbanDya~aBisaMbanDi(ind,1)
aBisaMcar	1	vidyut:aBisaMcaranti~aBisaMcar(verb,1)
aBisaMgAmi	2	vidyut:aBisaNgamya~aBisaMgam(noun,2);vidyut:aBisaNgamya~aBisaMgam(ind,1)
aBisaMpat	2	vidyut:aBisaMpad~aBisaMpad(noun,7);vidyut:aBisampatanti~aBisaMpat(verb,1)
aBisac	1	vidyut:aBisacatAm~aBisac(verb,2)
aBisf	3	vidyut:aBiDAvAmi~aBiDAv(verb,1);vidyut:aBiDAvantam~aBiDAv(noun,1);vidyut:aBiDAvat~aBiDAv(noun,3)
aBitarj	1	vidyut:aBitarjita~aBitarji(noun,2)
aBivAdi	10	vidyut:aBivAd~aBivA(noun,9);vidyut:aBivAd~aBivad(noun,7);vidyut:aBivAdanIya~aBivad(noun,2);vidyut:aBivAdayAmAsa~aBivad(verb,3);vidyut:aBivAdayamAna~aBivad(noun,4)
aBivAvaSya	1	vidyut:aBivAvaSe~aBivAvaS(noun,39)
aBivad	3	dcs:aByudyate~aByudyam(VERB,1);vidyut:aBivAdyas~aBivAdi(noun,2);vidyut:aBivadate~aBivad(verb,2)
aBivarDi	1	vidyut:aBivart~aBivarti(noun,7)
aBivarza	1	dcs:aBivarza~aBivfz(VERB,1)
aBivf	2	dcs:aBIvftA~aBIvfta(ADJ,1);vidyut:aBivfta~aBivft(noun,2)
aBivfz	2	vidyut:aBivarziRIm~aBivarzi(noun,1);vidyut:aBivfzya~aBivfz(ind,1)
aBiviIkz	1	vidyut:aBivIkzyamARa~aBiviIkzi(noun,2)
aBivirAj	2	dcs:aBivirAjitam~aBivirAjita(ADJ,1);vidyut:aBivirAjita~aBivirAji(noun,2)
aBivyAhf	1	vidyut:aBivyAharatAm~aBivyAhf(noun,2)
aBiyA	3	dcs:aBiyAtA~aBiyAtf(NOUN,1);vidyut:aBiyA~aBiyAvi(noun,6);vidyut:aBiyAta~aBiyA(verb,1)
aBiyAc	1	vidyut:aBiyAcati~aBiyAc(verb,2)
aBiyaj	1	vidyut:aBiyajati~aBiyaj(verb,1)
aBizecay	1	dcs:aBizecayitA~aBizecayitf(ADJ,1)
aBizic	1	vidyut:aBizekzyate~aBizic(verb,2)
aBizu	1	dcs:aBizUya~aBizU(VERB,1)
aBizwi	1	dcs:aBizwi~aBizwi(ADJ,1)
aBizyat	2	vidyut:aBizyad~aBizo(noun,3);vidyut:aBizyad~aBizyand(noun,3)
aBri	1	dcs:aBriyA~aBriya(ADJ,1)
aByAgam	3	dcs:aByAgata~aByAgata(NOUN,3);dcs:aByAgataH~aByAgata(NOUN,1);vidyut:aByAgAma~aBye(verb,1)
aByAhan	1	vidyut:aByAhatas~aByAhan(verb,1)
aByAsa	1	dcs:aByAsam~aByas(VERB,1)
aByAsi	2	vidyut:aByAsin~aByAs(noun,2);vidyut:aByAsin~aByas(noun,2)
aByAyam	1	vidyut:aByAyatI~aBye(noun,4)
aByantara	2	dcs:aByantara~aByantara(NOUN,13);dcs:aByantaram~aByantara(NOUN,19)
aByarc	1	vidyut:aByarcanIya~aByarci(noun,4)
aByarzi	2	vidyut:aByarzA~aByfz(noun,3);vidyut:aByarza~aByfz(noun,6)
aByas	1	vidyut:aBisanti~aByas(verb,1)
aByavahArya	1	dcs:aByavahArya~aByavahf(VERB,2)
aByavapat	2	vidyut:aByavapad~aByavapad(noun,7);vidyut:aByavapad~aBivap(verb,1)
aByuccar	1	vidyut:aByuccaranti~aByuccar(verb,1)
aByujjIv	1	vidyut:aByujjIvati~aByujjIv(verb,1)
aByupagAmi	1	vidyut:aByupagamyam~aByupagam(noun,3)
aByupagam	1	vidyut:aByupagacCatAm~aByupagam(verb,1)
aDIti	1	dcs:DIty~DIti(NOUN,1)
aDa	2	dcs:Da~aDas(ADV,3);dcs:aDA~DA(VERB,1)
aDaHSayyA	1	dcs:aDaHSayyA~aDaHSayya(ADJ,2)
aDaHSirA	1	dcs:aDaHSirA~aDaHSiras(ADJ,2)
aDaHSiras	1	dcs:aDaHSirAH~aDaHSiras(NOUN,2)
aDama	2	dcs:aDamaH~Dam(VERB,2);dcs:aDamo~Dam(VERB,2)
aDarAt	2	dcs:aDarAd~aDara(ADJ,2);dcs:aDarAt~aDara(ADJ,1)
aDara	9	dcs:aDarA~aDara(NOUN,7);dcs:aDarAH~aDara(ADJ,5);dcs:aDarAm~aDara(ADJ,2);dcs:aDarAn~aDara(NOUN,2);dcs:aDara~aDara(ADJ,67)
aDarma	1	dcs:aDarmataH~aDarmatas(ADV,1)
aDaspada	1	dcs:aDaspadam~aDaspada(NOUN,1)
aDi	3	dcs:Di~D(NOUN,1);dcs:aDI~aDI(NOUN,1);dcs:aDi~aDi(NOUN,6)
aDiDA	1	vidyut:aDiDatTa~aDidADA(verb,1)
aDicaMkramya	1	vidyut:aDicaNkramA~aDicaMkram(noun,8)
aDigam	2	dcs:aDigataM~aDigata(NOUN,1);dcs:aDigatam~aDigata(NOUN,1)
aDii	1	vidyut:aDyezyamARa~aDyezi(noun,2)
aDijan	1	vidyut:aDijajYe~aDijYA(verb,2)
aDika	2	dcs:aDikaM~aDika(NOUN,1);dcs:aDikam~aDika(NOUN,1)
aDirAj	1	dcs:aDirAjam~aDirAja(NOUN,1)
aDirUQA	2	vidyut:aDirUQe~aDirUQi(noun,2);vidyut:aDirUQe~aDiruh(noun,13)
aDiruh	1	dcs:aDiroha~aDiroha(NOUN,1)
aDiskand	2	vidyut:aDiskanda~aDiskandi(noun,8);vidyut:aDiskanda~aDiskand(verb,1)
aDivAsay	1	dcs:aDivAsita~aDivAsita(ADJ,1)
aDivid	1	dcs:aDivinnA~aDivinnA(NOUN,1)
aDizWA	2	dcs:DizWitaM~aDizWA(VERB,1);dcs:aDyasTAt~aDyasTa(NOUN,1)
aDizWAtf	2	dcs:aDizWAtA~aDizWAtf(NOUN,6);dcs:aDizWAtf~aDizWAtf(NOUN,10)
aDogati	1	dcs:aDogatim~aDogati(ADJ,2)
aDrigu	2	dcs:aDrigo~aDrigu(ADJ,3);dcs:aDriguM~aDrigu(ADJ,1)
aDvagA	1	vidyut:aDvagA~aDvaga(noun,2)
aDvan	1	dcs:Dvani~Dvani(NOUN,50)
aDvara	2	dcs:aDvaraM~aDvara(ADJ,1);dcs:aDvaram~aDvara(ADJ,1)
aDvaryu	1	vidyut:aDvaryos~aDvan(noun,2)
aDyAtma	3	dcs:aDyAtma~aDyAtma(ADJ,5);dcs:aDyAtmaM~aDyAtma(ADJ,6);dcs:aDyAtmam~aDyAtma(ADJ,46)
aDyAya	2	dcs:aDyAyaH~DyA(VERB,1);dcs:aDyAyaM~DyA(VERB,1)
aDyUh	1	dcs:aDyUQa~aDyUQa(NOUN,1)
aDyakza	1	dcs:aDyakzam~aDyakza(ADJ,3)
aDyas	1	vidyut:aDyasyate~aDyas(verb,2)
aDyavasAya	1	dcs:aDyavasAya~aDyavaso(VERB,10)
aDyavaso	1	dcs:aDyavasyati~Bagavat(ADJ,1)
aGa	7	dcs:aGA~aGa(NOUN,2);dcs:aGAya~aGa(NOUN,2);dcs:aGa~aGa(ADJ,50);dcs:aGaM~aGa(ADJ,4);dcs:aGam~aGa(ADJ,4)
aGora	3	dcs:aGorA~aGorA(NOUN,4);dcs:aGora~aGora(ADJ,20);dcs:aGoreRa~aGora(ADJ,5)
aKarva	1	vidyut:aKarvam~Karv(verb,1)
aKila	1	dcs:Kile~Kila(NOUN,4)
aKilena	1	dcs:aKilena~aKila(ADJ,5)
aMSumant	2	dcs:aMSumAn~aMSumat(ADJ,4);dcs:aMSumat~aMSumat(ADJ,1)
aMSumat	1	dcs:aMSumatyAH~aMSumatI(NOUN,1)
aMSumatI	2	dcs:aMSumatI~aMSumat(ADJ,1);dcs:aMSumatIm~aMSumat(ADJ,1)
aMhUraRa	1	dcs:aMhUraRA~aMhUraRa(NOUN,1)
aMhatI	3	vidyut:aMhati~aMhati(noun,3);vidyut:aMhati~aMh(verb,1);vidyut:aMhati~aMh(noun,2)
aNga	7	dcs:aNgA~aNga(NOUN,25);dcs:aNgAH~aNga(ADJ,21);dcs:aNgAnAm~aNga(ADJ,2);dcs:aNga~aNga(PART,166);dcs:aNgam~aNga(ADJ,3)
aNgi	3	vidyut:aNgin~aNg(noun,2);vidyut:aNgya~aYj(noun,4);vidyut:aNgya~aNg(noun,2)
aNgiras	1	dcs:aNgirasa~aNgirasa(NOUN,2)
aNgurI	1	vidyut:aNguri~aNguri(noun,3)
aPalA	1	vidyut:aPalAm~aPala(noun,2)
aRqaja	1	dcs:aRqaja~aRqaja(ADJ,2)
aRu	3	dcs:aRor~aRu(ADJ,5);dcs:aRu~aRu(NOUN,42);dcs:aRuH~aRu(ADJ,12)
aS	3	dcs:ASa~ASa(NOUN,2);vidyut:aSAt~SAs(verb,2);vidyut:aSAt~So(verb,1)
aSAsya	2	vidyut:aSAsyam~SE(verb,1);vidyut:aSAsyam~So(verb,1)
aSakti	1	dcs:aSaktiH~aSakti(ADJ,1)
aSanA	1	dcs:aSanA~aSana(NOUN,6)
aSani	1	dcs:aSanI~aSanin(ADJ,1)
aSanin	1	vidyut:aSaninAm~aSanI(noun,1)
aSarIra	1	dcs:aSarIra~aSarIra(NOUN,3)
aSeza	3	dcs:aSeza~aSeza(NOUN,54);dcs:aSezaH~aSeza(NOUN,1);dcs:aSezam~aSeza(NOUN,2)
aSezatA	2	vidyut:aSezata~Si(verb,2);vidyut:aSezata~Siz(verb,2)
aSezatas	1	dcs:aSezataH~aSeza(NOUN,5)
aSezeRa	1	dcs:aSezeRa~aSeza(NOUN,19)
aSiva	2	dcs:aSiva~aSiva(NOUN,1);dcs:aSivam~aSiva(NOUN,3)
aSlIla	1	dcs:aSlIla~aSlIla(NOUN,4)
aSna	1	dcs:aSnaH~aSan(NOUN,1)
aSoka	3	dcs:aSokAH~aSoka(ADJ,5);dcs:aSokAn~aSoka(ADJ,2);dcs:aSokaH~aSoka(ADJ,4)
aSrAta	1	vidyut:aSrAtam~SrA(verb,2)
aSraddaDat	1	dcs:aSraddaDat~SradDA(VERB,1)
aSrama	1	vidyut:aSrameRa~aSrameRa(ind,1)
aSreyas	1	dcs:aSreyas~aSreyas(NOUN,1)
aSruta	2	vidyut:aSrute~aSrutA(noun,14);vidyut:aSrute~aSruti(noun,2)
aSuBa	6	dcs:aSuBAni~aSuBa(NOUN,1);dcs:aSuBa~aSuBa(NOUN,14);dcs:aSuBaH~aSuBa(NOUN,1);dcs:aSuBaM~aSuBa(NOUN,5);dcs:aSuBam~aSuBa(NOUN,14)
aSvArohA	1	vidyut:aSvAroha~aSvAroha(noun,2)
aSvAroha	1	vidyut:aSvArohAn~aSvArohA(noun,1)
aSvadA	1	vidyut:aSvadA~aSvada(noun,1)
aSvada	1	vidyut:aSvada~aSvadA(noun,1)
aSvahfdayA	1	vidyut:aSvahfdaya~aSvahfdaya(noun,2)
aSvikA	1	vidyut:aSvika~aSvika(noun,2)
aSvin	1	dcs:aSvI~aSvin(NOUN,3)
aSvya	4	dcs:aSvyA~aSvya(NOUN,1);dcs:aSvyaH~aSvya(NOUN,1);dcs:aSvyam~aSvya(ADJ,5);dcs:aSvyasya~aSvya(ADJ,1)
aTa	2	dcs:Ta~Ta(NOUN,5);dcs:aTa~aTa(NOUN,1)
aTarvANgiras	1	vidyut:aTarvANgirasA~aTarvANgirasa(noun,3)
aTarvan	1	dcs:aTarvaRa~aTarvaRa(NOUN,2)
aYc	16	vidyut:aNkta~aYj(verb,1);vidyut:acA~ac(noun,4);vidyut:ag~ak(noun,7);vidyut:ag~ag(noun,7);vidyut:ag~ac(noun,7)
aYci	1	vidyut:aYcitAByAm~aYc(noun,27)
aYj	2	dcs:aktA~aktA(NOUN,1);dcs:anajmi~tad(PRON,1)
aYjalikA	1	vidyut:aYjalika~aYjalika(noun,2)
aYjas	1	dcs:aYjas~aYjas(ADV,4)
aYji	4	dcs:aYjayaH~aYji(ADJ,2);dcs:aYji~aYji(ADJ,1);dcs:aYjiBiH~aYji(ADJ,3);vidyut:aYjayantIm~aYj(noun,1)
abIja	1	dcs:abIja~abIja(NOUN,1)
abalA	1	dcs:abalA~abala(ADJ,11)
abala	6	dcs:abalAH~abalA(NOUN,8);dcs:abalAnAm~abalA(NOUN,1);dcs:abala~abala(NOUN,8);dcs:abalam~abala(ADJ,8);dcs:abale~abala(ADJ,6)
abja	2	dcs:abjA~abja(ADJ,1);dcs:abja~abja(ADJ,1)
abudDi	1	dcs:abudDi~abudDi(NOUN,9)
abudDipUrva	1	vidyut:abudDipUrvam~abudDipUrvam(ind,1)
ac	1	vidyut:acetam~cit(verb,1)
acCA	1	dcs:acCA~acCa(ADJ,4)
acCa	1	dcs:acCa~acCA(ADP,71)
acala	9	dcs:acalA~acala(NOUN,7);dcs:acalAH~acala(ADJ,1);dcs:acalAm~acala(NOUN,1);dcs:acalAn~acala(ADJ,6);dcs:acala~acala(ADJ,22)
acara	2	dcs:acara~car(VERB,1);dcs:acaram~car(VERB,1)
acetana	1	dcs:acetanA~acetanA(NOUN,2)
acetas	1	vidyut:acetas~cit(verb,1)
acintayat	1	dcs:acintayan~cintay(VERB,7)
acintya	3	dcs:acintyAya~acintya(NOUN,1);dcs:acintya~acintya(NOUN,1);dcs:acintyam~acintya(NOUN,1)
acirAt	2	dcs:acirAd~acira(ADJ,8);dcs:acirAt~acira(ADJ,27)
acireRa	1	dcs:acireRa~acira(ADJ,52)
acit	1	dcs:acit~acit(ADJ,1)
acitra	1	vidyut:acitre~ac(noun,2)
acyuta	6	dcs:acyutAH~acyuta(NOUN,2);dcs:acyuta~acyuta(ADJ,42);dcs:acyutaH~acyuta(ADJ,36);dcs:acyutaM~acyuta(NOUN,6);dcs:acyutam~acyuta(NOUN,61)
ad	7	dcs:Adad~AdA(VERB,2);dcs:adAma~dA(VERB,2);dcs:adyAt~adya(NOUN,2);dcs:adyam~adya(NOUN,3);dcs:atti~atti(NOUN,1)
adABya	4	dcs:adABya~adABya(NOUN,2);dcs:adAByaH~adABya(NOUN,3);dcs:adAByam~adABya(NOUN,1);dcs:adAByasya~adABya(NOUN,1)
adButa	4	dcs:adButAni~adButa(NOUN,17);dcs:adButa~adButa(NOUN,45);dcs:adButaM~adButa(NOUN,14);dcs:adButam~adButa(NOUN,168)
adButopamA	1	vidyut:adButopama~adButopama(noun,2)
adUra	3	dcs:adUrAt~adUra(NOUN,2);dcs:adUrataH~adUra(NOUN,4);dcs:adUre~adUra(ADJ,3)
adabDAsu	1	vidyut:adabDAsu~adabDa(noun,1)
adadat	1	dcs:adadad~dA(VERB,3)
adarSana	2	dcs:adarSana~adarSana(ADJ,2);dcs:adarSanam~adarSana(ADJ,1)
adarSayat	1	dcs:adarSayan~darSay(VERB,6)
adas	5	dcs:adaH~ad(ADJ,52);dcs:ado~ad(NOUN,2);dcs:amuyA~amuyA(ADV,9);dcs:asAv~asi(NOUN,1);dcs:mI~mI(NOUN,1)
adattA	1	vidyut:adattA~adatta(noun,2)
adeva	6	dcs:adevIH~dIv(VERB,1);dcs:adeva~adeva(ADJ,1);dcs:adevaH~adeva(NOUN,1);dcs:adevasya~adeva(NOUN,1);dcs:adevo~adeva(ADJ,1)
adfSyatA	1	dcs:adfSyatAm~dfS(VERB,1)
adfzwa	4	dcs:adfzwa~adfzwa(NOUN,28);dcs:adfzwam~adfzwa(NOUN,9);dcs:adfzwasya~adfzwa(NOUN,1);dcs:adfzwe~adfzwa(NOUN,3)
aditi	1	dcs:aditi~aditi(ADJ,2)
aditsat	2	vidyut:aditsat~ditsi(verb,4);vidyut:aditsat~ditsa(verb,3)
adoza	1	dcs:adoza~adoza(ADJ,5)
adruh	1	dcs:adruhaH~druh(VERB,1)
adveza	1	vidyut:advezas~advezas(ind,1)
adya	3	dcs:adyA~ad(VERB,1);dcs:adya~ad(VERB,1);dcs:dya~ad(VERB,2)
ag	1	vidyut:Agam~ag(verb,1)
agADa	1	dcs:agADe~agADa(NOUN,1)
agada	6	dcs:agada~agada(ADJ,1);dcs:agadaM~agada(ADJ,5);dcs:agadam~agada(ADJ,4);dcs:agadasya~agada(NOUN,1);dcs:agado~agada(NOUN,6)
agama	1	dcs:agama~agama(ADJ,1)
agamyA	1	dcs:agamyA~agamya(ADJ,6)
agastI	2	vidyut:agastyA~agasti(noun,1);vidyut:agastyA~agastya(noun,1)
agatAsu	1	vidyut:agatAsu~agata(noun,2)
agati	1	dcs:agati~agati(NOUN,1)
agniSAlA	2	vidyut:agniSAlA~agniSAla(noun,1);vidyut:agniSAla~agniSAla(noun,2)
agniSiKa	1	vidyut:agniSiKAm~agniSiKA(noun,2)
agnijA	1	vidyut:agnijA~agnija(noun,2)
agnija	1	dcs:agnijam~agnija(NOUN,1)
agnijihvA	1	vidyut:agnijihva~agnijihva(noun,2)
agnijvAlA	1	vidyut:agnijvAla~agnijvAla(noun,2)
agnitap	1	vidyut:agnitapas~agnitapas(noun,5)
agrU	1	vidyut:agru~agru(noun,3)
agra	5	dcs:agrA~agra(ADJ,4);dcs:agra~agra(ADJ,8);dcs:agraM~agra(ADJ,1);dcs:agram~agra(ADJ,4);dcs:agre~agre(ADV,174)
agratas	3	dcs:agrataH~agra(NOUN,7);dcs:agrato~agra(NOUN,1);dcs:grataH~agra(NOUN,1)
agreRa	1	dcs:agreRa~agra(NOUN,150)
agrega	1	vidyut:agrega~agregA(noun,1)
agriya	2	dcs:agriyaH~agriya(NOUN,1);dcs:agriyam~agriya(NOUN,2)
agru	1	dcs:agruvaH~agrU(NOUN,3)
agrya	2	dcs:agryA~agryA(NOUN,1);dcs:agryAm~agryA(NOUN,1)
agu	1	vidyut:agu~ago(noun,3)
aguru	1	dcs:aguru~aguru(ADJ,6)
ah	2	dcs:Aha~karman(NOUN,1);dcs:Ahus~Baga(NOUN,1)
ahApayat	1	dcs:ahApayan~hApay(VERB,2)
ahArya	1	dcs:ahArya~ahArya(NOUN,1)
ahI	1	dcs:ahyaM~hi(VERB,1)
aha	1	dcs:aha~aha(NOUN,99)
ahar	1	dcs:hann~han(VERB,6)
aharza	1	vidyut:aharzam~hfz(verb,1)
ahata	4	dcs:ahata~ahata(NOUN,1);dcs:ahataM~han(VERB,2);dcs:ahatam~han(VERB,1);vidyut:ahatAm~han(verb,1)
ahiMsra	1	vidyut:ahiMsra~ahiMsrA(noun,3)
ahima	2	vidyut:ahimAyAm~ahimAya(noun,1);vidyut:ahimAya~ahimAya(noun,2)
ahita	4	dcs:ahita~ahita(NOUN,2);dcs:ahitaM~ahita(NOUN,2);dcs:ahitam~ahita(NOUN,4);dcs:ahite~ahita(NOUN,5)
aho	1	dcs:aho~ahar(NOUN,13)
ahri	1	dcs:ahrayaH~ahraya(ADJ,2)
aj	3	dcs:AjaH~Aja(ADJ,1);dcs:Ajat~Aj(VERB,2);vidyut:ajyamAna~aYj(noun,2)
ajAmi	1	dcs:ajAmi~ajAmi(NOUN,4)
ajAni	1	vidyut:ajAnaye~jAni(verb,1)
ajIrRa	3	dcs:ajIrRa~ajIrRa(ADJ,42);dcs:ajIrRam~ajIrRa(ADJ,11);dcs:ajIrRe~ajIrRa(ADJ,15)
ajYAna	2	dcs:ajYAnAn~ajYAna(ADJ,1);dcs:ajYAnAt~ajYAna(ADJ,1)
aja	7	dcs:ajAH~ajA(NOUN,5);dcs:aja~aja(ADJ,10);dcs:ajaH~aja(ADJ,15);dcs:ajaM~aja(ADJ,10);dcs:ajam~aja(ADJ,17)
ajakA	1	vidyut:ajaka~ajaka(noun,2)
ajani	1	vidyut:ajanI~aj(noun,1)
ajapA	1	vidyut:ajapa~ajapa(noun,2)
ajaqa	1	dcs:ajaqa~ajaqa(NOUN,1)
ajara	3	dcs:ajarA~ajarA(NOUN,6);dcs:ajara~ajara(NOUN,1);dcs:ajaraH~ajara(NOUN,3)
ajasram	1	dcs:ajasram~ajasra(ADJ,21)
ajaya	2	dcs:ajaya~ji(VERB,1);dcs:ajayam~ji(VERB,1)
ajeya	2	dcs:ajeya~ajeya(NOUN,1);dcs:ajeyam~ajeya(NOUN,1)
ajira	3	dcs:ajirA~ajira(NOUN,1);dcs:ajira~ajira(ADJ,6);dcs:ajiram~ajira(ADJ,5)
ajita	4	dcs:ajitA~ajitA(NOUN,2);dcs:ajita~ajita(NOUN,29);dcs:ajitaM~ajita(NOUN,1);dcs:ajitam~ajita(NOUN,1)
akAla	1	dcs:akAla~akAla(ADJ,1)
akAlikam	1	dcs:akAlikam~akAlika(ADJ,1)
akAraRa	1	dcs:akAraRam~akAraRa(NOUN,18)
akArya	4	dcs:akAryARi~akArya(ADJ,1);dcs:akArya~akArya(ADJ,3);dcs:akAryaM~akArya(ADJ,6);dcs:akAryam~akArya(ADJ,8)
akUpAra	1	dcs:akUpAra~akUpAra(ADJ,1)
akalmaza	1	dcs:akalmazaH~akalmaza(NOUN,1)
akaluza	1	dcs:akaluza~akaluza(NOUN,1)
akarizyat	2	vidyut:akarizyat~kF(verb,3);vidyut:akarizyat~kf(verb,2)
akarman	1	dcs:akarmaRaH~akarman(ADJ,3)
akasmAt	1	dcs:akasmAt~akasmAt(NOUN,1)
akfta	2	dcs:akfta~kf(VERB,29);dcs:akftam~kf(VERB,1)
akiYcana	1	dcs:akiYcana~akiYcana(NOUN,2)
aklizwa	1	dcs:aklizwa~kliS(VERB,1)
akrAntA	1	vidyut:akrAnta~akrAnta(noun,2)
akrUra	2	dcs:akrUra~akrUra(ADJ,1);dcs:akrUraH~akrUra(ADJ,1)
akriyA	1	vidyut:akriyAyAm~akriya(noun,1)
akriya	1	vidyut:akriyARAm~akriyA(noun,2)
akroDa	1	dcs:akroDaH~akroDa(ADJ,1)
akruDyat	1	vidyut:akruDyad~kruD(verb,1)
aktu	2	vidyut:aktos~aktA(noun,2);vidyut:aktos~aktos(ind,1)
akuSala	2	dcs:akuSala~akuSala(NOUN,1);dcs:akuSalam~akuSala(NOUN,2)
akz	1	vidyut:akzati~akz(verb,1)
akza	8	dcs:akzA~akza(NOUN,5);dcs:akzAH~akza(ADJ,12);dcs:akzARAm~akza(ADJ,7);dcs:akzI~akzi(NOUN,7);dcs:akzaH~akza(ADJ,1)
akzama	2	dcs:akzamA~akzamA(NOUN,14);dcs:akzamaH~kzam(VERB,1)
akzara	12	dcs:akzarA~akzara(ADJ,12);dcs:akzarARAm~akzara(ADJ,1);dcs:akzarARi~akzara(ADJ,1);dcs:akzarAt~akzara(ADJ,1);dcs:akzara~akzara(ADJ,30)
akzata	2	dcs:akzata~akzata(ADJ,2);vidyut:akzatAByAm~akzatA(noun,6)
akzavatI	2	dcs:akzavatyAm~akzavat(ADJ,1);vidyut:akzavatI~akzavat(noun,4)
akzaya	3	dcs:akzaya~akzaya(NOUN,1);dcs:akzayaH~akzaya(NOUN,2);dcs:akzaye~akzaya(NOUN,2)
akzayya	2	dcs:akzayya~akzayya(NOUN,2);dcs:akzayyam~akzayya(NOUN,4)
akzi	3	dcs:akzi~akza(ADJ,6);dcs:akzyAv~akzI(NOUN,1);dcs:kzi~kzi(NOUN,1)
akzipat	1	dcs:akzipad~kzip(VERB,1)
akzita	1	dcs:akzitA~akzitA(NOUN,1)
akziti	2	dcs:akzitiH~akziti(ADJ,2);dcs:akzitim~akziti(ADJ,2)
alIka	2	dcs:alIka~alIka(ADJ,8);dcs:alIkam~alIka(NOUN,4)
alabDa	1	dcs:alabDa~laB(VERB,5)
alakA	1	dcs:alakA~alaka(NOUN,4)
alaka	2	dcs:alakaM~alakam(ADV,1);dcs:alakam~alakam(ADV,3)
alam	2	dcs:alaM~ala(NOUN,1);dcs:alam~ala(NOUN,1)
alar	1	dcs:alarzi~alarzi(NOUN,1)
alasa	2	dcs:alasa~alasa(NOUN,5);dcs:alasaH~alasa(NOUN,1)
aliNga	1	dcs:aliNgam~aliNga(NOUN,1)
alpaka	2	dcs:alpikA~alpikA(NOUN,1);vidyut:alpakAya~alpakAya(noun,2)
am	2	dcs:am~aM(ADV,2);dcs:ame~ama(NOUN,2)
amA	1	dcs:amA~amA(NOUN,6)
amAnuzI	1	dcs:amAnuzIzu~amAnuza(ADJ,2)
amAnuza	1	dcs:amAnuzAn~amAnuza(NOUN,1)
amAvAsyA	1	dcs:amAvAsye~amAvAsya(ADJ,2)
amUra	1	dcs:mUra~mUra(ADJ,1)
ama	3	dcs:amAd~amAt(ADV,1);dcs:amaH~ama(PRON,11);dcs:amo~ama(NOUN,8)
amala	4	dcs:amalA~amalA(NOUN,6);dcs:amalAH~amala(NOUN,1);dcs:amalAn~amala(NOUN,1);dcs:amala~amala(NOUN,7)
amara	7	dcs:amarA~amara(NOUN,7);dcs:amarAH~amara(ADJ,5);dcs:amarAn~amara(ADJ,1);dcs:amara~amara(ADJ,45);dcs:amaraH~amara(ADJ,31)
amaraRa	1	dcs:amaraRa~amaraRa(ADJ,1)
amartya	5	dcs:amartyA~amartya(NOUN,1);dcs:amartyAH~amartya(NOUN,1);dcs:amartyAn~amartya(NOUN,1);dcs:amartya~amartya(NOUN,2);dcs:amartyam~amartya(NOUN,1)
amata	1	vidyut:amatam~am(verb,1)
ameDas	2	vidyut:ameDas~meD(verb,1);vidyut:ameDas~miD(verb,1)
ameDya	4	dcs:ameDyAt~ameDya(ADJ,1);dcs:ameDya~ameDya(ADJ,19);dcs:ameDyam~ameDya(NOUN,11);dcs:ameDye~ameDya(NOUN,1)
amftA	1	dcs:amftA~amfta(ADJ,104)
amfta	14	dcs:amftAH~amftA(NOUN,9);dcs:amftAm~amftA(NOUN,6);dcs:amftAnAm~amfta(NOUN,3);dcs:amftAni~amfta(ADJ,8);dcs:amftAt~amfta(ADJ,2)
amftapa	1	dcs:mftapAH~mftapa(NOUN,1)
amftarasA	1	vidyut:amftarasa~amftarasa(noun,2)
amftasamBavA	1	vidyut:amftasamBava~amftasamBava(noun,2)
amftyu	1	dcs:amftyu~amftyu(NOUN,1)
amitra	3	dcs:amitra~amitra(ADJ,1);dcs:amitre~amitra(ADJ,2);dcs:mitreByo~mitra(NOUN,4)
amlAna	1	dcs:amlAna~amlAna(NOUN,4)
amla	1	dcs:amla~amla(NOUN,270)
amoGA	1	dcs:amoGA~amoGa(ADJ,10)
amoGa	1	dcs:amoGaM~amoGa(NOUN,1)
amukta	1	vidyut:amukta~muc(verb,1)
an	3	dcs:Ana~Ana(NOUN,1);vidyut:Anyam~Ani(noun,6);vidyut:Anyam~AnI(noun,2)
anADfzya	1	dcs:anADfzyaH~anADfzya(ADJ,2)
anASrita	2	dcs:anASrita~anASrita(NOUN,3);dcs:anASritaH~anASrita(NOUN,1)
anAcAra	1	dcs:anAcAra~anAcAra(NOUN,1)
anAdara	1	dcs:anAdaraH~anAdara(ADJ,3)
anAdyanta	2	vidyut:anAdyanta~nAdi(verb,2);vidyut:anAdyanta~nad(verb,1)
anAgA	1	vidyut:anAga~anAga(noun,2)
anAgas	2	dcs:anAgAH~anAga(ADJ,3);vidyut:anAgas~anAga(noun,1)
anAgata	1	dcs:anAgate~anAgata(NOUN,1)
anAhAra	1	dcs:anAhAraH~anAhAra(NOUN,1)
anAhata	1	dcs:anAhata~anAhata(NOUN,1)
anAlamba	1	dcs:anAlambam~anAlamba(NOUN,1)
anAmaya	3	dcs:anAmaya~anAmaya(NOUN,1);dcs:anAmayaM~anAmaya(ADJ,4);dcs:anAmayam~anAmaya(NOUN,39)
anAnata	2	vidyut:anAnata~nAnay(verb,1);vidyut:anAnatam~nAnay(verb,1)
anArya	1	dcs:anArya~anArya(NOUN,1)
anAsTA	1	vidyut:anAsTa~anAsTa(noun,2)
anAtmavat	1	vidyut:anAtmavat~anAtmavat(ind,1)
anAyAnt	1	dcs:anAyati~anAyati(NOUN,2)
anAyAsa	1	dcs:anAyAsa~anAyAsa(ADJ,1)
anDa	5	dcs:anDA~anDa(NOUN,1);dcs:anDa~anDas(NOUN,12);dcs:anDaH~anDas(NOUN,21);dcs:anDaM~anDa(NOUN,1);dcs:anDe~anDa(NOUN,1)
anDaka	1	dcs:anDaka~anDaka(ADJ,1)
anUQA	1	dcs:anUQA~anUQa(ADJ,1)
anUhya	1	vidyut:anUhya~anuvah(ind,1)
anUnA	1	vidyut:anUne~anUna(noun,9)
anUna	1	dcs:anUnA~anUnA(NOUN,1)
anUpa	2	dcs:anUpAH~anUpa(ADJ,1);dcs:anUpa~anUpa(ADJ,7)
anaBijYa	1	dcs:anaBijYA~anaBijYA(NOUN,1)
anaGa	1	dcs:anaGaH~anaGa(NOUN,7)
anaSva	1	vidyut:anaSva~anaSvan(noun,3)
anaYjana	1	dcs:anaYjana~anaYjana(NOUN,1)
anadDA	1	dcs:nadDA~nah(VERB,1)
anagni	1	dcs:anagni~anagni(NOUN,1)
anala	1	dcs:nale~nala(NOUN,12)
anamIva	1	dcs:anamIvam~anamIva(NOUN,1)
anamitra	1	dcs:anamitram~anamitra(ADJ,2)
ananna	1	dcs:anannam~ananna(NOUN,4)
anantA	2	dcs:anantA~ananta(ADJ,19);dcs:anantAm~ananta(ADJ,4)
ananta	6	dcs:anantAH~ananta(NOUN,2);dcs:ananta~ananta(NOUN,61);dcs:anantaH~ananta(NOUN,31);dcs:anantam~ananta(NOUN,17);dcs:anantasya~ananta(ADJ,10)
anantaka	1	dcs:anantakam~anantaka(NOUN,1)
anantara	2	dcs:anantarA~anantarA(NOUN,2);dcs:anantaraH~anantara(NOUN,1)
anantaram	2	dcs:anantaraM~anantara(ADJ,34);dcs:anantaram~anantara(ADJ,181)
anapatrapA	1	vidyut:anapatrapa~anapatrapa(noun,2)
anarTa	7	dcs:anarTAH~anarTa(ADJ,1);dcs:anarTAn~anarTa(ADJ,1);dcs:anarTAnAM~anarTa(ADJ,1);dcs:anarTa~anarTa(ADJ,11);dcs:anarTaH~anarTa(ADJ,2)
anarvan	2	vidyut:anarva~anarva(noun,2);vidyut:anarvaRAm~anarvaRa(noun,2)
anas	1	dcs:nasi~nas(NOUN,2)
anasUyA	1	vidyut:anasUya~anasUya(noun,2)
anava	1	dcs:anavaH~anu(NOUN,1)
anavadya	1	dcs:anavadyA~anavadyA(NOUN,1)
anaya	3	dcs:anayaH~nI(VERB,1);dcs:anayam~nI(VERB,3);dcs:anayo~idam(PRON,3)
and	2	vidyut:anda~andi(noun,4);vidyut:anda~and(verb,1)
anehas	2	dcs:anehasA~anehas(NOUN,2);dcs:anehasam~anehas(NOUN,2)
anenas	2	dcs:anenAH~anenas(ADJ,3);vidyut:anenas~anena(noun,1)
anfc	1	dcs:anfcaH~anfca(ADJ,2)
anfju	1	dcs:anfju~anfju(NOUN,1)
anfta	9	dcs:anftA~anfta(NOUN,4);dcs:anftAH~anfta(NOUN,1);dcs:anftAni~anfta(ADJ,1);dcs:anfta~anfta(ADJ,23);dcs:anftaH~anfta(NOUN,4)
aniSam	2	dcs:aniSam~aniSa(ADJ,2);dcs:niSam~niSA(NOUN,9)
anicCA	1	vidyut:anicCa~anicCa(noun,2)
anidra	1	dcs:anidrA~anidrA(NOUN,3)
animeza	1	vidyut:animezam~animezam(ind,1)
animitta	2	dcs:animitta~animitta(NOUN,5);dcs:animittam~animitta(NOUN,4)
animittatas	1	dcs:animittataH~animitta(NOUN,3)
animiza	2	dcs:animiza~animiza(NOUN,1);dcs:animizaH~animiza(NOUN,2)
anindya	2	vidyut:anindye~nind(verb,1);vidyut:anindye~nindi(verb,1)
anirudDa	1	dcs:anirudDa~anirudDa(ADJ,1)
anizwa	2	dcs:anizwa~anizwa(NOUN,3);dcs:anizwaM~anizwa(NOUN,1)
anna	1	dcs:annam~Siva(ADJ,1)
annapUrRA	1	vidyut:annapUrRA~annapUrRa(noun,1)
anta	3	dcs:antA~antar(ADV,5);dcs:antaH~antar(ADV,188);dcs:antam~antam(ADV,1)
antaka	5	dcs:antakAya~antaka(ADJ,6);dcs:antaka~antaka(ADJ,3);dcs:antakaH~antaka(ADJ,38);dcs:antakam~antaka(ADJ,44);dcs:antakasya~antaka(ADJ,2)
antar	2	dcs:antaS~anta(NOUN,5);dcs:antas~anta(NOUN,3)
antarA	1	dcs:antarA~antara(ADJ,14)
antarAya	1	dcs:antarAyAH~antara(ADJ,1)
antarBU	1	dcs:antarBUta~antarBUta(ADJ,1)
antara	7	dcs:antarARi~antara(NOUN,23);dcs:antarAt~antara(ADJ,47);dcs:antara~antara(NOUN,305);dcs:antaraH~antara(NOUN,14);dcs:antaraM~antara(ADJ,18)
antaraNga	1	dcs:antaraNga~antaraNga(ADJ,2)
antareRa	1	dcs:antareRa~antara(ADJ,99)
antari	1	dcs:antarita~antarita(ADJ,2)
antarikzya	1	dcs:AntarikzyA~Antarikza(ADJ,1)
antarmuKa	1	dcs:antarmuKa~antarmuKa(NOUN,1)
antatas	2	dcs:antata~anta(NOUN,1);dcs:antataH~anta(NOUN,29)
antevAsin	2	dcs:antevAsI~antevAsin(ADJ,2);dcs:antevAsinaH~antevAsin(ADJ,2)
anti	1	dcs:anti~antI(NOUN,1)
antideva	1	dcs:antidevam~antideva(NOUN,1)
antika	3	dcs:antika~antika(ADJ,5);dcs:antikam~antika(ADJ,6);dcs:antike~antika(ADJ,10)
antya	1	dcs:antya~antya(NOUN,1)
antyaja	1	dcs:antyaja~antyaja(NOUN,2)
anu	1	dcs:anu~anu(NOUN,11)
anuBU	1	vidyut:anuBAvin~anuBAvi(noun,2)
anuBava	1	dcs:anuBava~anuBU(VERB,2)
anuSAs	1	dcs:anuSAstA~anuSAstf(ADJ,2)
anuSayin	1	dcs:anuSayI~anuSayI(NOUN,3)
anuSiz	1	dcs:anuSizya~anuSAs(VERB,9)
anucara	3	dcs:anucarA~anucara(ADJ,2);dcs:anucarAH~anucara(ADJ,5);dcs:anucaraH~anucara(ADJ,4)
anudAtta	1	dcs:anudAtta~anudAtta(ADJ,1)
anudData	2	dcs:anudData~anudData(NOUN,1);dcs:anudDataH~anudData(NOUN,1)
anujAta	1	vidyut:anujAta~anujAtA(noun,3)
anujIvin	1	dcs:anujIvinaH~anujIvin(ADJ,1)
anuja	1	dcs:anujena~anuja(ADJ,2)
anuloma	1	dcs:anuloma~anuloma(NOUN,1)
anuman	1	dcs:anumata~anumata(NOUN,3)
anumata	1	dcs:anumataM~anuman(VERB,3)
anunaya	2	dcs:anunaya~anunI(VERB,3);dcs:anunayena~anunaya(ADJ,1)
anupAdi	1	vidyut:anupAdAya~anupad(noun,2)
anupaTa	1	vidyut:anupaTam~anupaTam(ind,1)
anupada	2	dcs:anupada~anupada(ADJ,1);dcs:anupadam~anupada(ADJ,2)
anupasTita	1	dcs:anupasTita~anupasTita(NOUN,1)
anurUpa	8	dcs:anurUpAByAm~anurUpa(NOUN,2);dcs:anurUpAt~anurUpa(NOUN,7);dcs:anurUpa~anurUpa(NOUN,3);dcs:anurUpaH~anurUpa(NOUN,8);dcs:anurUpaM~anurUpa(NOUN,4)
anusaMDA	1	vidyut:anusanDAtA~anusaMDA(verb,2)
anusaMcar	1	vidyut:anusaYcaranti~anusaMcar(verb,1)
anusaMpraAp	1	vidyut:anusamprAptA~anusaMpraAp(verb,2)
anusamAhf	1	vidyut:anusamAharat~anusamAhf(verb,1)
anuttara	1	dcs:anuttara~anuttara(NOUN,18)
anuvaMSa	1	dcs:anuvaMSam~anuvaMSa(ADJ,1)
anuvac	2	dcs:anUcAna~anUcAna(ADJ,4);dcs:anUcya~anvaYc(ADJ,1)
anuvartitf	1	dcs:anuvartitA~anuvft(VERB,1)
anuviDAv	1	vidyut:anuviDAvati~anuviDAv(verb,1)
anuviS	2	vidyut:anuveSya~anuveSi(noun,2);vidyut:anuveSya~anuveSi(ind,1)
anuvraj	1	dcs:anuvraja~anuvraja(NOUN,1)
anuyA	1	dcs:anuyAtA~anuyAtf(NOUN,2)
anuyuj	2	vidyut:anuyojya~anuyoji(noun,2);vidyut:anuyojya~anuyoji(ind,1)
anvAi	2	vidyut:anvAyam~anvi(verb,1);vidyut:anvAyam~anvAi(verb,1)
anvAsi	1	vidyut:anvAsAn~anvas(noun,2)
anvavaIkz	1	vidyut:anvavekzita~anvavaIkzi(noun,2)
anvavai	1	vidyut:anvaveta~anvavai(verb,1)
anvaya	1	dcs:anvayAt~anuyA(VERB,20)
anvi	2	dcs:anvezi~anvezin(ADJ,1);vidyut:anvezyati~anvi(verb,1)
anvita	2	dcs:anvita~anvi(VERB,1);dcs:anvitam~anvi(VERB,1)
anya	4	dcs:anyAM~anyA(NOUN,1);dcs:anyaH~anya(ADJ,1);dcs:anyac~ca(CONJ,1);dcs:anyezu~anya(ADJ,1)
ap	7	dcs:ApA~Ap(VERB,1);dcs:Apa~Ap(VERB,69);dcs:adBiH~ad(ADJ,9);dcs:adByaH~ad(ADJ,1);dcs:apAM~pA(VERB,1)
apAYc	2	dcs:apAg~apAk(ADV,2);dcs:apAk~apAk(ADV,1)
apAcya	1	vidyut:apAcya~apaaYc(ind,2)
apAn	1	dcs:apAnataH~apAna(NOUN,1)
apAna	1	dcs:pAno~pA(VERB,1)
apAra	2	dcs:apAra~apAra(NOUN,2);dcs:apAre~apAra(NOUN,2)
apIta	1	dcs:apIta~apI(VERB,1)
apUrva	3	dcs:apUrva~apUrva(NOUN,1);dcs:apUrvaH~apUrva(NOUN,1);dcs:apUrvam~apUrva(NOUN,1)
apa	2	dcs:apA~ap(NOUN,3);dcs:apa~ap(NOUN,195)
apaAkf	1	vidyut:apAcakAra~apaAkF(verb,2)
apaDmA	1	vidyut:apaDamanti~apaDmA(verb,1)
apaIkz	1	vidyut:apekzaka~apaIkzi(noun,4)
apaSyat	1	dcs:apaSyantyAH~apaSyantI(NOUN,1)
apaan	1	vidyut:apAnaka~apaAni(noun,8)
apacar	1	vidyut:apacArin~apacAri(noun,2)
apaci	1	dcs:apacita~apacit(NOUN,1)
apad	1	vidyut:apadi~padi(verb,2)
apadas	1	vidyut:apadasyanti~apadas(verb,1)
apadiS	2	vidyut:apadeSya~apadeSi(noun,2);vidyut:apadeSya~apadeSi(ind,1)
apahA	1	dcs:apahAya~apaha(ADJ,1)
apahAri	1	vidyut:apahAraka~apahf(noun,2)
apahara	1	dcs:apahara~apahf(VERB,1)
apahas	1	vidyut:apahAsyam~apahAsi(noun,3)
apahf	1	vidyut:apahArin~apahAri(noun,2)
apai	2	vidyut:apAyin~apaay(noun,2);vidyut:apAyin~apaAyi(noun,2)
apakAri	3	vidyut:apakAri~apaskAri(noun,9);vidyut:apakAri~apakf(noun,3);vidyut:apakAri~apaskF(noun,3)
apakarzaRa	1	dcs:apakarzaRam~apakarzaRa(ADJ,4)
apakf	4	dcs:apakftam~apakfta(NOUN,1);vidyut:apakArin~apaskF(noun,2);vidyut:apakArin~apakAri(noun,2);vidyut:apakArin~apaskAri(noun,2)
apakfz	3	dcs:apakfzwa~apakfzwa(ADJ,4);dcs:apakfzwam~apakfzwa(ADJ,2);dcs:apakfzwena~apakfzwa(ADJ,2)
apakram	1	dcs:apakrAntam~apakrAnta(NOUN,1)
apamfj	1	vidyut:apamfzwa~apamfj(verb,1)
apami	2	dcs:apamitya~apamitya(NOUN,1);dcs:apamityam~apamitya(NOUN,1)
apanaya	1	dcs:apanaya~apanI(VERB,2)
apanud	1	vidyut:apanud~apanu(noun,7)
aparAD	1	vidyut:aparADin~aparADi(noun,2)
aparADa	1	dcs:aparADAH~aparAD(VERB,1)
aparADitA	1	vidyut:aparADita~aparADi(noun,2)
aparAjitA	1	dcs:aparAjitA~aparAjita(ADJ,6)
aparAjita	5	dcs:aparAjitAH~aparAjitA(NOUN,1);dcs:aparAjitAm~aparAjitA(NOUN,2);dcs:aparAjita~aparAjita(NOUN,1);dcs:aparAjitaH~aparAjita(NOUN,19);dcs:aparAjitam~aparAjita(NOUN,1)
apara	11	dcs:aparA~aparA(NOUN,15);dcs:aparAH~apara(ADJ,1);dcs:aparAM~aparA(NOUN,1);dcs:aparARi~apara(ADJ,1);dcs:aparAm~aparA(NOUN,3)
apareRa	1	dcs:apareRa~apara(PRON,123)
aparigraha	2	dcs:aparigraha~aparigraha(ADJ,2);dcs:aparigrahaH~aparigraha(ADJ,2)
apartu	1	dcs:apartu~apartu(ADV,1)
aparvan	1	vidyut:aparvan~parv(verb,1)
apas	6	dcs:apAH~pA(VERB,10);dcs:apasA~apas(ADJ,1);dcs:apasAm~apas(NOUN,1);dcs:apasaH~apas(NOUN,10);dcs:apasam~apas(NOUN,2)
apasTA	1	vidyut:apasTAtA~apasTA(noun,1)
apasf	1	vidyut:apasarati~apasf(verb,1)
apasfp	1	dcs:apasarpa~apasarpa(NOUN,5)
apasiD	1	vidyut:apaseDanti~apasiD(verb,2)
apasyA	1	vidyut:apasya~apasya(noun,2)
apatrap	1	vidyut:apatrap~apatrApi(noun,7)
apavf	1	dcs:aporRute~apAvf(VERB,3)
apavic	1	vidyut:apAvinak~apavij(verb,2)
apavye	1	vidyut:apavyayate~apavye(verb,1)
apayA	1	dcs:apAyAt~apAya(NOUN,5)
apekzA	2	dcs:apekzA~apekza(ADJ,3);dcs:apekzayA~apekza(ADJ,1)
apfkta	1	dcs:apfkta~pfc(VERB,1)
api	3	dcs:api~ap(NOUN,2);dcs:apy~ap(NOUN,2);dcs:pi~medas(NOUN,1)
apivfj	1	vidyut:apivfYjanti~apivfj(verb,1)
aprApta	1	vidyut:aprApte~aprApti(noun,2)
apraja	2	dcs:aprajA~aprajas(ADJ,2);dcs:aprajAH~aprajas(ADJ,1)
aprajas	1	vidyut:aprajas~apraja(noun,1)
apramARa	2	dcs:apramARa~apramARa(ADJ,10);dcs:apramARam~apramARa(ADJ,1)
apramAda	1	dcs:apramAdam~apramAda(NOUN,3)
apratizWa	2	dcs:apratizWaH~apratizWa(NOUN,1);vidyut:apratizWa~apratizWA(noun,3)
apriya	2	dcs:apriya~apriya(NOUN,1);vidyut:apriyARAm~apriyA(noun,2)
apsA	1	vidyut:apsAm~psA(verb,1)
apyUh	4	vidyut:apyUhe~apyUhi(noun,39);vidyut:apyUhe~apivah(verb,4);vidyut:apyUhe~apivah(noun,3);vidyut:apyUhe~apyUh(verb,1)
arAjaka	2	dcs:arAjaka~arAjaka(ADJ,1);dcs:arAjake~arAjaka(NOUN,1)
arAjan	1	vidyut:arAjan~rAj(verb,1)
arBaka	3	dcs:arBaka~arBaka(ADJ,1);dcs:arBakam~arBaka(NOUN,1);dcs:arBake~arBaka(ADJ,1)
arDa	6	dcs:arDa~arDa(NOUN,542);dcs:arDaH~arDa(ADJ,4);dcs:arDaM~arDa(ADJ,19);dcs:arDam~arDa(ADJ,45);dcs:arDe~arDa(ADJ,6)
arRas	1	dcs:arRaH~arRa(NOUN,4)
arRava	2	dcs:arRavaH~arRava(ADJ,4);dcs:arRavam~arRava(ADJ,1)
arTay	1	dcs:arTitA~arTitA(NOUN,3)
arTin	6	dcs:arTI~arTin(NOUN,10);dcs:arTinAm~arTin(NOUN,1);dcs:arTinI~arTin(NOUN,1);dcs:arTinaH~arTin(NOUN,3);dcs:arTinam~arTin(NOUN,1)
ara	2	dcs:ara~are(ADV,3);dcs:aram~aram(ADV,23)
araMkft	1	vidyut:araNkfti~araMkfti(noun,3)
araRI	1	dcs:raRyA~raRya(ADJ,1)
araRa	2	dcs:araRaM~araRa(NOUN,1);dcs:araRam~araRa(NOUN,1)
araRi	2	dcs:araRI~araRI(NOUN,33);dcs:araRyA~araRI(NOUN,1)
araRya	2	dcs:araRyam~Suci(ADJ,1);dcs:raRya~raRya(ADJ,1)
araTI	1	vidyut:araTi~araTin(noun,3)
araja	1	dcs:araje~arajA(NOUN,1)
aram	2	dcs:araM~fC(VERB,1);dcs:ram~raM(ADV,2)
aramati	1	dcs:aramatiH~aramati(ADJ,1)
arapas	2	vidyut:arapas~rap(verb,1);vidyut:arapas~arapa(noun,1)
araqA	1	vidyut:araqa~araqa(noun,2)
arasa	1	dcs:arasa~arasa(NOUN,2)
arati	1	dcs:aratir~arati(ADJ,1)
arbudi	1	dcs:arbude~arbuda(NOUN,13)
arc	2	dcs:arcitAni~arcay(VERB,1);dcs:arcya~arcay(VERB,8)
arcA	1	dcs:arcA~arc(VERB,11)
arcat	2	vidyut:arcatas~arc(verb,2);vidyut:arcatas~arc(noun,10)
arci	5	dcs:arcayaH~arcay(VERB,1);vidyut:arcayantas~arc(noun,2);vidyut:arcin~arc(noun,4);vidyut:arcin~fc(noun,2);vidyut:arcyantAm~arc(verb,2)
arcin	1	dcs:arcI~arcis(NOUN,2)
arcizmat	1	dcs:arcizmatI~arcizmatI(NOUN,1)
ard	5	vidyut:ard~ardi(noun,14);vidyut:ard~arDi(noun,14);vidyut:ard~arTi(noun,14);vidyut:ard~ftIyi(noun,7);vidyut:ardyamAna~ardi(noun,4)
arday	1	dcs:arditaM~ardita(NOUN,2)
ardi	3	vidyut:ardayatAm~ardi(verb,4);vidyut:ardayatAm~ard(noun,2);vidyut:ardayatAm~ard(verb,2)
ardita	1	dcs:ardita~arday(VERB,8)
are	1	dcs:are~ara(NOUN,15)
arepas	1	vidyut:arepas~arepa(noun,1)
arh	2	dcs:arhAt~arha(ADJ,1);dcs:arhann~arhant(NOUN,1)
arha	2	dcs:arha~arha(NOUN,1);dcs:arhaH~arh(NOUN,2)
arhaRA	1	dcs:arhaRA~arhaRa(ADJ,1)
arhant	3	dcs:arhan~arh(VERB,12);dcs:arhat~arh(VERB,2);dcs:arhataH~arh(VERB,24)
ari	4	dcs:ariH~ari(ADJ,7);dcs:ariRA~ri(VERB,3);dcs:arim~ari(ADJ,2);dcs:riRA~ri(VERB,1)
ariMdama	2	dcs:ariMdama~ariMdama(NOUN,5);dcs:arindama~ariMdama(NOUN,1)
ariha	1	vidyut:arihA~arihan(noun,1)
arihan	1	vidyut:arihan~rih(verb,1)
arizwA	1	dcs:arizwA~arizwa(ADJ,14)
arizwa	9	dcs:arizwABiH~arizwA(NOUN,1);dcs:arizwAH~arizwa(NOUN,5);dcs:arizwAn~arizwa(ADJ,3);dcs:arizwa~arizwa(ADJ,25);dcs:arizwaH~arizwa(ADJ,16)
arjuna	7	dcs:arjuna~arjuna(ADJ,3);dcs:arjunaH~arjuna(ADJ,1);dcs:arjunaM~arjuna(ADJ,4);dcs:arjunam~arjuna(ADJ,3);dcs:arjune~arjuna(ADJ,1)
aroga	1	dcs:aroga~aroga(NOUN,2)
arpaRa	1	dcs:arpaRa~arpaRa(ADJ,1)
aruRI	2	vidyut:aruRI~aruRi(noun,6);vidyut:aruRI~aru(noun,3)
aruRa	8	dcs:aruRA~aruRA(NOUN,17);dcs:aruRAni~aruRa(NOUN,1);dcs:aruRAya~aruRa(NOUN,2);dcs:aruRa~aruRa(NOUN,42);dcs:aruRaH~aruRa(NOUN,21)
aruja	1	dcs:arujaH~aruja(NOUN,2)
arus	1	dcs:aruzi~aruzI(NOUN,1)
aruza	1	dcs:aruzIH~aruzI(NOUN,1)
arvAYc	1	dcs:arvAN~arvAk(ADV,6)
arvAk	2	dcs:arvAg~arvAYc(ADJ,7);dcs:arvAk~arvAYc(ADJ,10)
arvant	3	dcs:arvatAm~arvat(ADJ,1);dcs:arvataH~arvat(ADJ,1);dcs:arvate~arvat(ADJ,1)
arvatI	2	dcs:arvatIr~arvat(ADJ,1);vidyut:arvatI~arvat(noun,4)
arzaRI	3	vidyut:arzaRI~arzaRin(noun,1);vidyut:arzaRI~fz(noun,1);vidyut:arzaRI~arzi(noun,1)
as	46	dcs:Asa~Asa(NOUN,5);dcs:Asan~Asan(NOUN,24);dcs:Asann~Asan(NOUN,11);dcs:AstAM~As(VERB,28);dcs:as~as(ADV,1)
asAra	1	dcs:asAra~asAra(NOUN,4)
asTira	1	dcs:asTiraH~asTira(NOUN,1)
asUyA	2	dcs:asUyA~asUya(ADJ,1);dcs:asUyayA~asUya(ADJ,1)
asaMBava	1	dcs:asaMBava~asaMBava(NOUN,1)
asaMSaya	1	dcs:asaMSayaH~asaMSaya(ADJ,4)
asaMSayam	2	dcs:asaMSayaM~asaMSaya(NOUN,19);dcs:asaMSayam~asaMSaya(ADJ,64)
asaMbADa	2	vidyut:asambADAn~asaMbADA(noun,1);vidyut:asambADa~asaMbADA(noun,3)
asaMdeha	1	dcs:asaMdeha~asaMdeha(ADJ,1)
asaMjYA	1	dcs:asaMjYA~asaMjYa(ADJ,1)
asaNga	3	dcs:asaNga~asaNga(ADJ,6);dcs:asaNgaH~asaNga(NOUN,7);dcs:asaNgam~asaNga(NOUN,3)
asahya	1	vidyut:asahyam~sah(verb,1)
asakta	1	vidyut:asaktam~asaktam(ind,1)
asamaYjasa	2	dcs:asamaYjasa~asamaYjasa(ADJ,1);dcs:asamaYjasam~asamaYjasa(NOUN,2)
asamagra	1	vidyut:asamagram~asamagram(ind,1)
asana	2	dcs:asanAm~asanA(NOUN,1);dcs:asanam~san(VERB,1)
asat	5	dcs:asat~as(VERB,135);dcs:asatI~asatI(NOUN,11);dcs:asatIM~asatI(NOUN,2);dcs:asataH~as(VERB,2);dcs:asati~as(VERB,21)
asatya	2	dcs:asatya~asatya(NOUN,14);dcs:asatyam~asatya(NOUN,10)
asfj	3	dcs:asfj~asfj(ADV,45);dcs:asfk~asfj(ADV,4);dcs:sfjaH~sfj(ADJ,5)
asiknI	2	dcs:asiknI~asita(ADJ,1);dcs:asiknIm~asita(ADJ,1)
asinva	1	vidyut:asinva~si(verb,1)
asita	6	dcs:asitA~asitA(NOUN,5);dcs:asitAya~asita(NOUN,1);dcs:asita~asita(NOUN,7);dcs:asitaH~asita(NOUN,23);dcs:asitam~asita(NOUN,3)
asmfti	1	dcs:asmfti~asmfti(NOUN,3)
asparSa	1	dcs:asparSa~asparSa(NOUN,2)
aspazwa	1	dcs:aspazwa~paS(VERB,1)
aspfhA	1	vidyut:aspfha~aspfha(noun,2)
aspfzwa	1	vidyut:aspfzwe~aspfzwi(noun,2)
asta	4	dcs:asta~as(VERB,20);dcs:astaM~as(VERB,1);dcs:astam~as(VERB,2);dcs:stam~as(VERB,5)
astf	2	dcs:astA~as(VERB,10);dcs:stA~as(VERB,1)
astfta	2	dcs:astftaH~astfta(NOUN,6);dcs:astftam~astfta(NOUN,1)
asuKa	2	dcs:asuKa~asuKa(ADJ,7);dcs:asuKam~asuKa(ADJ,8)
asura	2	dcs:asuraM~asura(ADJ,1);dcs:asuram~asura(ADJ,1)
asurya	5	dcs:asuryA~asurI(NOUN,1);dcs:asuryARi~asurya(NOUN,1);dcs:asuryAya~asurya(ADJ,1);dcs:asuryaM~asurya(ADJ,4);dcs:asuryam~asurya(ADJ,7)
asuta	1	vidyut:asuta~su(verb,1)
asutfp	1	vidyut:asutfpA~asutfpa(noun,1)
asvapat	1	vidyut:asvapat~svap(verb,1)
asvapna	1	dcs:asvapnaH~asvapna(NOUN,1)
at	1	vidyut:Atyanta~Ati(verb,1)
atI	4	dcs:atItAyAm~atIta(ADJ,1);dcs:atIta~atIta(ADJ,9);dcs:atItam~atIta(ADJ,1);dcs:atIte~atIta(NOUN,2)
atIndriya	1	dcs:atIndriya~atIndriya(NOUN,1)
atadarha	1	vidyut:atadarham~atadarham(ind,1)
atamas	1	vidyut:atamas~tam(verb,1)
atana	1	vidyut:atana~at(noun,2)
atapta	1	dcs:atapta~tap(VERB,1)
atas	1	dcs:ata~at(NOUN,1)
atasa	1	vidyut:atasas~tas(verb,1)
atejas	1	vidyut:atejas~tej(verb,1)
atfpa	1	vidyut:atfpam~tfp(verb,2)
ati	2	dcs:ati~ati(ADJ,2);dcs:ti~t(NOUN,12)
atiBA	1	vidyut:atiBA~atiBAvi(noun,12)
atiTin	1	vidyut:atiTinI~atiTi(noun,3)
atibalA	1	dcs:atibalA~atibala(ADJ,2)
atibala	2	dcs:atibalam~atibala(NOUN,1);vidyut:atibale~atibalA(noun,14)
atibrU	1	vidyut:atibruvanti~atibrU(verb,1)
aticCandas	1	vidyut:aticCandas~aticCanda(noun,1)
atidfS	2	vidyut:atipaSya~atidfS(verb,1);vidyut:atipaSyati~atidfS(verb,1)
atidiv	1	vidyut:atidIvya~atidiv(verb,1)
atiga	1	dcs:atigAH~atigA(VERB,1)
atigam	1	vidyut:atigacCati~atigam(verb,1)
atihi	1	vidyut:atihitam~atiDA(noun,3)
atijIv	2	vidyut:atijIva~atijIvi(noun,8);vidyut:atijIva~atijIv(verb,1)
atijan	1	vidyut:atijana~atijAni(noun,8)
atikAli	1	vidyut:atikAlya~atikAli(ind,2)
atikopi	1	vidyut:atikopa~atikup(noun,6)
atikram	1	dcs:atikrAnte~atikrAnta(NOUN,1)
atikrama	1	dcs:atikrame~atikram(VERB,2)
atikup	1	vidyut:atikopana~atikopi(noun,2)
atimAnitA	2	vidyut:atimAnitA~atimAni(verb,2);vidyut:atimAnitA~atimAni(noun,1)
atimAtram	1	dcs:atimAtram~atimAtra(ADJ,18)
atiman	3	vidyut:atimAnin~atimAni(noun,2);vidyut:atimAnya~atimAni(noun,2);vidyut:atimAnya~atimAni(ind,1)
atipad	1	vidyut:atipat~atipat(noun,7)
atipat	1	vidyut:atipAtin~atipAti(noun,2)
atirAj	1	vidyut:atirAga~atirAji(noun,2)
atirucirA	1	vidyut:atirucira~atirucira(noun,2)
atisaMDA	1	vidyut:atisanDAya~atisaMDA(ind,1)
atisf	1	vidyut:atiDAvata~atiDAv(verb,1)
atisfj	1	vidyut:atisfjya~atisfj(ind,2)
atitF	2	vidyut:atitAryA~atitAri(noun,1);vidyut:atitarARi~atitF(verb,1)
atitIvrA	1	vidyut:atitIvra~atitIvra(noun,2)
atitfzRA	1	vidyut:atitfzRA~atitfzRa(noun,1)
atitvAri	2	vidyut:atitvarayA~atitvar(noun,3);vidyut:atitvareRa~atitvar(noun,6)
ativad	1	vidyut:ativAdin~ativAdi(noun,2)
ativarti	2	vidyut:ativarte~ativft(noun,27);vidyut:ativarte~ativft(verb,1)
ativelam	1	dcs:ativelam~ativela(ADJ,1)
ativizA	1	vidyut:ativiza~ativiza(noun,2)
atiyaSas	1	vidyut:atiyaSas~atiyaSa(noun,1)
atizWA	2	dcs:atizWA~atizWA(NOUN,3);vidyut:atizWAya~atizWA(ind,1)
atra	3	dcs:atrA~atra(NOUN,1);dcs:atra~atra(NOUN,1);dcs:tra~tra(NOUN,5)
atri	1	vidyut:atrI~atrin(noun,1)
atvarA	1	vidyut:atvarA~atvara(noun,1)
atyAsad	2	vidyut:atyAsAdya~atyAsAdi(noun,4);vidyut:atyAsAdya~atyAsAdi(ind,2)
atyAya	1	dcs:atyAyam~atI(VERB,1)
atya	1	dcs:tyAH~tya(PRON,1)
atyadButa	1	dcs:atyadButaM~atyadButa(NOUN,1)
atyantam	2	dcs:atyantaM~atyanta(ADJ,25);dcs:atyantam~atyanta(ADJ,32)
atyarTam	2	dcs:atyarTaM~atyarTa(ADJ,9);dcs:atyarTam~atyarTa(ADJ,7)
atyaya	1	dcs:atyayAt~atiyA(VERB,3)
av	13	dcs:Ava~ava(ADP,2);dcs:Avan~Ave(VERB,2);dcs:Avat~Avat(ADJ,1);dcs:Avo~vas(VERB,4);dcs:avasa~avas(NOUN,1)
avANmuKa	1	dcs:avANmuKam~avANmuKa(NOUN,2)
avAYc	2	dcs:avAcI~avAcI(NOUN,4);dcs:avAcIm~avAcI(NOUN,1)
avAk	1	dcs:avAk~avAYc(ADJ,8)
avAna	1	dcs:vAna~vAna(NOUN,2)
avAta	1	dcs:avAte~avAta(NOUN,1)
avIra	1	dcs:avIrA~avIrA(NOUN,1)
ava	1	dcs:ava~av(VERB,65)
avaAci	1	vidyut:avAca~avaAcapi(noun,8)
avaAp	1	vidyut:avAp~avaApi(noun,7)
avaDA	1	dcs:avahita~avahita(ADJ,2)
avaDU	2	dcs:avaDUta~avaDUta(NOUN,3);dcs:avaDUtaM~avaDUta(NOUN,1)
avaDi	1	dcs:avaDi~avaDi(NOUN,12)
avaDitsi	1	vidyut:avaDit~avaDitsa(noun,7)
avaDya	2	vidyut:avaDyAnAm~avaDyAna(noun,1);vidyut:avaDyam~avaDA(noun,2)
avaI	1	vidyut:avaya~avayA(noun,2)
avaIkz	1	vidyut:avekzita~avaIkzi(noun,2)
avaSas	1	vidyut:avaSas~avaSa(noun,1)
avaSyAya	1	dcs:avaSyAya~avaSya(ADJ,1)
avaSyam	2	dcs:avaSyaM~avaSya(ADJ,4);dcs:avaSyam~avaSya(ADJ,15)
avaad	2	vidyut:avAdya~avaAdi(noun,2);vidyut:avAdya~avaAdi(ind,1)
avaas	3	vidyut:avAsAm~avaAsi(noun,7);vidyut:avAsAm~avaso(verb,1);vidyut:avAsyA~avaAsi(noun,1)
avabuD	1	vidyut:avaboDaka~avaboDi(noun,12)
avaci	3	vidyut:avaca~avacapi(noun,8);vidyut:avacam~avacapi(noun,5);vidyut:avacam~vac(verb,2)
avaday	1	vidyut:avat~av(noun,3)
avadya	2	dcs:avadya~avadya(NOUN,3);dcs:avadyam~avadya(ADJ,12)
avagAha	1	dcs:avagAhe~avagAh(VERB,1)
avagAmi	1	vidyut:avagamyam~avagam(noun,3)
avagrah	1	vidyut:avagfhRatAm~avagrah(verb,1)
avahA	3	vidyut:avahAsya~avahas(noun,2);vidyut:avahAsya~avahAsi(noun,2);vidyut:avahAsya~avahAsi(ind,1)
avahas	2	vidyut:avahas~vah(verb,1);vidyut:avahas~avahA(noun,1)
avahf	2	vidyut:avahArya~avahAri(noun,2);vidyut:avahArya~avahAri(ind,1)
avahita	2	dcs:avahitA~avaDA(VERB,1);dcs:avahitaH~avaDA(VERB,8)
avakIl	1	vidyut:avakIlana~avakIli(noun,2)
avakzAma	1	vidyut:avakzAma~vakz(verb,1)
avakzud	1	vidyut:avakzodana~avakzodi(noun,2)
avalamb	1	vidyut:avalambin~avalambi(noun,2)
avalambana	1	dcs:avalambana~avalambana(ADJ,1)
avalip	1	dcs:avalipta~avalipta(ADJ,1)
avaloc	3	vidyut:avalok~avalok(noun,7);vidyut:avalok~avaloki(noun,7);vidyut:avalok~avaloci(noun,7)
avalok	2	vidyut:avalokaka~avaloki(noun,4);vidyut:avalokin~avaloki(noun,2)
avalokay	2	dcs:avalokita~avalokita(NOUN,1);dcs:avalokitam~avalokita(NOUN,3)
avamAnay	1	dcs:avamAnitA~avamAnitf(ADJ,1)
avamAni	6	vidyut:avamAnin~avaman(noun,4);vidyut:avamAnin~avamAn(noun,2);vidyut:avamAnya~avaman(noun,4);vidyut:avamAnya~avamAn(noun,4);vidyut:avamAnya~avamAni(ind,4)
avama	1	dcs:avamAya~avamA(VERB,1)
avaman	1	vidyut:avamata~vam(verb,1)
avamfd	1	vidyut:avamardin~avamardi(noun,2)
avamih	1	vidyut:avamehanti~avamih(verb,1)
avanadDa	1	dcs:avanadDaM~avanah(VERB,1)
avanam	1	dcs:avanataH~avana(NOUN,1)
avani	1	dcs:avane~avana(NOUN,1)
avantI	1	dcs:avantI~av(VERB,2)
avanti	1	dcs:avanti~av(VERB,14)
avarRa	2	dcs:avarRa~avarRa(ADJ,1);dcs:avarRam~avarRa(ADJ,1)
avara	2	dcs:avaraH~avara(NOUN,2);dcs:avare~avara(NOUN,1)
avaraja	1	dcs:avarajaH~avaraja(ADJ,2)
avaruD	1	dcs:avarundDe~varuRapraGAsa(NOUN,1)
avas	3	dcs:avaH~avas(ADV,5);dcs:avas~avas(NOUN,1);dcs:avo~avas(ADV,5)
avasA	3	dcs:avasAya~avasAya(NOUN,2);dcs:avasita~avasita(ADJ,1);dcs:avasite~avasita(NOUN,1)
avasAna	1	dcs:vasAne~vas(VERB,2)
avasTA	3	dcs:avasTA~vas(VERB,1);dcs:avasTAH~vas(VERB,1);vidyut:avasTa~avasTa(noun,2)
avasad	1	vidyut:avasAdin~avasAdi(noun,4)
avataMs	2	vidyut:avatan~avatAmi(noun,7);vidyut:avatan~avataMsi(noun,7)
avatf	1	dcs:avatara~avatara(NOUN,1)
avekz	2	dcs:avekze~avekzA(NOUN,1);dcs:avekzitA~avekzitf(ADJ,1)
avfka	1	dcs:avfkam~avfka(NOUN,1)
avftti	1	dcs:avftti~avftti(ADJ,1)
avi	1	dcs:viBiH~vi(NOUN,1)
aviGna	1	vidyut:aviGna~aviGnA(noun,3)
aviSeza	2	dcs:aviSeza~aviSeza(ADJ,1);dcs:aviSezaH~aviSeza(ADJ,2)
aviSezatas	1	dcs:aviSezataH~aviSeza(NOUN,1)
avidUra	1	dcs:avidUra~avidUra(ADJ,1)
avikAra	1	dcs:avikAra~avikAra(ADJ,1)
avikalpa	2	dcs:avikalpa~avikalpa(ADJ,3);dcs:avikalpena~avikalpa(NOUN,1)
avikriyA	1	vidyut:avikriya~avikriya(noun,2)
avimukta	1	dcs:avimukta~avimukta(ADJ,2)
avinItA	1	vidyut:avinIta~avinIta(noun,2)
avinIta	1	vidyut:avinItAnAm~avinItA(noun,2)
avinaya	1	dcs:avinaya~avinaya(ADJ,1)
avisaMvAditA	1	vidyut:avisaMvAditA~avisaMvAdita(noun,1)
avitaTa	2	vidyut:avitaTam~avitaTam(ind,1);vidyut:avitaTena~avitaTena(ind,1)
avitf	1	dcs:avitA~av(VERB,20)
avizAda	1	dcs:avizAda~avizAda(ADJ,1)
aviza	1	dcs:aviza~av(VERB,4)
avizaya	1	dcs:avizaya~avizaya(ADJ,1)
avyAkfta	2	dcs:avyAkfta~avyAkfta(NOUN,1);dcs:avyAkftam~avyAkfta(NOUN,1)
avya	2	dcs:avyA~avi(NOUN,1);dcs:avye~avya(NOUN,1)
avyaTa	1	dcs:vyaTo~vyaT(NOUN,1)
avyaTi	2	vidyut:avyaTi~avyaTin(noun,3);vidyut:avyaTi~vyATi(verb,1)
avyakta	5	dcs:avyaktAt~avyakta(ADJ,3);dcs:avyakta~avyakta(NOUN,141);dcs:avyaktaH~avyakta(NOUN,1);dcs:avyaktaM~avyakta(ADJ,20);dcs:avyaktam~avyakta(ADJ,82)
avyavasTA	1	vidyut:avyavasTa~avyavasTa(noun,2)
avyaya	9	dcs:avyayAH~avyaya(NOUN,1);dcs:avyayAya~avyaya(NOUN,1);dcs:avyaya~avyaya(NOUN,20);dcs:avyayaH~avyaya(NOUN,42);dcs:avyayaM~avyaya(NOUN,1)
ayAsya	1	dcs:ayAsyaH~ayAsya(ADJ,2)
ayAta	1	vidyut:ayAta~yA(verb,1)
ayana	2	dcs:ayanAt~ayana(ADJ,1);dcs:ayanam~ayana(ADJ,1)
ayas	1	dcs:ayo~i(VERB,1)
ayatna	1	dcs:ayatnataH~ayatnatas(ADV,2)
ayatta	1	dcs:yatte~yat(VERB,1)
ayoDyA	2	vidyut:ayoDya~ayoDya(noun,2);vidyut:ayoDyayA~ayoDya(noun,1)
ayukta	1	dcs:ayukta~yuj(VERB,10)
ayuta	2	dcs:ayuta~ayuta(ADJ,2);dcs:ayutam~ayuta(ADJ,2)
azAQa	1	vidyut:azAQa~azAQA(noun,3)
azwAdaSan	1	dcs:azwAdaSa~azwAdaSa(ADJ,5)
azwApada	1	dcs:azwApadI~azwApadI(NOUN,2)
azwaguRa	1	dcs:azwaguRam~azwaguRa(NOUN,1)
azwakA	1	dcs:azwakA~azwaka(ADJ,1)
azwaka	1	dcs:azwaka~azwaka(ADJ,2)
azwamI	3	dcs:azwamI~azwama(ADJ,8);dcs:azwamIM~azwama(ADJ,2);dcs:azwamIm~azwama(ADJ,9)
azwama	1	dcs:azwamyA~azwamI(NOUN,1)
azwan	2	dcs:azwA~azwf(ADJ,1);dcs:azwa~aS(VERB,7)
bAD	1	dcs:bADe~bADa(NOUN,6)
bADa	1	dcs:bADo~bAD(VERB,1)
bADaka	1	dcs:bADaka~bADaka(NOUN,4)
bADi	1	vidyut:bADyamAna~bAD(noun,2)
bAQa	1	dcs:bAQam~bAQam(ADV,38)
bAhlika	1	dcs:bAhlika~bAhlika(ADJ,1)
bAhubala	1	vidyut:bAhubale~bAhubali(noun,2)
bAhuka	3	dcs:bAhuka~bAhuka(ADJ,1);dcs:bAhukaH~bAhuka(ADJ,2);dcs:bAhukam~bAhuka(ADJ,1)
bAhutA	1	dcs:bAhutA~bAhutA(NOUN,1)
bAhya	2	dcs:bAhyA~bAhyA(NOUN,4);dcs:bAhyAH~bAhya(NOUN,1)
bAlA	4	dcs:bAlA~bAla(ADJ,80);dcs:bAlAm~bAla(ADJ,7);dcs:bAlAyAH~bAla(ADJ,2);dcs:bAlAyAm~bAla(ADJ,2)
bAla	15	dcs:bAlAH~bAla(ADJ,12);dcs:bAlAM~bAlA(NOUN,12);dcs:bAlAn~bAla(ADJ,14);dcs:bAlAnAM~bAla(ADJ,12);dcs:bAlAnAm~bAla(NOUN,10)
bAlaka	2	dcs:bAlakAn~bAlaka(ADJ,1);dcs:bAlaka~bAlaka(ADJ,1)
bAliSa	2	dcs:bAliSa~bAliSa(ADJ,4);dcs:bAliSaH~bAliSa(ADJ,8)
bAlikA	1	dcs:bAlikA~bAlaka(ADJ,1)
bArhaspatya	1	dcs:bArhaspatya~bArhaspatya(NOUN,1)
bIBatsa	3	dcs:bIBatsA~bIBatsA(NOUN,1);dcs:bIBatsa~bIBatsa(NOUN,7);dcs:bIBatsam~bIBatsa(NOUN,1)
bIBatsu	5	dcs:bIBatso~bIBatsu(ADJ,2);dcs:bIBatsoH~bIBatsu(ADJ,2);dcs:bIBatsu~bIBatsu(NOUN,1);dcs:bIBatsuH~bIBatsu(ADJ,6);dcs:bIBatsuM~bIBatsu(ADJ,6)
bIja	1	dcs:bIja~abIja(ADJ,1)
bIjavat	1	vidyut:bIjavat~bIjavat(ind,1)
bIjin	1	dcs:bIjI~bIjin(ADJ,2)
baBri	1	vidyut:baBri~baBr(noun,9)
baBru	10	dcs:baBrU~baBru(NOUN,3);dcs:baBravaH~baBru(NOUN,1);dcs:baBrave~baBru(ADJ,7);dcs:baBroH~baBru(ADJ,2);dcs:baBru~baBru(NOUN,16)
baBruka	1	dcs:baBruka~baBruka(NOUN,1)
baDU	1	vidyut:baDvA~baDva(noun,1)
baDira	2	dcs:baDirA~baDirA(NOUN,1);dcs:baDira~baDira(NOUN,1)
baR	2	vidyut:bARin~bARi(noun,2);vidyut:baRa~baR(verb,1)
baRqA	1	vidyut:baRqA~baRqa(noun,1)
bahu	1	dcs:bahu~bahu(NOUN,1)
bahula	7	dcs:bahulA~bahulA(NOUN,9);dcs:bahulAH~bahulA(NOUN,2);dcs:bahula~bahula(NOUN,1);dcs:bahulaH~bahula(NOUN,1);dcs:bahulaM~bahula(NOUN,1)
bahuprajas	1	dcs:bahuprajA~bahuprajA(NOUN,1)
bahurUpa	1	dcs:bahurUpaM~bahurUpa(ADJ,1)
bahvapatya	1	vidyut:bahvapatya~bahvapatyA(noun,3)
bala	2	dcs:balaH~abala(ADJ,3);dcs:bale~abala(ADJ,5)
baladA	1	vidyut:balada~balada(noun,2)
balavat	2	dcs:balavAn~balavant(NOUN,4);dcs:balavatI~balavatI(NOUN,1)
bali	1	dcs:bali~balin(ADJ,7)
balin	6	dcs:balI~balin(NOUN,17);dcs:baliBiH~bali(NOUN,16);dcs:balinA~bali(NOUN,55);dcs:balinaH~bali(NOUN,1);dcs:balinaM~balin(NOUN,1)
banDa	1	dcs:banDa~banD(VERB,25)
banDana	1	dcs:banDanam~banDana(ADJ,7)
banDumatI	1	dcs:banDumatIM~banDumat(ADJ,3)
banDura	1	dcs:banDura~banDura(NOUN,2)
banDuvat	1	vidyut:banDuvat~banDuvat(ind,1)
barhaRA	1	dcs:barhaRA~barhaRa(ADJ,2)
barhin	2	dcs:barhi~barhis(NOUN,20);dcs:barhiRaH~barhiRa(NOUN,5)
barhizad	1	dcs:barhizadaH~barhizad(ADJ,2)
barhizmant	1	dcs:barhizmate~barhizmat(ADJ,1)
barhizmat	1	dcs:barhizmatI~barhizmatI(NOUN,1)
basti	1	vidyut:bad~bad(noun,7)
bfMhay	1	dcs:bfMhita~bfMhita(NOUN,1)
bfhadBAsA	1	vidyut:bfhadBAsa~bfhadBAsa(noun,2)
bfhaddiva	1	vidyut:bfhaddiva~bfhaddivA(noun,3)
bfhant	2	dcs:bfhatA~bfhat(ADJ,28);dcs:bfhata~bfhat(ADJ,6)
bfhat	14	dcs:bfhad~bfhant(NOUN,88);dcs:bfhan~bfhant(NOUN,6);dcs:bfhantA~bfhant(NOUN,2);dcs:bfhanta~bfhanta(NOUN,1);dcs:bfhantaH~bfhanta(NOUN,5)
bfhatI	3	dcs:bfhatI~bfhat(ADJ,56);dcs:bfhatIM~bfhat(ADJ,9);dcs:bfhatIm~bfhat(ADJ,17)
bfhatPala	1	vidyut:bfhatPala~bfhatPalA(noun,3)
bfhatka	1	vidyut:bfhatkAya~bfhatkAya(noun,2)
bfhatsenA	1	vidyut:bfhatsena~bfhatsena(noun,2)
biBitsa	1	vidyut:biBid~biBitsi(noun,7)
boDa	1	dcs:boDa~buD(VERB,4)
boDana	1	dcs:boDana~boDana(ADJ,1)
boDay	2	dcs:boDitaH~boDi(NOUN,1);dcs:boDya~buD(VERB,2)
boDi	1	dcs:boDi~BU(VERB,36)
bodDf	1	dcs:bodDf~bodDf(ADJ,2)
brAhmI	1	dcs:brAhmI~brAhma(ADJ,32)
brAhma	8	dcs:brAhmIM~brAhmI(NOUN,4);dcs:brAhmIm~brAhmI(NOUN,2);dcs:brAhma~brAhma(NOUN,3);dcs:brAhmaM~brAhma(NOUN,8);dcs:brAhmam~brAhma(NOUN,2)
brAhmaRI	2	dcs:brAhmaRI~brAhmaRa(ADJ,1);dcs:brAhmaRIm~brAhmaRa(ADJ,2)
brAhmaRa	7	dcs:brAhmaRAH~brAhmaRa(ADJ,1);dcs:brAhmaRAn~brAhmaRa(ADJ,1);dcs:brAhmaRaH~brAhmaRa(ADJ,1);dcs:brAhmaRaM~brAhmaRa(ADJ,3);dcs:brAhmaRam~brAhmaRa(ADJ,3)
brAhmaRya	1	dcs:brAhmaRyam~brAhmaRya(ADJ,2)
brU	4	dcs:abruvan~abruvat(ADJ,8);dcs:brUhi~brUhi(NOUN,1);dcs:bruvan~brU(VERB,128);dcs:bruvato~abruvat(ADJ,1)
braDna	3	dcs:braDna~braDna(ADJ,6);dcs:braDnam~braDna(NOUN,6);dcs:braDnasya~braDna(ADJ,2)
brahmaRvatI	1	vidyut:brahmaRvatI~brahmaRvat(noun,4)
brahmaRya	2	dcs:brahmaRya~brahmaRya(NOUN,4);dcs:brahmaRyaH~brahmaRya(NOUN,2)
brahmacArin	4	dcs:brahmacArI~brahmacArin(ADJ,64);dcs:brahmacAriRI~brahmacAriRI(NOUN,5);dcs:brahmacAriRaH~brahmacArin(ADJ,7);dcs:brahmacAriRe~brahmacArin(ADJ,1)
brahmaja	1	vidyut:brahmajAyAm~brahmajAyA(noun,2)
brahmakft	1	vidyut:brahmakfti~brahmakfti(noun,3)
brahmakfta	2	vidyut:brahmakfte~brahmakft(noun,3);vidyut:brahmakfte~brahmakfti(noun,2)
brahman	2	dcs:brahmaRA~yat(SCONJ,1);dcs:brahmaRo~yad(PRON,1)
brahmasutA	1	vidyut:brahmasuta~brahmasuta(noun,2)
brahmavedi	1	vidyut:brahmavedI~brahmavedin(noun,1)
brahmodya	1	vidyut:brahmodya~brahmodyA(noun,3)
bruva	1	dcs:bruva~brU(NOUN,1)
buBUz	1	dcs:buBUzatA~buBUzatA(NOUN,1)
buButsa	1	vidyut:buButsu~buButsi(noun,3)
buD	2	dcs:boDA~boDa(NOUN,1);dcs:budDaH~budDa(NOUN,12)
buDa	4	dcs:buDAH~buDa(NOUN,26);dcs:buDAnAm~buDa(ADJ,2);dcs:buDa~buDa(ADJ,5);dcs:buDaH~buDa(NOUN,106)
buDya	1	dcs:buDya~buD(VERB,2)
budDa	1	dcs:budDa~buD(VERB,22)
budDi	2	dcs:budDe~budDa(NOUN,15);dcs:budDir~abudDi(ADJ,1)
budDikfta	1	vidyut:budDikftam~budDikft(noun,2)
budDimat	1	dcs:budDimatI~budDimatI(NOUN,2)
budDipUrva	1	vidyut:budDipUrvam~budDipUrvam(ind,1)
budbuda	1	dcs:budbudA~budbudA(NOUN,2)
cAcCA	1	vidyut:cAcCA~cAcCAya(noun,9)
cAdi	1	vidyut:cAdAd~cad(noun,2)
cAhi	1	vidyut:cAham~cah(noun,3)
cAkzuza	2	dcs:cAkzuza~cAkzuza(NOUN,4);dcs:cAkzuzaH~cAkzuza(ADJ,7)
cAmara	1	dcs:cAmara~cAmara(ADJ,1)
cAndrI	1	dcs:cAndrI~cAndra(ADJ,1)
cAndramasa	1	dcs:cAndramasam~cAndramasa(NOUN,1)
cAni	1	vidyut:canA~can(noun,4)
cArin	1	dcs:cArizu~cArin(NOUN,1)
cAru	3	dcs:cAru~cAru(NOUN,2);dcs:cAruH~cAru(NOUN,3);dcs:cAruM~cAru(NOUN,2)
cAruhAsinI	1	vidyut:cAruhAsini~cAruhAsin(noun,4)
cArulocanA	1	vidyut:cArulocanA~cArulocana(noun,2)
cArulocana	2	vidyut:cArulocana~cArulocanA(noun,3);vidyut:cArulocane~cArulocanA(noun,14)
cArunetra	1	vidyut:cArunetre~cArunetrA(noun,14)
cArvAka	1	dcs:cArvAka~cArvAka(ADJ,1)
cAturASramya	1	dcs:cAturASramya~cAturASramya(ADJ,1)
cAturhotra	1	dcs:cAturhotra~cAturhotra(ADJ,1)
cAturvarRya	1	dcs:cAturvarRyasya~cAturvarRya(ADJ,1)
cAturvidya	1	dcs:cAturvidyaM~cAturvidya(NOUN,1)
cAy	4	vidyut:cAyA~cAyi(noun,6);vidyut:cAyA~ci(noun,3);vidyut:cAyA~cApi(noun,2);vidyut:cAyA~cay(noun,1)
cAyi	4	vidyut:cAyam~ci(noun,9);vidyut:cAyam~cAy(noun,9);vidyut:cAyam~cApi(noun,6);vidyut:cAyam~cay(noun,3)
cUlA	1	vidyut:cUla~cUla(noun,2)
cUrRa	3	dcs:cUrRAni~carv(VERB,23);dcs:cUrRa~carv(VERB,12);dcs:cUrRam~carv(VERB,48)
cUrRay	1	dcs:cUrRita~cUrRita(NOUN,1)
ca	1	dcs:ca~ca(NOUN,15)
caMkramya	1	vidyut:caNkramyamARa~caMkram(noun,2)
caNkram	1	dcs:caNkramya~caNkramya(NOUN,1)
caRqAlA	1	vidyut:caRqAlA~caRqAla(noun,1)
caRqI	1	dcs:caRqI~caRqa(ADJ,2)
caRqa	3	dcs:caRqAH~caRqA(NOUN,1);dcs:caRqa~caRqa(NOUN,21);dcs:caRqi~caRqI(NOUN,3)
cak	4	dcs:cakita~cakita(NOUN,1);vidyut:cak~cakki(noun,14);vidyut:cak~cAki(noun,7);vidyut:cak~caYc(noun,3)
cakAs	2	vidyut:cakAsa~cakAsi(noun,4);vidyut:cakAsa~kas(verb,2)
cakitacakita	1	vidyut:cakitacakitam~cakitacakitam(ind,1)
cakrANga	2	dcs:cakrANgA~cakrANgA(NOUN,1);vidyut:cakrANga~cakrANgA(noun,3)
cakra	2	dcs:cakrA~kf(VERB,4);dcs:cakra~kf(VERB,15)
cakrabanDa	1	vidyut:cakrabanDam~cakrabanDam(ind,1)
cakravat	1	vidyut:cakravat~cakravat(ind,1)
cakriya	1	dcs:cakriyA~cakrI(NOUN,2)
cakz	4	dcs:cakzata~cakz(VERB,1);dcs:cazwa~cakz(VERB,1);vidyut:cakzARa~kzE(noun,2);vidyut:cakzARa~kzaR(verb,2)
cakzas	2	dcs:cakzasa~cakz(VERB,1);dcs:cakzase~cakz(VERB,16)
cakzus	2	dcs:cakzur~cakz(VERB,1);dcs:cakzuzI~vipaS(VERB,1)
cakzuzya	1	dcs:cakzuzya~cakzuzya(NOUN,1)
cal	4	dcs:calan~cal(VERB,2);dcs:calita~calita(NOUN,1);vidyut:acalas~acala(noun,2);vidyut:cal~cAli(noun,7)
cala	5	dcs:calA~calA(NOUN,3);dcs:cala~cala(NOUN,19);dcs:calaH~cala(NOUN,12);dcs:calam~acala(NOUN,2);dcs:cale~cala(NOUN,8)
calana	1	dcs:calanam~calana(ADJ,1)
cam	1	vidyut:cAmI~cAmi(noun,4)
can	6	vidyut:cAnyAn~cAni(noun,2);vidyut:cAnyAni~cAni(noun,3);vidyut:cAnye~cAni(noun,9);vidyut:cAnye~can(verb,1);vidyut:cAnye~cAni(verb,1)
candra	10	dcs:candrA~candra(NOUN,16);dcs:candrAH~candra(ADJ,3);dcs:candrARi~candra(ADJ,4);dcs:candrAm~candra(NOUN,2);dcs:candrAn~candra(NOUN,1)
candraBA	1	vidyut:candraBa~candraBa(noun,2)
candrodayA	1	vidyut:candrodaye~candrodaya(noun,9)
capala	4	dcs:capalA~capalA(NOUN,20);dcs:capala~capala(NOUN,11);dcs:capalaH~capala(NOUN,28);dcs:capalam~capala(NOUN,5)
capewA	1	vidyut:capewA~capewa(noun,1)
car	7	dcs:cara~cara(ADJ,53);dcs:carat~car(VERB,4);dcs:caritAm~carita(NOUN,2);dcs:carita~carita(NOUN,29);dcs:caritaH~carita(NOUN,18)
carAcara	1	dcs:carAcarAH~carAcara(NOUN,3)
cara	7	dcs:carA~car(VERB,4);dcs:carAH~cara(NOUN,11);dcs:carARAM~cara(NOUN,1);dcs:carARi~car(VERB,3);dcs:carAn~car(VERB,2)
caraTa	1	dcs:caraTaM~caraTa(NOUN,2)
carama	1	dcs:caramaM~caramam(ADV,2)
carita	4	dcs:caritaM~car(VERB,30);dcs:caritam~car(VERB,35);dcs:carite~car(VERB,12);dcs:caritena~car(VERB,1)
carmaRvat	2	vidyut:carmaRvatIm~carmaRvatI(noun,2);vidyut:carmaRvati~carmaRvatI(noun,5)
carmavat	1	vidyut:carmavat~carmavat(ind,1)
caryA	1	dcs:caryA~car(VERB,1)
carya	1	dcs:carya~car(VERB,2)
carzaRi	2	dcs:carzaRI~carzaRi(ADJ,1);dcs:carzaRiH~carzaRi(ADJ,1)
catur	4	dcs:catuH~catu(ADJ,1);dcs:catura~catura(ADJ,21);dcs:caturaH~catura(ADJ,16);dcs:caturo~catura(ADJ,3)
caturBuja	1	dcs:caturBujaH~caturBuja(ADJ,1)
caturTI	1	dcs:caturTyAm~caturTa(ADJ,5)
caturTa	3	dcs:caturTI~caturTI(NOUN,51);dcs:caturTaH~caturTa(NOUN,1);dcs:caturTam~caturTam(ADV,54)
caturantA	2	vidyut:caturantA~caturanta(noun,1);vidyut:caturanta~caturanta(noun,2)
caturasra	1	dcs:caturasra~caturasra(NOUN,1)
caturdaSan	1	dcs:caturdaSa~caturdaSa(ADJ,6)
caturmuKa	1	dcs:caturmuKaH~caturmuKa(ADJ,1)
catuzka	1	dcs:catuzka~catuzka(ADJ,10)
catuzpAd	2	dcs:catuzpAd~catuzpAd(ADJ,9);dcs:catuzpAt~catuzpAd(ADJ,4)
catuzpAda	2	dcs:catuzpAda~catuzpAda(NOUN,2);dcs:catuzpAdaH~catuzpAd(NOUN,7)
catuzpada	4	dcs:catuzpadA~catuzpada(NOUN,3);dcs:catuzpadI~catuzpadI(NOUN,2);dcs:catuzpada~catuzpada(NOUN,7);dcs:catuzpade~catuzpada(NOUN,1)
ced	1	dcs:ced~ced(NOUN,1)
cekit	2	dcs:cekitAnA~cekitAna(ADJ,1);vidyut:cekit~cekitya(noun,7)
cekitAna	3	dcs:cekitAna~cekit(VERB,1);dcs:cekitAnaH~cekit(VERB,4);dcs:cekitAnam~cekit(VERB,2)
cekitya	1	vidyut:cekita~ceki(verb,1)
cetanA	2	dcs:cetanAH~cetana(ADJ,2);dcs:cetanaH~cetana(ADJ,19)
cetana	3	dcs:cetana~cetana(NOUN,3);dcs:cetanaM~cetana(NOUN,1);dcs:cetanam~cetanA(NOUN,10)
cetas	1	dcs:cetaso~acetas(ADJ,1)
cetf	1	dcs:cetA~ci(VERB,1)
ceti	1	vidyut:cetam~cit(noun,6)
cettf	1	dcs:cettA~cit(VERB,2)
cezw	2	dcs:cezwitaM~cezwita(NOUN,7);dcs:cezwitam~cezwita(NOUN,32)
cezwita	1	dcs:cezwita~cezw(VERB,2)
cft	1	dcs:cfta~cfta(NOUN,1)
ci	8	dcs:cinoti~cinoti(NOUN,1);dcs:citAH~cita(ADJ,1);dcs:cita~cit(ADJ,8);dcs:citaH~cit(ADJ,27);dcs:citam~cit(ADJ,23)
cicCitsi	1	vidyut:cicCid~cicCitsa(noun,7)
cikIrza	6	vidyut:acikIrzat~cikarIza(verb,1);vidyut:cikIrzamARa~cikarIza(noun,4);vidyut:cikIrzeya~cikarIza(verb,1);vidyut:cikIrzu~cikIrzi(noun,6);vidyut:cikIrzu~cikarIza(noun,6)
cikIrzita	1	dcs:cikIrzitam~cikIrz(VERB,25)
cikits	1	dcs:cikitsAt~cikitsA(NOUN,1)
cikitsA	1	dcs:cikitsA~cikits(VERB,2)
cint	4	vidyut:cintayamAna~cinti(noun,4);vidyut:cintayantIm~cinti(noun,1);vidyut:cintyamAnasya~cinti(noun,2);vidyut:cintyamAne~cinti(noun,9)
cintay	9	dcs:cintayad~cintay(VERB,2);dcs:cintayata~cintay(VERB,1);dcs:cintita~cintita(NOUN,2);dcs:cintitaM~cintita(NOUN,3);dcs:cintitam~cintita(NOUN,8)
cirAya	1	dcs:cirAya~cira(ADJ,13)
cirakAla	1	vidyut:cirakAlAt~cirakAlAt(ind,1)
ciram	2	dcs:ciraM~cira(ADJ,48);dcs:ciram~cira(ADJ,43)
cirasya	1	dcs:cirasya~cira(ADJ,9)
cireRa	1	dcs:cireRa~cira(ADJ,9)
cit	4	dcs:ceti~ceti(NOUN,1);dcs:cid~cit(NOUN,29);dcs:cikitur~cikitu(ADJ,1);dcs:cit~cit(NOUN,310)
citA	2	dcs:citA~ci(VERB,18);dcs:citAm~ci(VERB,4)
citra	15	dcs:citrA~citrA(NOUN,58);dcs:citrAH~citra(NOUN,1);dcs:citrAM~citrA(NOUN,3);dcs:citrARi~citra(NOUN,1);dcs:citrAm~citrA(NOUN,2)
citrapada	1	vidyut:citrapada~citrapadA(noun,3)
citri	1	vidyut:citrayAma~citrayAma(noun,2)
citta	3	dcs:cittAni~cit(VERB,1);dcs:citta~cit(VERB,2);dcs:cittam~cit(VERB,1)
cityA	1	dcs:cityA~ci(VERB,1)
coda	1	dcs:coda~cud(VERB,2)
coday	2	dcs:coditA~coditf(ADJ,7);dcs:codya~codya(NOUN,2)
cuYcu	1	dcs:cuYcu~cuYcu(ADJ,1)
cukopayiza	1	vidyut:cukopayizu~cukupiza(noun,3)
cyavana	2	dcs:cyavanaH~cyavana(ADJ,1);dcs:cyavanam~cyavana(ADJ,1)
cyu	6	dcs:cyutA~cyut(ADJ,6);dcs:cyutAH~acyuta(ADJ,1);dcs:cyuta~acyuta(NOUN,16);dcs:cyutaH~acyuta(NOUN,16);dcs:cyutaM~acyuta(NOUN,1)
cyuti	1	dcs:cyuti~cyut(ADJ,1)
dA	42	dcs:adadat~adadat(ADJ,1);dcs:dAH~da(ADJ,155);dcs:dAd~dA(VERB,3);dcs:dAmane~dAman(NOUN,1);dcs:dAsye~dAsya(NOUN,6)
dAS	2	dcs:dASuzaH~dASvas(ADJ,1);vidyut:dASAnAm~dASi(noun,12)
dASArha	1	dcs:dASArhA~dASArha(ADJ,1)
dASaraTa	1	dcs:dASaraTe~dASaraTi(NOUN,2)
dASvas	1	vidyut:dASvas~dASva(noun,1)
dAkziRAtya	2	dcs:dAkziRAtyAH~dAkziRAtya(NOUN,1);dcs:dAkziRAtyAnAm~dAkziRAtya(NOUN,1)
dAkziRya	1	dcs:dAkziRya~dAkziRya(ADJ,1)
dAmBika	1	dcs:dAmBika~dAmBika(NOUN,1)
dAman	2	dcs:dAmanaH~dAmana(ADJ,1);dcs:dAmani~dAmani(NOUN,1)
dAna	1	dcs:dAno~dAnu(NOUN,1)
dAnavI	1	dcs:dAnavI~dAnava(ADJ,1)
dAnava	1	dcs:dAnavaM~dAnava(ADJ,7)
dAra	1	dcs:dArAH~dAra(ADJ,1)
dAraRI	1	vidyut:dAraRI~dAri(noun,3)
dAraRa	1	dcs:dAraRam~dAraRa(NOUN,5)
dAri	2	vidyut:adAri~dF(verb,2);vidyut:adAri~df(verb,2)
dAruRa	9	dcs:dAruRA~dAru(NOUN,5);dcs:dAruRAH~dAruRa(NOUN,2);dcs:dAruRa~dAruRa(NOUN,1);dcs:dAruRaH~dAru(NOUN,3);dcs:dAruRaM~dAruRa(NOUN,2)
dAruka	1	dcs:dAruke~dAruki(NOUN,1)
dAsa	4	dcs:dAsA~dAsa(ADJ,3);dcs:dAsIH~dAsI(NOUN,3);dcs:dAsaM~dAsa(ADJ,1);dcs:dAsam~dAsa(ADJ,1)
dAsya	1	dcs:dAsya~dA(VERB,1)
dAtf	2	dcs:dAtA~dA(VERB,32);dcs:dAtra~dAtra(NOUN,1)
dAtu	1	dcs:dAtu~dA(VERB,2)
dAya	1	dcs:dAyam~dAya(ADJ,1)
dAyin	1	dcs:dAyi~dA(VERB,3)
dIdI	1	dcs:dIdAya~dIda(ADJ,1)
dIkz	1	dcs:dIkzitAH~dIkzay(VERB,10)
dIkzA	1	dcs:dIkzA~dIkz(VERB,8)
dIna	1	dcs:dInaM~dIna(NOUN,2)
dIp	7	dcs:dIptA~dIptA(NOUN,10);dcs:dIpta~dIpta(NOUN,3);dcs:dIptaM~dIpta(NOUN,2);dcs:dIptam~dIpta(ADJ,1);dcs:dIpte~dIpta(NOUN,1)
dIpaka	1	dcs:dIpaka~dIpaka(ADJ,1)
dIpana	1	dcs:dIpana~dIpana(NOUN,30)
dIptimat	1	dcs:dIptimantaH~dIptimant(NOUN,1)
dIrGa	5	dcs:dIrGA~dIrGA(NOUN,3);dcs:dIrGAya~dIrGa(NOUN,1);dcs:dIrGa~dIrGa(NOUN,8);dcs:dIrGaH~dIrGa(NOUN,3);dcs:dIrGaM~dIrGa(NOUN,1)
dIrGadarSin	1	dcs:dIrGadarSI~dIrGadarSin(NOUN,2)
dIrGajihva	1	vidyut:dIrGajihva~dIrGajihvA(noun,3)
dIrGikA	1	dcs:dIrGikA~dIrGika(ADJ,1)
dIrGika	1	dcs:dIrGikAm~dIrGikA(NOUN,1)
dIvyat	1	vidyut:dIvyat~div(noun,3)
dUrAt	1	dcs:dUrAt~dUra(ADJ,33)
dUra	3	dcs:dUra~dUra(NOUN,26);dcs:dUre~dUra(ADJ,34);dcs:dUreRa~dUra(NOUN,4)
dUram	2	dcs:dUraM~dUra(ADJ,39);dcs:dUram~dUra(ADJ,59)
dUrapAra	1	vidyut:dUrapAra~dUrapArA(noun,3)
dUratas	2	dcs:dUrata~dUra(NOUN,1);dcs:dUrataH~dUra(NOUN,2)
dUrv	1	vidyut:dUr~dUrvi(noun,7)
dUzaRa	3	dcs:dUzaRaH~dUzaRa(ADJ,9);dcs:dUzaRam~dUzaRa(ADJ,21);dcs:dUzaRo~dUzaRa(ADJ,1)
dUzi	2	dcs:dUzir~dUzi(NOUN,1);dcs:dUzyA~dUzay(VERB,2)
dUzya	1	dcs:dUzya~dUzya(ADJ,2)
da	3	dcs:dA~dA(VERB,31);dcs:dAya~dAya(NOUN,22);dcs:da~da(NOUN,13)
daBra	1	dcs:daBram~daBra(NOUN,1)
daDIca	1	dcs:daDIco~daDyac(NOUN,7)
daMS	2	dcs:dazwa~dazwa(NOUN,13);dcs:dazwe~dazwa(NOUN,1)
daMSay	3	dcs:daMSitAH~daMSita(ADJ,2);dcs:daMSita~daMSita(ADJ,1);dcs:daMSitaH~daMSita(ADJ,1)
daMdramya	1	vidyut:dandramyamARa~daMdram(noun,2)
daMzwrin	1	dcs:daMzwriRaH~daMzwrin(NOUN,2)
daRqaDara	1	dcs:daRqaDaro~daRqaDara(NOUN,1)
daRqin	1	dcs:daRqiBiH~daRqin(NOUN,1)
daSA	1	dcs:daSA~daSan(NUM,34)
daSajyotis	1	vidyut:daSajyotis~daSajyoti(noun,2)
daSamI	2	dcs:daSamI~daSama(ADJ,19);dcs:daSamyA~daSama(ADJ,4)
daSama	1	dcs:daSamIm~daSamI(NOUN,3)
daSan	2	dcs:daSAnAm~daSA(NOUN,2);dcs:daSa~daMS(VERB,5)
daSasy	1	dcs:daSasyA~daSasyA(ADV,3)
daSin	1	dcs:daSI~daSin(NOUN,1)
dah	7	dcs:dagDA~dagDA(NOUN,3);dcs:dagDa~dagDa(ADJ,8);dcs:dagDaH~dagDa(ADJ,2);dcs:dagDaM~dagDa(NOUN,1);dcs:dagDam~dagDa(NOUN,3)
dahana	2	dcs:dahana~dahana(ADJ,1);dcs:dahanam~dahana(ADJ,4)
dahara	1	dcs:dahara~dahara(NOUN,1)
dakza	12	dcs:dakzA~dakza(NOUN,2);dcs:dakzAH~dakza(NOUN,5);dcs:dakzARAm~dakza(ADJ,1);dcs:dakzAn~dakza(NOUN,1);dcs:dakzAya~dakza(ADJ,7)
dakzi	1	vidyut:dakzi~dakz(noun,18)
dakziRA	5	dcs:dakziRA~dakziRA(ADV,178);dcs:dakziRAH~dakziRa(ADJ,17);dcs:dakziRAm~dakziRa(ADJ,68);dcs:dakziRAyA~dakziRa(ADJ,4);dcs:dakziRayA~dakziRa(ADJ,15)
dakziRa	12	dcs:dakziRAM~dakziRA(NOUN,97);dcs:dakziRAni~dakziRA(NOUN,1);dcs:dakziRAt~dakziRA(NOUN,1);dcs:dakziRAyAH~dakziRA(NOUN,5);dcs:dakziRAyAM~dakziRA(NOUN,5)
dakziRatas	2	dcs:dakziRataH~dakziRa(ADJ,1);dcs:dakziRatas~dakziRa(ADJ,1)
dal	1	vidyut:dalaka~dAli(noun,4)
dam	4	dcs:dAntAn~dAnta(ADJ,1);dcs:dAnta~dAnta(ADJ,4);dcs:dAntaH~dAnta(NOUN,2);dcs:dAnto~dAnta(NOUN,4)
damUnas	1	dcs:damUnA~damUnas(ADJ,1)
damanI	1	dcs:damanI~damana(ADJ,3)
damana	3	dcs:damana~damana(ADJ,1);dcs:damanaH~damana(ADJ,5);dcs:damanam~damana(NOUN,3)
damayantI	2	dcs:damayanti~damay(VERB,2);vidyut:damayantyAm~dAmi(noun,1)
dandaSUka	1	dcs:dandaSUkAH~dandaSUka(ADJ,3)
dantin	1	dcs:dantinAm~dantin(ADJ,1)
darSa	2	dcs:darSaH~darSa(ADJ,1);dcs:darSam~dfS(VERB,3)
darSanArTa	1	vidyut:darSanArTam~darSanArTam(ind,1)
darSanIya	5	dcs:darSanIyA~dfS(VERB,2);dcs:darSanIyAni~dfS(VERB,3);dcs:darSanIya~dfS(VERB,5);dcs:darSanIyaH~dfS(VERB,4);dcs:darSanIyaM~dfS(VERB,10)
darSana	1	dcs:darSanaH~darSana(ADJ,3)
darSay	1	dcs:darSayitA~darSayitf(ADJ,1)
darSi	1	vidyut:darSayizyanti~darSi(verb,1)
darSin	1	dcs:darSi~dfS(VERB,2)
dara	1	dcs:dara~dara(ADJ,6)
dari	2	vidyut:daryAm~darI(noun,2);vidyut:daryAm~dAri(noun,1)
daridra	1	dcs:daridrA~daridrA(NOUN,1)
dasma	3	dcs:dasma~dasma(ADJ,5);dcs:dasmaH~dasma(ADJ,1);dcs:dasmam~dasma(ADJ,6)
dasra	1	dcs:dasrA~dasra(ADJ,3)
davIyas	1	vidyut:davIyas~davIyas(ind,1)
davidyut	1	dcs:davidyutat~davidyutat(NOUN,1)
dayA	1	dcs:dayA~da(ADJ,1)
dayitA	2	dcs:dayitA~dayita(ADJ,39);dcs:dayitAm~dayita(ADJ,3)
dayita	2	dcs:dayitaH~dayitA(NOUN,2);dcs:dayitaM~dayita(NOUN,2)
de	1	vidyut:dayatAm~day(verb,1)
deSika	1	dcs:deSikaH~deSika(NOUN,9)
deSya	1	dcs:deSya~deSya(NOUN,1)
dedIpya	1	vidyut:dedIpyamAna~dedIp(noun,2)
dehin	4	dcs:dehI~dehin(ADJ,1);dcs:dehinAm~dehin(ADJ,3);dcs:dehinaH~dehin(ADJ,3);dcs:dehinam~dehin(ADJ,2)
devAsura	3	dcs:devAsura~devAsura(ADJ,2);dcs:devAsuraM~devAsura(NOUN,5);dcs:devAsure~devAsura(ADJ,14)
devI	8	dcs:devI~deva(ADJ,12);dcs:devIH~deva(ADJ,23);dcs:devIM~deva(ADJ,1);dcs:devIm~deva(ADJ,6);dcs:devIr~deva(ADJ,32)
deva	15	dcs:devA~deva(ADJ,3);dcs:devAH~deva(ADJ,2);dcs:devAn~deva(ADJ,1);dcs:devAsa~deva(ADJ,2);dcs:devAya~deva(ADJ,3)
devafzi	2	vidyut:devarzIRAm~devarzi(noun,3);vidyut:devarziRA~devarzi(noun,2)
devajA	1	vidyut:devajA~devaja(noun,2)
devaja	1	vidyut:devaja~devajA(noun,1)
devamAyA	2	vidyut:devamAyA~devamAya(noun,1);vidyut:devamAyayA~devamAya(noun,1)
devanirmitA	1	vidyut:devanirmita~devanirmita(noun,2)
devapur	2	vidyut:devapurA~devapurA(noun,3);vidyut:devapurA~devapura(noun,1)
devapurA	1	vidyut:devapura~devapura(noun,2)
devara	1	dcs:devarAj~devarAj(NOUN,1)
devarakzitA	1	vidyut:devarakzita~devarakzita(noun,2)
devasfzwA	2	vidyut:devasfzwA~devasfzwa(noun,1);vidyut:devasfzwa~devasfzwa(noun,2)
devasva	1	vidyut:devasva~dev(verb,1)
devatA	1	dcs:devatA~devatA(ADV,4)
devata	1	dcs:devata~devatA(NOUN,2)
devavant	1	dcs:devavAn~devavat(ADJ,2)
devavat	2	dcs:devavantam~devavant(NOUN,1);vidyut:devavat~devavat(ind,1)
devayajyA	1	vidyut:devayajyayA~devayajya(noun,1)
devi	5	vidyut:deti~div(noun,12);vidyut:devayantI~div(noun,4);vidyut:devayat~div(noun,3);vidyut:devin~div(noun,6);vidyut:devin~dev(noun,2)
devikA	1	vidyut:devikAyAm~devika(noun,2)
devika	1	vidyut:devika~devikA(noun,3)
devitf	1	dcs:devitA~dIv(VERB,2)
deya	1	dcs:deya~dA(VERB,16)
df	4	vidyut:dadrARa~drA(noun,2);vidyut:dadrARa~drE(noun,2);vidyut:dadruzI~drA(noun,4);vidyut:dadruzI~drE(noun,4)
dfMhay	1	dcs:dfMhitA~dfMhitf(NOUN,1)
dfQAyus	1	vidyut:dfQAyus~dfQAyu(noun,2)
dfQa	5	dcs:dfQA~dfh(VERB,7);dcs:dfQAni~dfh(VERB,1);dcs:dfQaH~dfQa(NOUN,3);dcs:dfQaM~dfQam(ADV,80);dcs:dfQam~dfQam(ADV,132)
dfS	21	dcs:darSanIyam~darSanIya(ADJ,6);dcs:dfSe~dfS(NOUN,4);dcs:dfSi~dfSi(NOUN,10);dcs:dfSyA~dfSya(ADJ,2);dcs:dfSyAni~dfSya(ADJ,1)
dfSIka	1	dcs:dfSIkam~dfSIka(NOUN,1)
dfSyAdfSyA	1	vidyut:dfSyAdfSya~dfSyAdfSya(noun,2)
dfzwArTa	1	dcs:dfzwArTa~dfzwArTa(NOUN,1)
dfzwi	1	dcs:dfzwiBiH~dfzwin(ADJ,3)
diDakza	1	vidyut:diDakzu~diDakzi(noun,3)
diS	3	dcs:adizwa~adizwa(ADJ,1);dcs:diSa~diS(VERB,8);vidyut:dekzyanti~diS(verb,1)
didAsi	1	vidyut:didAs~didAsa(noun,14)
didfkzeya	1	vidyut:didfkzeya~didfkza(verb,1)
didyut	1	dcs:didyutaH~dyut(VERB,1)
digambara	1	dcs:digambaraH~digambara(ADJ,1)
diganta	1	dcs:diganta~diganta(ADJ,1)
digvAsas	1	dcs:digvAsAH~digvAsas(NOUN,2)
dih	3	dcs:digDa~digDa(NOUN,9);dcs:digDena~digDa(NOUN,1);vidyut:dehaka~dehi(noun,4)
dina	2	dcs:dinAni~dA(VERB,1);dcs:dinam~dA(VERB,5)
ditsa	1	vidyut:ditsita~ditsi(noun,8)
ditsi	1	vidyut:aditsanta~ditsa(verb,2)
div	1	dcs:div~div(ADV,2)
divA	1	dcs:divA~div(NOUN,115)
divAniSam	1	dcs:divAniSam~divAniSam(NOUN,1)
divArAtra	1	dcs:divArAtraM~divArAtram(ADV,2)
diva	1	dcs:dive~div(NOUN,84)
divija	1	vidyut:divija~divijA(noun,1)
divya	12	dcs:divyA~divyA(NOUN,12);dcs:divyAnAm~divya(NOUN,1);dcs:divyAni~divya(NOUN,8);dcs:divya~divya(NOUN,8);dcs:divyaH~divya(NOUN,1)
dizwa	3	dcs:dizwa~diS(VERB,9);dcs:dizwaM~diS(VERB,13);dcs:dizwam~diS(VERB,11)
doDu	1	dcs:daviDvataH~daviDvat(NOUN,1)
dogDf	2	dcs:dogDA~dogDf(NOUN,3);dcs:dogDrI~dogDrI(NOUN,2)
dogDrI	4	dcs:dogDrIH~dogDf(ADJ,1);dcs:dogDrIm~dogDf(ADJ,1);vidyut:dogDrIRAm~dogDf(noun,1);vidyut:dogDrIRAm~duh(noun,1)
dohana	1	dcs:dohanA~dohana(NOUN,1)
doza	2	dcs:dozA~dozA(ADV,22);dcs:dozAm~dozA(NOUN,3)
drAh	2	vidyut:drAhi~drAhi(noun,9);vidyut:drAhi~drA(verb,1)
drAkzA	1	vidyut:drAkze~drAkza(noun,9)
drava	3	dcs:dravA~dru(VERB,5);dcs:drava~drava(NOUN,131);dcs:dravaH~drava(ADJ,3)
dravantI	1	dcs:dravantI~dru(VERB,1)
draviRas	2	vidyut:draviRas~dravi(noun,2);vidyut:draviRas~draviRa(noun,2)
draviRodA	2	vidyut:draviRodA~draviRoda(noun,1);vidyut:draviRodAm~draviRoda(noun,1)
draviRoda	1	vidyut:draviRodezu~draviRodA(noun,1)
draviRodas	1	vidyut:draviRodas~draviRoda(noun,1)
dravya	2	dcs:dravya~dravya(ADJ,1);dcs:dravyaM~dravya(ADJ,1)
drazwf	4	dcs:drazwA~dfS(VERB,29);dcs:drazwAraH~drazwf(ADJ,1);dcs:drazwf~drazwf(NOUN,8);dcs:drazwuH~drazwf(NOUN,3)
droRa	3	dcs:droRA~droRA(NOUN,2);vidyut:droRezu~druR(noun,4);vidyut:droRezu~droRi(noun,4)
dru	5	dcs:dravad~dru(VERB,2);dcs:dravati~dravati(NOUN,1);dcs:druta~druta(ADJ,17);dcs:drutaM~drutam(ADV,77);vidyut:adravas~adrava(noun,1)
druR	1	vidyut:droRya~droRi(noun,2)
drugDa	1	dcs:drugDam~druh(VERB,1)
druh	4	dcs:druhA~druh(ADJ,1);dcs:druhaH~druh(NOUN,12);dcs:druhas~druh(VERB,1);dcs:druho~druh(ADJ,4)
druha	1	dcs:druha~druh(VERB,1)
drutam	1	dcs:drutam~dru(VERB,95)
du	1	vidyut:dunvanti~du(verb,1)
duGa	1	dcs:duGA~duGA(NOUN,1)
duHKa	9	dcs:duHKA~duHKa(NOUN,2);dcs:duHKAnAm~duHKa(ADJ,1);dcs:duHKAni~duHKa(ADJ,2);dcs:duHKa~duHKa(ADJ,37);dcs:duHKaH~duHKa(ADJ,8)
duHKatara	1	dcs:duHKataraM~duHKatara(ADJ,6)
duHSAsana	1	dcs:duHSAsanaH~duHSAsana(ADJ,1)
duHsaha	5	dcs:duHsaha~duHsaha(NOUN,3);dcs:duHsahaH~duHsaha(NOUN,18);dcs:duHsahe~duHsahA(NOUN,1);dcs:duHsaho~duHsaha(ADJ,4);vidyut:duHsahAya~duHsahAya(noun,2)
duScarita	1	dcs:duScarita~duScarita(ADJ,1)
dugDa	4	dcs:dugDAm~duh(VERB,2);dcs:dugDa~duh(VERB,6);dcs:dugDam~duh(VERB,24);dcs:dugDe~duh(VERB,14)
duh	4	dcs:Dukzan~duh(VERB,1);dcs:dugDA~dugDa(NOUN,1);dcs:duhAm~duh(NOUN,1);dcs:duhe~duh(NOUN,1)
dunduBi	1	dcs:dunduBI~dunduBI(NOUN,1)
dur	3	vidyut:duras~dura(noun,1);vidyut:duras~dUrv(noun,12);vidyut:duras~dUrvi(noun,12)
durADarza	2	dcs:durADarzA~durADarzA(NOUN,1);vidyut:durADarza~durADarzA(noun,3)
durAcAra	2	dcs:durAcAra~durAcAra(NOUN,1);dcs:durAcAraH~durAcAra(NOUN,1)
durAroha	2	dcs:durArohA~durArohA(NOUN,4);vidyut:durAroha~durArohA(noun,3)
durAvara	1	dcs:durAvaraH~durAvara(NOUN,1)
durBaga	1	dcs:durBagA~durBagA(NOUN,3)
durDara	1	dcs:durDaraH~durDara(NOUN,2)
durDarzA	1	vidyut:durDarzAm~durDarza(noun,2)
durDarza	4	dcs:durDarzA~durDarzA(NOUN,3);dcs:durDarzaH~durDarza(NOUN,3);dcs:durDarzaM~durDarza(NOUN,3);dcs:durDarzo~durDarza(NOUN,4)
durRAman	1	dcs:durRAmA~durRAman(NOUN,1)
duratikrama	1	dcs:duratikramaH~duratikrama(NOUN,3)
durgA	2	dcs:durgA~durga(ADJ,12);dcs:durgAm~durga(ADJ,5)
durga	6	dcs:durgARi~durga(ADJ,5);dcs:durga~durga(ADJ,6);dcs:durgaM~durga(ADJ,26);dcs:durgam~durga(ADJ,20);dcs:durge~durga(ADJ,9)
durgama	3	dcs:durgamA~durgamA(NOUN,1);dcs:durgama~durgama(NOUN,1);dcs:durgame~durgama(NOUN,3)
durganDa	3	dcs:durganDA~durganDA(NOUN,4);dcs:durganDa~durganDa(NOUN,3);dcs:durganDam~durganDa(NOUN,1)
durgraha	1	dcs:durgraha~durgraha(NOUN,1)
durhfd	1	dcs:durhfdaH~durhfd(ADJ,1)
durita	2	dcs:duritA~durita(ADJ,3);dcs:duritaM~durita(ADJ,1)
durjaya	4	dcs:durjayA~durjayA(NOUN,1);dcs:durjaya~durjaya(NOUN,3);dcs:durjayaH~durjaya(NOUN,14);dcs:durjayam~durjaya(NOUN,2)
durlaBa	2	dcs:durlaBA~durlaBA(NOUN,3);dcs:durlaBaH~durlaBa(NOUN,2)
durmada	2	dcs:durmada~durmada(NOUN,1);dcs:durmadaH~durmada(NOUN,3)
durmara	2	dcs:durmaraM~durmara(NOUN,4);vidyut:durmara~durmarA(noun,3)
durmarzaRa	1	dcs:durmarzaRasya~durmarzaRa(ADJ,1)
durmati	5	dcs:durmatInAm~durmati(NOUN,1);dcs:durmatIr~durmati(NOUN,1);dcs:durmatiH~durmati(NOUN,6);dcs:durmatiM~durmati(ADJ,2);dcs:durmatim~durmati(NOUN,7)
durmeDas	1	dcs:durmeDas~durmeDa(ADJ,1)
durmuKI	1	dcs:durmuKI~durmuKa(ADJ,2)
durmuKa	2	dcs:durmuKAya~durmuKa(ADJ,1);dcs:durmuKam~durmuKa(ADJ,1)
durukta	1	dcs:durukta~durukta(ADJ,2)
durutsah	1	vidyut:durutsaha~durutsah(verb,1)
durvAc	1	dcs:durvAcas~durvAc(NOUN,1)
durvAsas	1	dcs:durvAsAH~durvAsas(ADJ,1)
durvacas	1	vidyut:durvacas~durvaca(noun,2)
durya	1	dcs:duryA~durya(ADJ,3)
duryoDana	2	dcs:duryoDana~duryoDana(ADJ,1);dcs:duryoDanaH~duryoDana(ADJ,1)
duz	8	dcs:duzwA~duzwa(ADJ,5);dcs:duzwAH~duzwa(ADJ,5);dcs:duzwAnAm~duzwa(ADJ,3);dcs:duzwa~duzwa(ADJ,104);dcs:duzwaH~duzwa(ADJ,6)
duzkara	4	dcs:duzkarARi~duzkara(NOUN,1);dcs:duzkara~duzkara(NOUN,7);dcs:duzkaraM~duzkara(NOUN,4);dcs:duzkaram~duzkara(NOUN,2)
duzkfta	4	dcs:duzkfta~duzkfta(ADJ,2);dcs:duzkftam~duzkft(ADJ,3);dcs:duzkfte~duzkft(ADJ,5);dcs:duzkftena~duzkfta(NOUN,2)
duzpUr	2	vidyut:duzpUra~duzpUri(noun,16);vidyut:duzpUra~duzpUr(verb,1)
duzpraDarza	1	dcs:duzpraDarzaH~duzpraDarza(ADJ,2)
duzpraDfz	1	vidyut:duzpraDfzya~duzpraDfz(ind,1)
duzpraRIta	1	dcs:duzpraRItena~duzpraRIta(NOUN,1)
dvAdaSI	1	dcs:dvAdaSI~dvAdaSa(ADJ,4)
dvAdaSa	1	dcs:dvAdaSena~dvAdaSa(NOUN,1)
dvAdaSaka	1	dcs:dvAdaSaka~dvAdaSaka(NOUN,2)
dvAdaSan	1	dcs:dvAdaSa~dvAdaSa(NOUN,29)
dvAra	1	dcs:dvAraH~dvAr(NOUN,7)
dvIpavat	1	dcs:dvIpavatI~dvIpavatI(NOUN,1)
dvari	1	vidyut:dvari~dvarin(noun,3)
dvaya	4	dcs:dvayA~dvaya(NOUN,3);dcs:dvayaM~dvaya(ADJ,8);dcs:dvayam~dvaya(ADJ,5);dcs:dvayena~dvaya(ADJ,1)
dvezas	1	dcs:dvezo~dveza(NOUN,27)
dvf	1	vidyut:dvara~dvf(verb,1)
dvi	2	dcs:dvA~dvA(NOUN,1);dcs:dvi~dvi(NOUN,3)
dviDA	1	dcs:dviDA~dviDa(ADJ,3)
dviSata	2	dcs:dviSatI~dviSatI(NOUN,2);dcs:dviSata~dviSata(NOUN,1)
dvidala	1	vidyut:dvidala~dvidalA(noun,3)
dvijAti	1	dcs:dvijAtiByaH~advijAti(ADJ,1)
dvika	1	dcs:dvika~dvika(NOUN,1)
dvimAtrA	1	vidyut:dvimAtra~dvimAtra(noun,2)
dvipAd	1	dcs:dvipAt~dvipa(NOUN,3)
dvipad	7	dcs:dvipAd~dvipAd(NOUN,21);dcs:dvipadAM~dvipad(ADJ,4);dcs:dvipadAm~dvipadA(NOUN,4);dcs:dvipadaH~dvipad(ADJ,1);dcs:dvipadaS~dvipad(NOUN,1)
dvipadA	1	dcs:dvipadA~dvipada(ADJ,5)
dvipadI	1	dcs:dvipadI~dvipada(ADJ,6)
dvipada	1	dcs:dvipada~dvipad(ADJ,3)
dvisaptati	1	dcs:dvisaptati~dvisaptata(ADJ,1)
dvitIyA	1	dcs:dvitIyAyAm~dvitIya(ADJ,3)
dvitIya	4	dcs:dvitIyA~dvitIyA(NOUN,29);dcs:dvitIyaM~dvitIyam(ADV,22);dcs:dvitIyam~dvitIyam(ADV,69);dcs:dvitIyayA~dvitIyA(NOUN,1)
dviz	6	dcs:dvezwi~idam(PRON,1);dcs:dviz~dvis(ADV,1);dcs:dviza~dviz(NOUN,3);dcs:dvizaH~dviz(NOUN,33);dcs:dvizas~dviz(NOUN,1)
dyApi	1	vidyut:adyApi~adyApi(ind,1)
dyUta	1	dcs:dyUte~dIv(VERB,1)
dyotana	1	dcs:dyotana~dyotana(NOUN,1)
dyu	1	vidyut:dyUni~dyU(noun,3)
dyumat	2	dcs:dyumAn~dyumant(NOUN,1);dcs:dyumat~dyumant(NOUN,1)
dyumni	1	vidyut:dyumni~dyumnin(noun,3)
dyumnin	1	vidyut:dyumninas~dyumni(noun,2)
dyut	1	dcs:dyutAnaH~dyutAna(NOUN,3)
dyutimat	1	dcs:dyutimAn~dyutimant(NOUN,8)
e	4	dcs:Ayann~i(VERB,9);dcs:Ayanta~i(VERB,2);dcs:AyatIH~Ayati(NOUN,2);dcs:e~e(NOUN,1)
eD	5	vidyut:ed~Ai(noun,7);vidyut:ed~eDi(noun,7);vidyut:ed~ed(ind,1);vidyut:et~Ai(noun,7);vidyut:et~eDi(noun,7)
ekAdaSI	1	dcs:ekAdaSI~ekAdaSa(ADJ,2)
ekAdaSa	1	dcs:ekAdaSam~ekAdaSa(NOUN,2)
ekAdaSaka	1	dcs:ekAdaSaka~ekAdaSaka(NOUN,2)
ekAdaSan	1	dcs:ekAdaSa~ekAdaSa(ADJ,25)
ekAhan	1	vidyut:ekAhnA~ekAhnA(ind,1)
ekAkin	1	dcs:ekAkinI~ekAkinI(NOUN,1)
ekAnta	4	dcs:ekAnta~ekAnta(ADJ,19);dcs:ekAntam~ekAnta(ADJ,7);dcs:ekAnte~ekAnta(ADJ,4);dcs:ekAntena~ekAntena(ADV,6)
ekAntataH	1	dcs:ekAntataH~ekAnta(NOUN,3)
ekArTa	1	dcs:ekArTa~ekArTa(NOUN,1)
eka	4	dcs:ekAH~eka(NOUN,2);dcs:eka~eka(NOUN,2);dcs:ekasya~eka(NOUN,1);dcs:eke~eka(NOUN,3)
ekaSata	1	dcs:ekaSatam~ekaSata(ADJ,1)
ekacAriRI	1	dcs:ekacAriRI~ekacArin(ADJ,1)
ekajawA	1	vidyut:ekajawa~ekajawa(noun,2)
ekapada	4	dcs:ekapadI~ekapadI(NOUN,2);vidyut:ekapada~ekapadA(noun,3);vidyut:ekapadam~ekapad(noun,4);vidyut:ekapadam~ekapadam(ind,1)
ekata	1	dcs:ekata~ekatas(ADV,2)
ekatas	2	dcs:ekataH~ekata(NOUN,13);dcs:ekatas~ekata(NOUN,1)
ekavAsas	1	vidyut:ekavAsas~ekavAsa(noun,1)
ekavIrA	1	vidyut:ekavIra~ekavIra(noun,2)
ekaviMSa	2	dcs:ekaviMSa~ekaviMSa(NOUN,2);dcs:ekaviMSaH~ekaviMSa(NOUN,2)
eman	2	dcs:ema~e(VERB,2);vidyut:emA~ema(noun,1)
ena	2	dcs:enIH~enI(NOUN,2);dcs:enyaH~enI(NOUN,1)
enad	2	dcs:enAH~enas(NOUN,1);dcs:enaM~ca(CONJ,1)
enas	2	dcs:ena~ena(ADJ,1);dcs:enaH~ena(ADJ,1)
etA	2	vidyut:etAyAm~eta(noun,1);vidyut:etAyAm~Ai(noun,1)
etad	18	dcs:etA~i(VERB,10);dcs:etAH~eta(NOUN,2);dcs:etAM~e(VERB,1);dcs:etAni~e(VERB,1);dcs:eta~e(VERB,53)
eva	4	dcs:evA~eva(ADJ,2);dcs:evAn~eva(NOUN,1);dcs:eva~eva(ADJ,14);vidyut:evayA~evayA(noun,2)
evam	2	dcs:evaM~eva(ADJ,2);dcs:evam~tad(PRON,1)
eza	2	dcs:ezasya~eza(NOUN,1);dcs:eze~iz(VERB,4)
ezay	1	dcs:ezya~ezya(NOUN,1)
f	2	vidyut:ArcCat~fcC(verb,1);vidyut:ArcCatAm~fcC(verb,1)
fBu	2	dcs:fBum~fBu(ADJ,1);dcs:fBur~fBu(ADJ,2)
fBvas	1	vidyut:fBvas~fBva(noun,1)
fC	4	dcs:Arata~Aram(VERB,2);dcs:AruH~Aru(NOUN,1);dcs:fcCati~fcCati(NOUN,1);dcs:ftvA~ftu(NOUN,1)
fD	1	vidyut:arDin~arDi(noun,4)
fRa	1	dcs:fRAn~fRa(ADJ,1)
fc	4	dcs:fcAm~fca(ADJ,3);dcs:fca~fca(ADJ,1);dcs:fcaH~fca(ADJ,23);dcs:fcam~fca(ADJ,24)
fkvan	2	vidyut:fkva~fkva(noun,2);vidyut:fkvan~fkvat(noun,1)
fkza	2	dcs:fkzA~fkza(NOUN,4);dcs:fkzam~fkza(ADJ,1)
ftAvasu	1	vidyut:ftAvasu~ftAvan(noun,2)
ftIya	1	vidyut:artizye~ftIyi(verb,1)
ftIyi	3	vidyut:artA~f(noun,4);vidyut:artA~f(verb,4);vidyut:artA~ftIya(noun,2)
fta	7	dcs:ftA~fta(ADJ,4);dcs:ftAya~fta(ADJ,3);dcs:fta~fta(ADJ,18);dcs:ftaH~fC(VERB,2);dcs:ftaM~fta(ADJ,11)
ftaMBarA	1	vidyut:ftamBarA~ftaMBara(noun,2)
ftaprajAtA	3	vidyut:ftaprajAtA~ftaprajAta(noun,1);vidyut:ftaprajAtAm~ftaprajAta(noun,1);vidyut:ftaprajAta~ftaprajAta(noun,2)
fte	1	dcs:fte~fta(NOUN,23)
ftumat	1	dcs:ftumatI~ftumatI(NOUN,8)
ftviya	2	dcs:ftviyAya~ftviya(NOUN,1);dcs:ftviye~ftviyA(NOUN,1)
fz	1	vidyut:arzAd~arzi(noun,4)
gA	7	dcs:gAt~gA(VERB,15);dcs:gAti~gAti(NOUN,1);dcs:gAya~ga(ADJ,2);dcs:gItA~gItA(NOUN,5);dcs:gItAH~gItA(NOUN,2)
gADa	2	dcs:gADam~gADa(ADJ,8);dcs:gADe~gADa(ADJ,3)
gADeya	1	vidyut:gADeya~gAD(verb,1)
gANga	2	dcs:gANga~gANga(NOUN,4);dcs:gANgam~gANga(NOUN,3)
gANgeya	2	dcs:gANgeya~gANgeya(ADJ,1);dcs:gANgeyaM~gANgeya(ADJ,4)
gAQam	2	dcs:gAQaM~gAQa(ADJ,5);dcs:gAQam~gAQa(ADJ,5)
gAQataram	1	dcs:gAQataram~gAQatara(ADJ,1)
gARapatya	1	dcs:gARapatya~gARapatya(ADJ,1)
gATa	1	dcs:gATam~gATA(NOUN,1)
gAnDAra	1	dcs:gAnDAra~gAnDAra(ADJ,1)
gAnDarvI	1	dcs:gAnDarvI~gAnDarva(ADJ,1)
gAnDarva	4	dcs:gAnDarva~gAnDarva(NOUN,18);dcs:gAnDarvaH~gAnDarva(NOUN,1);dcs:gAnDarvam~gAnDarva(NOUN,8);dcs:gAnDarveRa~gAnDarva(NOUN,1)
gArhapatya	1	dcs:gArhapatyam~gArhapatya(ADJ,2)
gArhasTya	1	dcs:gArhasTya~gArhasTya(ADJ,1)
gAruqa	1	dcs:gAruqam~gAruqa(ADJ,2)
gAtra	5	dcs:gAtrA~gAtra(ADJ,5);dcs:gAtrAH~gAtra(ADJ,5);dcs:gAtra~gAtra(ADJ,2);dcs:gAtraM~gAtra(ADJ,3);dcs:gAtre~gAtra(ADJ,2)
gAtu	3	dcs:gAtu~gAtu(ADJ,1);dcs:gAtuM~gA(VERB,6);dcs:gAtum~gA(VERB,10)
gAyantI	1	vidyut:gAyantIm~gE(noun,1)
gAyatrI	3	dcs:gAyatrI~gAyatra(ADJ,3);dcs:gAyatrIm~gAyatra(ADJ,1);dcs:gAyatryA~gAyatra(ADJ,1)
gAyatra	5	dcs:gAyatra~gAyatra(ADJ,9);dcs:gAyatraM~gAyatra(ADJ,40);dcs:gAyatram~gAyatra(ADJ,28);dcs:gAyatrasya~gAyatra(ADJ,2);dcs:gAyatreRa~gAyatra(NOUN,30)
gIta	5	dcs:gItAni~gA(VERB,6);dcs:gIta~gA(VERB,7);dcs:gItaM~gA(VERB,30);dcs:gIte~gA(VERB,2);dcs:gItena~gA(VERB,2)
ga	2	dcs:gAH~go(NOUN,187);dcs:ga~ga(NOUN,2)
gaBasti	1	dcs:gaBastI~gaBastI(NOUN,3)
gaBastimant	1	dcs:gaBastimAn~gaBastimat(ADJ,2)
gaNgA	1	vidyut:gaNga~gaNga(noun,2)
gaRay	3	dcs:gaRita~gaRita(NOUN,6);dcs:gaRitaH~gaRita(NOUN,1);dcs:gaRitam~gaRita(NOUN,3)
gad	1	dcs:gaditaM~gadita(NOUN,2)
gada	3	dcs:gadAH~gadA(NOUN,36);dcs:gada~gad(VERB,3);dcs:gade~gadA(NOUN,11)
gadgada	1	dcs:gadgada~gadgada(NOUN,2)
gadi	4	vidyut:gad~gad(noun,7);vidyut:gad~gam(noun,3);vidyut:gat~gad(noun,7);vidyut:gat~gam(noun,3)
gadin	1	dcs:gadI~gadin(NOUN,2)
gahana	3	dcs:gahana~gahana(ADJ,8);dcs:gahanam~gahana(ADJ,11);dcs:gahane~gahana(NOUN,20)
gahvara	2	dcs:gahvara~gahvara(ADJ,1);dcs:gahvare~gahvara(ADJ,2)
gal	4	vidyut:gal~galB(noun,7);vidyut:gal~galh(noun,7);vidyut:gal~galhi(noun,7);vidyut:gal~galBi(noun,7)
gam	20	dcs:agamaH~agama(NOUN,1);dcs:agamam~agama(ADJ,3);dcs:agata~agata(ADJ,1);dcs:gamaH~gama(ADJ,14);dcs:gaman~gam(VERB,5)
gamBIra	3	dcs:gamBIrA~gamBIrA(NOUN,5);dcs:gamBIra~gamBIra(NOUN,1);dcs:gamBIre~gamBIra(NOUN,1)
gama	2	dcs:gamAm~gam(NOUN,1);dcs:gama~gam(VERB,1)
gami	1	dcs:gami~gamin(ADJ,1)
ganDAQya	1	vidyut:ganDAQya~ganDAQyA(noun,3)
ganDArI	1	vidyut:ganDAri~ganDAri(noun,3)
ganDarva	1	dcs:ganDarvaM~tad(PRON,1)
ganDavatI	1	dcs:ganDavatI~ganDavat(ADJ,2)
ganDi	2	dcs:ganDIni~ganDin(ADJ,2);dcs:ganDiBiH~ganDin(ADJ,5)
ganDika	1	dcs:ganDika~ganDika(NOUN,1)
gantf	1	dcs:gantArA~gam(VERB,1)
gantrI	1	dcs:gantrI~gantf(ADJ,2)
gantu	1	dcs:gantu~gam(VERB,3)
garBa	1	dcs:garBa~agarBa(ADJ,2)
garBiRI	1	dcs:garBiRI~garBin(ADJ,20)
garDi	1	vidyut:garDin~gfD(noun,2)
garh	1	dcs:garhitAm~garhay(VERB,1)
garhi	1	vidyut:garhitAyAm~garh(noun,2)
garjita	3	dcs:garjita~garj(VERB,4);dcs:garjitaM~garj(VERB,1);dcs:garjitam~garj(VERB,1)
garutmant	1	dcs:garutmAn~garutmat(ADJ,15)
gatAsu	1	dcs:gatAsu~gam(VERB,8)
gavezaRa	3	dcs:gavezaRa~gavezaRa(ADJ,1);dcs:gavezaRaH~gavezaRa(NOUN,1);dcs:gavezaRaM~gavezaRa(NOUN,1)
gavya	8	dcs:gavyA~gavyA(NOUN,5);dcs:gavyAni~gavyA(NOUN,1);dcs:gavya~gavyA(NOUN,1);dcs:gavyaM~gavya(NOUN,1);dcs:gavyam~gavyA(NOUN,2)
geya	1	dcs:geya~gA(VERB,2)
gfDra	3	dcs:gfDrAH~gfDra(ADJ,3);dcs:gfDrARAm~gfDra(ADJ,1);dcs:gfDraH~gfDra(ADJ,1)
gfDyA	6	vidyut:gfDya~gfDya(noun,2);vidyut:gfDya~gfD(verb,1);vidyut:gfDya~gfD(noun,2);vidyut:gfDye~gfDya(noun,9);vidyut:gfDye~gfD(verb,1)
gfha	1	dcs:gfhe~grah(VERB,3)
gfhameDin	2	dcs:gfhameDinaH~gfhameDin(ADJ,1);dcs:gfhameDizu~gfhameDin(ADJ,1)
gfhapati	1	dcs:gfhapatiH~tad(PRON,1)
gfhi	2	vidyut:gfhyamARam~gfh(noun,3);vidyut:gfhyamARam~grah(noun,3)
gfhin	1	dcs:gfhI~gfhin(ADJ,1)
gfhya	1	dcs:gfhyaM~gfhya(NOUN,2)
gfj	1	vidyut:garjata~garj(verb,1)
gftsa	2	dcs:gftsasya~gftsa(NOUN,1);dcs:gftso~gftsa(NOUN,3)
gir	2	dcs:gir~gir(ADJ,3);dcs:giraH~gir(ADJ,1)
giri	3	dcs:girayaH~giri(ADJ,1);dcs:gire~gir(NOUN,2);dcs:giri~giri(ADJ,1)
glAna	1	dcs:glAna~glA(VERB,19)
go	6	dcs:gA~ga(ADJ,110);dcs:gAM~gA(VERB,4);dcs:gAm~ga(ADJ,44);dcs:go~go(NOUN,495);vidyut:gu~gu(noun,6)
gocara	7	dcs:gocarAH~gocara(NOUN,2);dcs:gocarAn~gocara(NOUN,1);dcs:gocarAt~gocara(ADJ,2);dcs:gocara~gocara(NOUN,13);dcs:gocaraH~gocara(NOUN,10)
goha	1	vidyut:gohA~gohan(noun,1)
gojit	4	vidyut:gojitA~guj(verb,2);vidyut:gojitA~goji(verb,2);vidyut:gojitA~guj(noun,2);vidyut:gojitA~goji(noun,2)
gomat	3	dcs:gomad~gomant(NOUN,2);dcs:gomantam~gomanta(NOUN,1);dcs:gomatIr~gomatI(NOUN,1)
gomatI	2	dcs:gomatI~gomat(ADJ,7);dcs:gomatIm~gomat(ADJ,1)
gomaya	1	dcs:gomaye~gomaya(ADJ,2)
gonandA	1	vidyut:gonanda~gonanda(noun,2)
gopA	2	dcs:gopA~gopa(NOUN,44);dcs:gopAm~iti(PART,1)
gopAy	1	dcs:gopAya~gopa(NOUN,5)
gopAya	1	vidyut:gopAyyate~gopAyi(verb,1)
gopa	1	dcs:gopa~gopa(ADV,1)
gopi	1	vidyut:gopyamAna~gup(noun,2)
goptf	2	dcs:goptA~gup(VERB,2);dcs:goptAraH~gup(VERB,1)
gotra	1	dcs:gotrA~gotrA(NOUN,5)
govikarta	1	vidyut:govikartA~govikarttf(noun,1)
gozA	1	vidyut:gozA~gozan(noun,1)
grAhay	1	dcs:grAhitA~grAhitA(NOUN,1)
grAhin	2	dcs:grAhi~grAhin(NOUN,2);dcs:grAhiRI~grAhiRI(NOUN,2)
grAmAnta	1	vidyut:grAmAnte~grAmAnte(ind,1)
grAmaRI	1	dcs:grAmaRI~grAmaRi(NOUN,2)
grAmya	4	dcs:grAmyAH~grAmya(NOUN,5);dcs:grAmya~grAmya(NOUN,7);dcs:grAmyam~grAmya(NOUN,4);dcs:grAmye~grAmya(NOUN,1)
grah	7	dcs:gfhItA~gfhItf(ADJ,1);dcs:gfhya~gfhya(ADJ,9);dcs:gfhyante~varga(NOUN,1);dcs:grAhyA~grAhi(NOUN,5);dcs:grAhyAH~grAhi(NOUN,8)
graha	1	dcs:grahAH~graha(ADJ,1)
grahaRa	2	dcs:grahaRa~grahaRa(ADJ,4);dcs:grahaRam~grahaRa(ADJ,2)
granT	2	dcs:graTita~graTita(NOUN,2);vidyut:granTin~granTi(noun,6)
granTi	2	dcs:granTi~granTin(ADJ,5);dcs:granTinI~granTin(ADJ,1)
gras	5	dcs:grasan~gras(VERB,1);dcs:grasat~gras(VERB,1);dcs:grasta~grasta(ADJ,1);dcs:grastaH~grasta(ADJ,1);dcs:grastam~grasta(NOUN,1)
guRa	1	dcs:guRataH~guRatas(ADV,1)
guRatas	1	dcs:guRatas~guRa(NOUN,1)
guhA	1	dcs:guhA~guhA(ADV,105)
guha	1	dcs:guhaH~guh(VERB,1)
guhya	10	dcs:guhyA~guhya(ADJ,4);dcs:guhyAH~guh(VERB,2);dcs:guhyAnAm~guhya(ADJ,1);dcs:guhyAni~guhya(NOUN,6);dcs:guhyAt~guh(VERB,3)
guj	1	vidyut:gojin~goji(noun,4)
gup	4	dcs:guptA~guptA(NOUN,2);dcs:guptAM~guptA(NOUN,2);dcs:gupta~gupta(NOUN,2);dcs:guptaM~gupta(NOUN,1)
gur	1	dcs:gUrta~gUrta(ADJ,2)
guru	22	dcs:gurU~guru(NOUN,7);dcs:gurURAM~guru(ADJ,1);dcs:gurURAm~guru(ADJ,6);dcs:gurUn~guru(ADJ,6);dcs:guravaH~guru(ADJ,38)
gurvarTa	1	vidyut:gurvarTam~gurvarTam(ind,1)
hA	11	dcs:hAsate~hAs(VERB,1);dcs:hInA~ahIna(NOUN,1);dcs:hInAM~hIna(ADJ,1);dcs:hInAni~hIna(ADJ,1);dcs:hIna~hIna(ADJ,30)
hAra	3	dcs:hArA~hAra(ADJ,2);dcs:hArAH~hAra(ADJ,2);dcs:hAra~hAra(ADJ,3)
hArda	1	dcs:hArdaM~hArda(NOUN,3)
hAriyojana	1	dcs:hAriyojanam~hAriyojana(NOUN,1)
hAsin	1	dcs:hAsinI~hAsinI(NOUN,1)
hAstina	1	dcs:hAstinaM~hAstina(NOUN,1)
hAsya	1	dcs:hAsya~has(VERB,7)
hAva	1	dcs:hAva~ahAvas(ADV,2)
hAyana	1	dcs:hAyanI~hAyanI(NOUN,2)
hIna	1	dcs:hInataH~hInatas(ADV,3)
ha	1	dcs:ha~ha(NOUN,60)
haMsapada	1	vidyut:haMsapada~haMsapadA(noun,3)
hahA	1	dcs:hahA~hahA(ADV,1)
halin	1	dcs:halI~halin(ADJ,1)
han	19	dcs:ahan~ahar(NOUN,29);dcs:hA~hA(ADV,331);dcs:hAnam~hAna(NOUN,7);dcs:haMsi~haMsI(NOUN,9);dcs:han~ahar(NOUN,43)
hanta	1	dcs:hanta~hanta(NOUN,1)
hantf	1	dcs:hantA~han(VERB,52)
hanumant	1	dcs:hanumant~hanumant(ADV,11)
harI	1	dcs:haryAH~hary(VERB,1)
hara	5	dcs:harAn~hf(VERB,2);dcs:hara~hara(ADJ,83);dcs:haraH~hara(NOUN,162);dcs:haram~hara(NOUN,58);dcs:harasya~hara(ADJ,4)
haraRa	2	dcs:haraRa~haraRa(ADJ,2);dcs:haraRam~haraRa(ADJ,19)
hari	19	dcs:harI~hari(ADJ,11);dcs:harIRAM~hara(ADJ,1);dcs:harIRAm~hari(ADJ,1);dcs:harIn~hari(ADJ,1);dcs:harayaH~hari(ADJ,11)
hariRI	1	dcs:hariRI~harita(ADJ,11)
hariRa	2	dcs:hariRa~hariRa(ADJ,5);dcs:hariRaH~hariRa(NOUN,18)
hariman	1	vidyut:hariman~harimat(noun,1)
harimeDas	1	vidyut:harimeDas~harimeDa(noun,1)
haripriya	1	vidyut:haripriya~haripriyA(noun,3)
harit	2	dcs:harit~harit(NOUN,1);dcs:harito~harita(ADJ,11)
harita	7	dcs:hariRIH~hariRI(NOUN,1);dcs:hariRIM~hariRI(NOUN,4);dcs:haritA~haritA(NOUN,5);dcs:harita~harita(NOUN,14);dcs:haritaH~harit(ADJ,8)
harivat	1	dcs:harivAn~hariva(NOUN,1)
hary	1	dcs:haryata~haryata(ADJ,7)
haryata	2	dcs:haryataM~hary(VERB,2);dcs:haryatam~hary(VERB,3)
harzaRa	2	dcs:harzaRa~harzaRa(ADJ,1);dcs:harzaRam~harzaRa(NOUN,7)
harzi	1	vidyut:harzayizyati~harzi(verb,2)
has	4	dcs:has~ahar(NOUN,2);dcs:hasantI~hasantI(NOUN,3);dcs:hasat~has(VERB,1);vidyut:hAsin~hAsi(noun,2)
hasita	3	dcs:hasita~has(VERB,10);dcs:hasitaM~has(VERB,3);dcs:hasitam~has(VERB,5)
hastin	3	dcs:hastI~hastin(ADJ,1);dcs:hastinaH~hastin(ADJ,1);dcs:hastino~hastin(ADJ,1)
hava	2	dcs:havA~hava(ADJ,3);dcs:have~hvA(VERB,3)
havas	3	vidyut:havas~hava(noun,1);vidyut:havas~hu(noun,3);vidyut:havas~hve(noun,1)
havizkft	4	dcs:havizkft~havizkft(ADJ,2);dcs:havizkftaH~havizkft(ADJ,2);dcs:havizkftam~havizkft(NOUN,5);vidyut:havizkftas~havizkfta(noun,1)
havizmant	1	dcs:havizmanta~havizmat(ADJ,3)
havizmat	5	dcs:havizmAn~havizmant(NOUN,2);dcs:havizmantaH~havizmant(NOUN,1);dcs:havizmanto~havizmant(NOUN,3);dcs:havizmatI~havizmatI(NOUN,1);dcs:havizmatIm~havizmatI(NOUN,1)
havizya	1	dcs:havizya~havizya(ADJ,7)
havyA	2	vidyut:havyAsu~havya(noun,2);vidyut:havyAsu~hu(noun,1)
havya	4	dcs:havyA~hu(VERB,8);dcs:havya~hu(VERB,7);dcs:havyaM~hu(VERB,4);dcs:havyam~hu(VERB,7)
hawwa	2	vidyut:hawwe~haW(noun,4);vidyut:hawwe~haw(noun,4)
haya	1	dcs:haye~haye(INTJ,7)
hayagrIva	1	vidyut:hayagrIvAn~hayagrIvA(noun,1)
hayin	1	dcs:hayI~hayA(NOUN,1)
he	1	dcs:he~ha(NOUN,2)
heman	1	dcs:hemA~hemA(NOUN,3)
hetuka	1	dcs:hetuka~hetuka(NOUN,1)
hf	6	dcs:aharaH~ahara(NOUN,1);dcs:harantI~harantI(NOUN,2);dcs:harataH~hara(NOUN,1);dcs:hftaH~hft(ADJ,11);dcs:hftam~hft(ADJ,1)
hfd	2	dcs:hfdBiH~hft(ADJ,1);dcs:hftsu~hft(ADJ,1)
hfdaya	1	dcs:hfdayena~api(PART,1)
hfdayeSA	1	vidyut:hfdayeSa~hfdayeSa(noun,2)
hfdgata	1	dcs:hfdgataM~hfdgata(ADJ,1)
hfdispfS	1	vidyut:hfdispfSas~hfdispfSa(noun,1)
hfdya	2	dcs:hfdyA~hfdyA(NOUN,2);vidyut:hfdyayA~hfdyA(noun,2)
hft	1	dcs:hft~hfd(NOUN,1)
hfz	1	vidyut:hfzwavat~hfzwavat(ind,1)
hi	3	dcs:hi~hi(NOUN,2);dcs:hinu~hinu(NOUN,1);dcs:hy~hi(NOUN,1)
hiM	1	dcs:hiNN~hiN(ADV,1)
hiMs	6	vidyut:hiMsatAm~hiMs(verb,1);vidyut:hiMsya~hiMsi(noun,4);vidyut:hin~hiMsi(noun,14);vidyut:hin~hiRq(noun,7);vidyut:hin~hinvi(noun,7)
hiMsrA	1	dcs:hiMsrA~hiMsra(ADJ,6)
hima	4	dcs:himA~himA(NOUN,20);dcs:hima~hima(ADJ,106);dcs:himam~hima(NOUN,15);dcs:himasya~hima(ADJ,3)
himavant	3	dcs:himavAn~himavat(ADJ,1);dcs:himavantam~himavat(ADJ,1);dcs:himavanto~himavat(ADJ,1)
himavatsutA	2	vidyut:himavatsutA~himavatsuta(noun,1);vidyut:himavatsuta~himavatsuta(noun,2)
hiraRmaya	3	dcs:hiraRmaya~hiraRmaya(NOUN,1);dcs:hiraRmayam~hiraRmaya(NOUN,4);dcs:hiraRmaye~hiraRmaya(NOUN,1)
hiraRyA	1	dcs:hiraRyA~hiraRya(NOUN,2)
hiraRya	3	dcs:hiraRya~hiraRya(ADJ,79);dcs:hiraRyam~hiraRya(ADJ,4);dcs:hiraRyena~hiraRya(ADJ,1)
hiraRyadA	1	vidyut:hiraRyadA~hiraRyada(noun,2)
hiraRyada	1	vidyut:hiraRyada~hiraRyadA(noun,4)
hiraRyakeSI	2	vidyut:hiraRyakeSI~hiraRyakeSin(noun,1);vidyut:hiraRyakeSyA~hiraRyakeSya(noun,1)
hiraRyavarRA	2	vidyut:hiraRyavarRa~hiraRyavarRa(noun,2);vidyut:hiraRyavarRe~hiraRyavarRa(noun,9)
hiraRyavarRa	1	vidyut:hiraRyavarRAn~hiraRyavarRA(noun,1)
hiraRyaya	1	dcs:hiraRyayA~hiraRya(ADJ,8)
hitAhita	2	vidyut:hitAhitAn~hitAhitA(noun,1);vidyut:hitAhita~hitAhitA(noun,3)
hita	12	dcs:hitA~DA(VERB,14);dcs:hitAH~DA(VERB,10);dcs:hitAni~hita(NOUN,6);dcs:hitAya~hita(ADJ,11);dcs:hita~hita(ADJ,252)
hlIkA	1	vidyut:hlIka~hlIka(noun,2)
hotf	2	dcs:hotA~hotf(ADJ,2);dcs:hotAraH~hotf(ADJ,1)
hotra	1	dcs:hotra~hotf(NOUN,19)
hrAd	1	vidyut:hrAdinam~hrAdi(noun,1)
hrAdinI	2	vidyut:hrAdini~hrAd(noun,4);vidyut:hrAdini~hrAdi(noun,4)
hrI	1	dcs:hriyA~hf(VERB,2)
hrImat	2	dcs:hrImAn~hrImant(NOUN,1);dcs:hrImatI~hrImatI(NOUN,2)
hradinI	1	dcs:hradinIM~hradin(ADJ,1)
hrasva	3	dcs:hrasvA~hrasvA(NOUN,4);dcs:hrasva~hrasva(NOUN,2);dcs:hrasvaM~hrasva(NOUN,4)
hrepi	1	vidyut:hrepitA~hrepi(verb,1)
hu	8	dcs:hUyamAnA~hvA(VERB,3);dcs:hUyamAnAH~hvA(VERB,1);dcs:hUyamAnaH~hvA(VERB,5);dcs:huta~huta(NOUN,37);dcs:hutaM~huta(NOUN,14)
hvA	2	dcs:havyaH~havya(NOUN,12);dcs:juhve~hu(VERB,2)
hvaras	1	dcs:hvara~hvara(NOUN,1)
hve	1	vidyut:hU~hU(ind,1)
hvf	1	dcs:hrutaH~hrut(NOUN,1)
i	12	dcs:Ayam~Aya(NOUN,2);dcs:Iyata~I(VERB,2);dcs:Iyate~I(VERB,22);dcs:eti~eti(NOUN,2);dcs:ezi~ezin(ADJ,8)
iNgita	1	dcs:iNgitam~iNg(VERB,1)
icCA	1	dcs:icCA~iz(VERB,3)
id	3	dcs:ic~ic(NOUN,1);dcs:in~in(NOUN,4);dcs:it~it(NOUN,33)
idam	14	dcs:asyAH~as(VERB,2);dcs:asya~as(VERB,11);dcs:ayA~ayAs(ADJ,7);dcs:ayaM~yam(VERB,1);dcs:enA~enad(PRON,34)
iha	1	dcs:iha~iti(PART,1)
ijyA	1	dcs:ijyAH~yaj(VERB,1)
ijya	1	dcs:ijya~yaj(VERB,1)
inD	2	dcs:idDam~idDa(NOUN,1);dcs:inDe~inDa(ADJ,1)
ina	3	dcs:ina~ina(NOUN,1);dcs:inaH~in(NOUN,1);dcs:ino~ina(NOUN,2)
ind	1	vidyut:indA~indi(noun,5)
indrARI	1	dcs:indrARi~indra(NOUN,1)
indramArgA	1	vidyut:indramArga~indramArga(noun,2)
indriya	6	dcs:indriyARi~indriya(ADJ,1);dcs:indriyAya~indriya(ADJ,2);dcs:indriyaH~indriya(ADJ,4);dcs:indriyaM~indriya(ADJ,5);dcs:indriyam~indriya(ADJ,22)
indumat	1	dcs:indumatI~indumatI(NOUN,1)
indumatI	1	vidyut:indumatIm~indumat(noun,1)
iqa	1	dcs:iqa~iqA(NOUN,5)
irAvant	1	dcs:irAvAn~irAvat(ADJ,1)
irAvat	1	dcs:irAvat~irAvant(NOUN,1)
irAvatI	2	dcs:irAvatI~irAvat(ADJ,9);dcs:irAvatIm~irAvat(ADJ,1)
it	1	dcs:itAm~i(VERB,3)
itas	4	dcs:ita~i(VERB,65);dcs:itaH~it(NOUN,25);dcs:itaS~i(VERB,1);dcs:ito~i(VERB,4)
iti	1	dcs:iti~it(NOUN,33)
ityarTa	1	dcs:ityarTaH~mAraRa(NOUN,1)
iva	1	dcs:iva~iva(NOUN,1)
iz	16	dcs:icCa~icCA(NOUN,1);dcs:izam~iza(ADJ,23);dcs:ize~iz(VERB,3);dcs:izitAH~izay(VERB,4);dcs:izitaH~izay(VERB,9)
izay	1	dcs:izito~iz(VERB,9)
izkartf	1	dcs:izkartA~izkf(VERB,1)
jANgala	1	dcs:jANgala~jANgala(ADJ,22)
jAWara	1	dcs:jAWara~jAWara(NOUN,1)
jAbAli	1	vidyut:jAbAli~jAbAlin(noun,3)
jAgara	1	dcs:jAgara~jAgf(VERB,1)
jAgaray	1	dcs:jAgarita~jAgarita(NOUN,1)
jAgata	1	dcs:jAgataM~jAgata(NOUN,11)
jAgf	4	dcs:jAgfvAMsaH~jAgfvas(ADJ,1);dcs:jAgrad~jAgrant(NOUN,3);dcs:jAgrataH~jAgrant(NOUN,2);dcs:jAgrato~jAgrant(NOUN,1)
jAgfvi	1	dcs:jAgfviH~jAgfvi(NOUN,1)
jAgrant	1	dcs:jAgrat~jAgf(VERB,10)
jAhasya	1	vidyut:jAhasyamAna~jAhas(noun,2)
jAjvalya	1	vidyut:jAjvalyamAna~jAjval(noun,4)
jAlapadI	1	vidyut:jAlapadI~jAlapad(noun,3)
jAli	1	vidyut:jAlin~jal(noun,2)
jAmI	1	dcs:jAmI~jAmi(NOUN,3)
jAmadagnya	4	dcs:jAmadagnya~jAmadagna(ADJ,1);dcs:jAmadagnyaH~jAmadagna(ADJ,2);dcs:jAmadagnyam~jAmadagnya(ADJ,1);dcs:jAmadagnyo~jAmadagna(ADJ,1)
jAmbUnada	1	dcs:jAmbUnada~jAmbUnada(ADJ,2)
jAmi	8	dcs:jAmayaH~jAmi(ADJ,4);dcs:jAmayo~jAmi(ADJ,2);dcs:jAmi~jAmi(NOUN,12);dcs:jAmiBiH~jAmi(NOUN,3);dcs:jAmiBir~jAmi(NOUN,1)
jApi	1	vidyut:jApin~jap(noun,2)
jArin	1	dcs:jAriRI~jAriRI(NOUN,1)
jAtarUpa	2	dcs:jAtarUpam~jAtarUpa(ADJ,1);dcs:jAtarUpeRa~jAtarUpa(ADJ,1)
jAti	1	dcs:jAtyA~jAtya(ADJ,10)
jAtu	1	dcs:jAtu~jAtu(NOUN,1)
jAyA	3	dcs:jAyAH~ja(ADJ,3);dcs:jAyAm~ja(ADJ,25);dcs:jAye~jan(VERB,1)
jIrRa	2	dcs:jIrRAm~jf(VERB,2);dcs:jIrRAni~jf(VERB,4)
jIra	1	dcs:jIra~jIra(NOUN,9)
jIv	7	dcs:jIvAt~jIva(NOUN,1);dcs:jIvantIm~jIvantI(NOUN,2);dcs:jIvanta~jIvanta(NOUN,1);dcs:jIvanty~jIvantI(NOUN,1);dcs:jIvantyAH~jIvantI(NOUN,1)
jIvASA	1	vidyut:jIvASayA~jIvASa(noun,1)
jIva	13	dcs:jIvA~jIva(NOUN,15);dcs:jIvAH~jIva(ADJ,13);dcs:jIvAn~jIva(ADJ,6);dcs:jIvAnAm~jIva(ADJ,4);dcs:jIvAni~jIv(VERB,2)
jIvaTa	1	vidyut:jIvaTa~jIv(verb,1)
jIvala	2	dcs:jIvalA~jIvalA(NOUN,1);vidyut:jIvala~jIvalA(noun,3)
jIvanI	2	vidyut:jIvanIm~jIv(noun,1);vidyut:jIvanIm~jIvi(noun,1)
jIvana	4	dcs:jIvanAya~jIvana(ADJ,1);dcs:jIvana~jIvana(ADJ,11);dcs:jIvanaM~jIvana(ADJ,11);dcs:jIvanam~jIvana(ADJ,10)
jIvantI	2	dcs:jIvantI~jIv(VERB,5);dcs:jIvantyA~jIv(VERB,5)
jIvin	1	dcs:jIvinI~jIvinI(NOUN,1)
jIvita	8	dcs:jIvitA~jIv(VERB,1);dcs:jIvitAt~jIv(VERB,1);dcs:jIvita~jIv(VERB,3);dcs:jIvitaH~jIv(VERB,13);dcs:jIvitaM~jIv(VERB,1)
jU	1	dcs:juvaH~jU(NOUN,2)
jUr	1	vidyut:jUrya~jUri(noun,2)
jUrRi	2	vidyut:jUrRI~jUrRI(noun,8);vidyut:jUrRI~jUrRin(noun,1)
jYA	2	dcs:jYAtA~jYAtf(ADJ,20);dcs:jajYivAn~jan(VERB,5)
jYApay	1	dcs:jYApayat~jYApay(VERB,1)
jYApi	3	vidyut:jYapayate~jYapi(noun,2);vidyut:jYapayate~jYApi(verb,2);vidyut:jYapayate~jYapi(verb,1)
jYa	3	dcs:jYA~jYA(NOUN,9);dcs:jYa~jYa(NOUN,13);dcs:jYaH~jYa(NOUN,15)
jYatA	1	vidyut:jYatA~jYata(noun,1)
ja	5	dcs:jA~ajA(NOUN,4);dcs:jAni~jan(VERB,1);dcs:jAsu~jA(NOUN,1);dcs:ja~aja(NOUN,6);dcs:jam~aja(NOUN,3)
jaB	1	vidyut:jap~jap(noun,7)
jaGanena	1	dcs:jaGanena~jaGana(NOUN,17)
jaNGA	1	vidyut:jaNGa~jaNGa(noun,2)
jaWara	1	dcs:jaWara~jaWara(ADJ,1)
jaYj	1	vidyut:jaYjati~jaYj(verb,1)
jagant	9	dcs:jagad~jagat(ADJ,1);dcs:jagaj~jagat(ADJ,1);dcs:jaganti~gA(VERB,4);dcs:jagat~jagat(ADJ,4);dcs:jagata~jagat(ADJ,1)
jagat	1	dcs:jagatas~jagant(NOUN,11)
jahita	1	vidyut:jahita~hA(verb,1)
jalASrayA	1	vidyut:jalASraya~jalASraya(noun,2)
jalArdra	1	vidyut:jalArdra~jalArdrA(noun,3)
jalaDArA	2	vidyut:jalaDArA~jalaDAra(noun,1);vidyut:jalaDAra~jalaDAra(noun,2)
jalaMDamA	1	vidyut:jalanDama~jalaMDama(noun,2)
jalasTA	1	vidyut:jalasTa~jalasTa(noun,2)
jalp	3	dcs:jalpitaM~jalpita(NOUN,1);dcs:jalpitam~jalpita(NOUN,2);vidyut:jalpanIya~jalpi(noun,2)
jalpa	1	dcs:jalpa~jalp(VERB,2)
jalpi	2	dcs:jalpyA~jalpya(NOUN,1);vidyut:jalpi~jalp(noun,9)
jamBana	1	dcs:jamBana~jamBana(NOUN,1)
jamBi	8	vidyut:jamBayAmi~jamB(verb,1);vidyut:jan~jamB(noun,7);vidyut:jan~jAni(noun,7);vidyut:jan~jaMs(noun,7);vidyut:jan~jAmi(noun,7)
jambu	1	dcs:jambU~jambU(NOUN,1)
jan	20	dcs:jAtA~jAta(NOUN,4);dcs:jAtAm~jAta(NOUN,1);dcs:jAtAnAm~jAta(NOUN,6);dcs:jAtAni~jAta(NOUN,38);dcs:jAtAv~jAti(NOUN,1)
janU	1	vidyut:janu~janu(noun,3)
jana	5	dcs:janA~jan(VERB,1);dcs:janAn~jan(VERB,2);dcs:janAt~jan(VERB,2);dcs:janaM~jana(ADJ,1);dcs:jano~jan(VERB,1)
janaka	6	dcs:janaka~janaka(ADJ,12);dcs:janakaH~janaka(ADJ,11);dcs:janakam~janaka(NOUN,7);dcs:janakas~janaka(ADJ,1);dcs:janakasya~janaka(ADJ,2)
jananI	2	dcs:jananI~janana(ADJ,2);dcs:jananIm~janana(ADJ,2)
janana	4	dcs:jananIH~jananI(NOUN,1);dcs:janana~janana(ADJ,5);dcs:jananam~janana(NOUN,29);dcs:janane~janana(ADJ,6)
janani	3	vidyut:jananInAm~jananI(noun,2);vidyut:jananInAm~jan(noun,2);vidyut:jananInAm~jAni(noun,1)
janatA	1	dcs:janatA~jan(VERB,2)
janay	4	dcs:janaya~jani(NOUN,1);dcs:janayata~janay(VERB,1);dcs:janaye~jani(NOUN,1);dcs:janitaM~janita(NOUN,1)
janayitf	1	dcs:janayitA~janay(VERB,2)
jani	4	dcs:janIr~janI(NOUN,1);dcs:janayaH~janay(VERB,1);dcs:janayo~janay(VERB,1);dcs:jani~jan(VERB,6)
janitf	1	dcs:janitA~janay(VERB,21)
janitva	1	vidyut:janitva~janitvA(noun,3)
janya	3	dcs:janyA~jan(VERB,6);dcs:janyAH~jan(VERB,5);dcs:janyaM~jan(VERB,2)
japa	1	dcs:japa~jap(VERB,8)
japya	2	dcs:japya~jap(VERB,1);dcs:japyam~jap(VERB,9)
jaqIkf	2	dcs:jaqIkfta~jaqIkfta(ADJ,1);dcs:jaqIkftaH~jaqIkfta(ADJ,1)
jaqa	1	dcs:jaqa~jaqa(NOUN,1)
jaraRa	1	dcs:jaraRA~jaraRA(NOUN,3)
jaradazwi	2	dcs:jaradazwiH~jaradazwi(NOUN,2);dcs:jaradazwir~jaradazwi(NOUN,2)
jaranta	1	dcs:jarantam~jf(VERB,1)
jaras	1	dcs:jarase~jf(VERB,2)
jaratI	1	dcs:jaratI~jf(VERB,3)
jaritf	1	dcs:jaritA~jaritA(NOUN,10)
jasu	1	vidyut:jasu~jA(noun,1)
javanI	1	dcs:javanI~javana(ADJ,1)
javana	1	dcs:javana~javana(NOUN,2)
javina	1	vidyut:javinam~javin(noun,2)
jawilA	2	dcs:jawilA~jawila(ADJ,14);dcs:jawilAM~jawila(ADJ,2)
jawila	3	dcs:jawila~jawila(NOUN,1);dcs:jawilaH~jawila(NOUN,2);dcs:jawilaM~jawila(NOUN,1)
jawin	1	dcs:jawI~jawin(ADJ,18)
jaya	6	dcs:jayAt~ji(VERB,1);dcs:jaya~ji(VERB,240);dcs:jayaH~jaya(ADJ,1);dcs:jayaM~ji(VERB,1);dcs:jayam~jaya(ADJ,2)
jayantI	1	dcs:jayantI~ji(VERB,6)
jayanta	3	dcs:jayanta~ji(VERB,1);dcs:jayantaH~ji(VERB,4);dcs:jayanto~ji(VERB,6)
jayatsenA	1	vidyut:jayatsena~jayatsena(noun,2)
jeGnIya	1	vidyut:jaNGanyamAna~jaMhan(noun,2)
jetf	1	dcs:jetA~ji(VERB,25)
jf	6	dcs:jIrRA~jIrRA(NOUN,3);dcs:jIrRAH~jIrRa(ADJ,1);dcs:jIrRa~jIrRa(ADJ,44);dcs:jIrRaH~jIrRa(ADJ,5);dcs:jIrRam~jIrRa(ADJ,9)
jfmBaRa	1	dcs:jfmBaRa~jfmBaRa(ADJ,2)
jfmBita	1	dcs:jfmBita~jfmB(VERB,2)
ji	15	dcs:ajayaH~ajaya(NOUN,2);dcs:jIyante~jyA(VERB,2);dcs:jIyeran~jyA(VERB,1);dcs:jayantam~jayanta(NOUN,7);dcs:jayanti~jayantI(NOUN,1)
jigIzu	1	dcs:jigIzavaH~jigIzu(NOUN,1)
jihAsi	1	vidyut:jihAsita~jihAsa(noun,4)
jihIrza	1	vidyut:jihIrzu~jihIrzi(noun,6)
jihIrzi	1	vidyut:jihIrzi~jihIrza(noun,18)
jihma	3	dcs:jihma~jihma(NOUN,1);dcs:jihmaM~jihma(NOUN,4);dcs:jihmena~jihma(NOUN,2)
jihva	1	dcs:jihva~jihvA(NOUN,2)
jijAsa	1	vidyut:jijAsA~jijAsi(noun,5)
jijYAsi	2	vidyut:jijYAsyamAna~jijYAsa(noun,2);vidyut:jijYAsyatAm~jijYAsa(verb,1)
jijyAsa	1	vidyut:jijyAs~jijyAsi(noun,7)
jitakASi	1	vidyut:jitakASinA~jitakASin(noun,2)
jizRu	9	dcs:jizRave~jizRu(NOUN,1);dcs:jizRo~jizRu(ADJ,2);dcs:jizRoH~jizRu(ADJ,3);dcs:jizRor~jizRu(ADJ,5);dcs:jizRu~jizRu(NOUN,4)
jm	1	dcs:jma~jman(NOUN,1)
joza	2	dcs:jozaM~juz(VERB,2);dcs:jozam~juz(VERB,6)
jrayas	1	vidyut:jrayas~jri(noun,4)
jri	1	vidyut:jraya~jri(verb,2)
jugups	2	dcs:jugupsita~jugupsita(ADJ,1);dcs:jugupsitaH~jugupsita(ADJ,2)
jugupsa	4	vidyut:jugupsyantAm~jugupsya(verb,2);vidyut:jugupsyantAm~jugupsi(verb,1);vidyut:jugupsyantAm~jugopAyiza(verb,1);vidyut:jugupsyantAm~jugopAyizi(verb,1)
juz	1	dcs:juzwA~ajuzwa(ADJ,1)
jval	4	dcs:jvala~jvala(NOUN,1);dcs:jvalantI~jvalantI(NOUN,1);dcs:jvalitaM~jvalita(NOUN,1);vidyut:jval~jvAli(noun,14)
jvalana	3	dcs:jvalanAt~jvalana(NOUN,2);dcs:jvalana~jvalana(ADJ,7);dcs:jvalanena~jvalana(ADJ,1)
jvara	1	dcs:jvaraH~ajvara(ADJ,1)
jyA	1	dcs:jIyate~ji(VERB,13)
jyAyas	1	dcs:jyAyAH~jyA(NOUN,1)
jya	1	dcs:jya~jyA(NOUN,1)
jyezWA	1	dcs:jyezWAyAm~jyezWa(ADJ,1)
jyezWa	7	dcs:jyezWA~jyezWA(NOUN,33);dcs:jyezWAH~jyezWA(NOUN,1);dcs:jyezWAm~jyezWA(NOUN,5);dcs:jyezWa~jyezWa(NOUN,11);dcs:jyezWaH~jyezWa(NOUN,2)
jyotIraTA	2	vidyut:jyotIraTAm~jyotIraTa(noun,1);vidyut:jyotIraTa~jyotIraTa(noun,2)
jyotis	1	dcs:jyotizam~jyotiza(NOUN,9)
jyotiza	1	dcs:jyotiza~jyotis(NOUN,2)
jyotizmat	1	dcs:jyotizmAn~jyotizmant(NOUN,10)
jyotizmatI	1	dcs:jyotizmatI~jyotizmat(ADJ,7)
kAMsya	3	dcs:kAMsyAni~kAMsya(NOUN,2);dcs:kAMsya~kAMsya(ADJ,2);dcs:kAMsye~kAMsya(ADJ,7)
kANkz	5	dcs:kANkzita~kANkzita(NOUN,1);dcs:kANkzitaM~kANkzita(NOUN,7);dcs:kANkzitam~kANkzita(NOUN,1);vidyut:kANkzin~kANkzi(noun,2);vidyut:kANkzyate~kANkzi(verb,1)
kARa	2	dcs:kARa~kARa(NOUN,2);dcs:kARaH~kARa(NOUN,2)
kASi	8	dcs:kASI~kASin(ADJ,6);dcs:kASinA~kASin(ADJ,1);vidyut:kASaya~kASaya(noun,2);vidyut:kASyAm~kASI(noun,2);vidyut:kASyAm~kASyA(noun,2)
kASmIrI	1	dcs:kASmIrI~kASmIra(ADJ,1)
kASyapI	2	vidyut:kASyapi~kASyapi(noun,3);vidyut:kASyapi~kASyapin(noun,3)
kASyapa	6	dcs:kASyapAya~kASyapa(ADJ,1);dcs:kASyapa~kASyapa(ADJ,4);dcs:kASyapaH~kASyapa(ADJ,1);dcs:kASyapaM~kASyapa(ADJ,2);dcs:kASyapasya~kASyapa(ADJ,1)
kAYcana	10	dcs:kAYcanA~kAYcana(NOUN,3);dcs:kAYcanAni~kAYcana(NOUN,7);dcs:kAYcanI~kAYcanI(NOUN,15);dcs:kAYcana~kAYcana(ADJ,53);dcs:kAYcanaH~kAYcana(ADJ,12)
kAYcanapraBa	1	vidyut:kAYcanapraBa~kAYcanapraBA(noun,3)
kAlA	1	dcs:kAlA~kAla(ADJ,7)
kAlAntara	1	vidyut:kAlAntareRa~kAlAntareRa(ind,1)
kAlAyasa	1	dcs:kAlAyasa~kAlAyasa(ADJ,2)
kAlI	2	dcs:kAlI~kAla(ADJ,5);dcs:kAlIm~kAla(ADJ,1)
kAla	9	dcs:kAlAH~kAla(ADJ,6);dcs:kAla~kAla(ADJ,116);dcs:kAlaH~kAla(ADJ,7);dcs:kAlaM~kAla(ADJ,5);dcs:kAlam~kAla(ADJ,9)
kAlaYjarA	1	vidyut:kAlaYjara~kAlaYjara(noun,2)
kAlakA	1	dcs:kAlakA~kAlaka(ADJ,1)
kAlakrama	1	vidyut:kAlakrameRa~kAlakrameRa(ind,1)
kAlarAtrI	1	vidyut:kAlarAtryAm~kAlarAtri(noun,1)
kAliNga	1	dcs:kAliNgaM~kAliNga(ADJ,1)
kAlika	1	dcs:kAlika~kAlika(ADJ,2)
kAlya	1	dcs:kAlyaM~kAlyam(ADV,7)
kAlyam	1	dcs:kAlyam~kAlya(ADJ,6)
kAma	5	dcs:kAmaH~akAma(ADJ,1);dcs:kAmaM~kAmam(ADV,178);dcs:kAmam~kAmam(ADV,86);dcs:kAmataH~kAmatas(ADV,20);dcs:kAmo~akAma(ADJ,1)
kAmadA	1	vidyut:kAmadA~kAmada(noun,2)
kAmada	1	vidyut:kAmada~kAmadA(noun,3)
kAmaduGA	1	vidyut:kAmaduGa~kAmaduGa(noun,2)
kAmaga	2	dcs:kAmagA~kAmagA(NOUN,1);vidyut:kAmagAn~kAmagA(noun,1)
kAmarUpa	1	dcs:kAmarUpa~kAmarUpa(ADJ,3)
kAmarUpin	2	dcs:kAmarUpiRI~kAmarUpiRI(NOUN,3);dcs:kAmarUpiRaH~kAmarUpin(NOUN,1)
kAmasU	1	vidyut:kAmasu~kAmA(noun,1)
kAmatas	1	dcs:kAmatas~kAma(NOUN,1)
kAmay	2	dcs:kAmita~kAmita(NOUN,1);dcs:kAmyaH~kAmya(ADJ,5)
kAmayA	1	dcs:kAmayA~kAma(NOUN,3)
kAmboja	2	dcs:kAmbojAH~kAmboja(ADJ,1);dcs:kAmboja~kAmboja(ADJ,1)
kAmin	5	dcs:kAmI~kAmin(ADJ,20);dcs:kAmi~kAmin(NOUN,6);dcs:kAminA~kAmin(NOUN,1);dcs:kAminAm~kAmin(ADJ,3);dcs:kAminaH~kAmin(ADJ,9)
kAminI	2	dcs:kAminI~kAmin(ADJ,11);dcs:kAmini~kAmin(NOUN,2)
kAmuka	1	dcs:kAmuka~kAmuka(ADJ,3)
kAmyA	1	dcs:kAmyA~kAmya(ADJ,13)
kAmya	3	dcs:kAmyAni~kAmay(VERB,4);dcs:kAmya~kAmay(VERB,3);dcs:kAmyam~kam(VERB,2)
kAntA	3	dcs:kAntA~kAnta(ADJ,21);dcs:kAntAH~kAnta(ADJ,7);dcs:kAntayA~kAnta(ADJ,3)
kAntAra	1	dcs:kAntAra~kAntAra(ADV,1)
kAnta	8	dcs:kAntAm~kAntA(NOUN,8);dcs:kAntAsu~kAntA(NOUN,2);dcs:kAnta~kAnta(ADJ,60);dcs:kAntaH~kAnta(NOUN,20);dcs:kAntaM~kAnta(ADJ,38)
kAntimatI	1	dcs:kAntimatI~kAntimat(ADJ,5)
kApotI	1	vidyut:kApoti~kApoti(noun,3)
kApota	1	dcs:kApotI~kApotI(NOUN,1)
kApuruza	1	dcs:kApuruza~kApuruza(ADJ,1)
kAra	5	dcs:kAra~kAra(ADJ,6);dcs:kAraH~kAra(NOUN,26);dcs:kAraM~kAra(NOUN,2);dcs:kAram~kf(VERB,8);dcs:kAreRa~kAra(ADJ,3)
kAraka	1	dcs:kAraka~kAraka(NOUN,6)
kAray	1	dcs:kAritA~kAritA(NOUN,3)
kArayitf	1	dcs:kArayitA~kAray(VERB,1)
kArikA	1	dcs:kArikA~kAraka(ADJ,3)
kArmuka	2	dcs:kArmuka~kArmuka(ADJ,1);dcs:kArmukaM~kArmuka(ADJ,1)
kArpAsa	1	dcs:kArpAsa~kArpAsa(ADJ,8)
kAru	1	dcs:kAru~kAru(ADJ,2)
kAryArTa	1	vidyut:kAryArTam~kAryArTam(ind,1)
kArya	7	dcs:kAryARAm~kf(VERB,1);dcs:kAryARi~kf(VERB,28);dcs:kArya~kf(VERB,55);dcs:kAryam~kf(VERB,366);dcs:kAryasya~kf(VERB,2)
kAryavaSa	1	vidyut:kAryavaSAt~kAryavaSAt(ind,1)
kArzRAyasa	2	dcs:kArzRAyasa~kArzRAyasa(ADJ,4);dcs:kArzRAyasam~kArzRAyasa(NOUN,1)
kAsi	3	vidyut:kAsya~kE(noun,4);vidyut:kAsya~kas(noun,4);vidyut:kAsya~kAs(noun,2)
kAvya	1	dcs:kAvyaH~kAvya(ADJ,1)
kAya	4	dcs:kAya~ka(PRON,8);dcs:kAyaH~kAya(ADJ,3);dcs:kAyam~kAya(ADJ,3);dcs:kAyasya~kAya(ADJ,1)
kAyikA	1	dcs:kAyikA~kAyaka(ADJ,2)
kAzAya	2	dcs:kAzAya~kAzAya(ADJ,14);dcs:kAzAyam~kAzAya(ADJ,1)
kAzAyavasanA	1	vidyut:kAzAyavasanA~kAzAyavasana(noun,1)
kAzWavat	1	vidyut:kAzWavat~kAzWavat(ind,1)
kF	1	vidyut:karizyantam~kf(noun,2)
kIlAlapa	1	vidyut:kIlAlape~kIlAlapA(noun,6)
kIrin	1	dcs:kIriRA~kIri(NOUN,1)
kIrtay	1	dcs:kIrtitaH~kIrti(NOUN,1)
kIrti	2	dcs:kIrtaye~kIrtay(VERB,1);dcs:kIrtyA~kIrtay(VERB,1)
kIrtimat	3	dcs:kIrtimAn~kIrtimant(NOUN,4);dcs:kIrtimantaH~kIrtimant(NOUN,1);dcs:kIrtimatA~kIrtimant(NOUN,1)
kU	1	vidyut:kvA~ku(noun,1)
kUjita	1	dcs:kUjita~kUj(VERB,3)
kUwa	2	dcs:kUwA~kUwa(NOUN,3);dcs:kUwa~kUwa(ADJ,9)
kUwasTa	1	dcs:kUwasTa~kUwasTa(NOUN,1)
ka	19	dcs:kA~k(NOUN,1);dcs:kAH~ka(NOUN,1);dcs:kAM~kAM(ADV,1);dcs:ka~ka(NOUN,41);dcs:kaH~kf(VERB,33)
kaNka	1	dcs:kaNkA~kaNkA(NOUN,3)
kaRq	1	vidyut:kaRqinI~kaRqi(noun,12)
kaRva	2	dcs:kaRvA~kaRvA(NOUN,6);dcs:kaRvAH~kaRvA(NOUN,4)
kaRwakinI	1	dcs:kaRwakinI~kaRwakin(ADJ,2)
kaTA	1	dcs:kaTA~kaTA(ADV,74)
kaTam	1	dcs:kaTam~kaTA(NOUN,3)
kaTay	3	dcs:kaTitAn~kaT(VERB,2);dcs:kaTita~kaTita(NOUN,1);dcs:kaTyate~para(PRON,1)
kaWina	2	dcs:kaWina~kaWina(NOUN,2);dcs:kaWine~kaWina(NOUN,1)
kaYc	2	vidyut:kaYcana~kaYci(noun,2);vidyut:kaYcya~kaYci(noun,2)
kaYcukin	1	dcs:kaYcukin~kaYcukin(NOUN,1)
kaccit	3	dcs:kaccid~kaScit(PRON,109);dcs:kaccin~kaScit(PRON,23);dcs:kaccit~kaScit(PRON,114)
kadalIgarBA	1	vidyut:kadalIgarBa~kadalIgarBa(noun,2)
kakuB	1	dcs:kakuBaH~kakuBa(NOUN,7)
kakuBa	1	dcs:kakuBAH~kakuBA(NOUN,1)
kakudmant	1	dcs:kakudmAn~kakudmat(ADJ,4)
kakza	1	dcs:kakzezu~kakzezu(NOUN,1)
kakzya	1	dcs:kakzya~kakzya(ADJ,1)
kalA	6	dcs:kalA~kala(ADJ,2);dcs:kalAH~kala(ADJ,3);dcs:kalAm~kala(ADJ,3);dcs:kalaH~kala(ADJ,3);dcs:kalam~kala(ADJ,17)
kalAvat	1	dcs:kalAvatI~kalAvatI(NOUN,1)
kalAya	1	dcs:kalAya~kala(ADJ,1)
kala	1	dcs:kala~kala(NOUN,7)
kalaSI	1	vidyut:kalaSyAm~kalaSi(noun,1)
kalila	1	dcs:kalila~kalila(NOUN,2)
kalmAza	1	dcs:kalmAza~kalmAza(NOUN,3)
kalmaza	1	dcs:kalmaza~kalmaza(ADJ,3)
kalpa	6	dcs:kalpAni~kalpa(ADJ,5);dcs:kalpa~kalpa(ADJ,12);dcs:kalpaH~kalpa(ADJ,54);dcs:kalpam~kalpa(ADJ,88);dcs:kalpena~kalpa(ADJ,22)
kalpay	1	dcs:kalpayat~kalpay(VERB,1)
kaluza	6	dcs:kaluzAH~kaluza(NOUN,1);dcs:kaluza~kaluza(NOUN,20);dcs:kaluzaH~kaluza(ADJ,3);dcs:kaluzam~kaluza(ADJ,4);dcs:kaluze~kaluza(NOUN,2)
kaluzita	1	dcs:kaluzita~kaluzay(VERB,1)
kalyARa	8	dcs:kalyARAya~kalyARa(ADJ,1);dcs:kalyARI~kalyARI(NOUN,10);dcs:kalyARa~kalyARa(NOUN,29);dcs:kalyARaH~kalyARa(NOUN,5);dcs:kalyARaM~kalyARa(NOUN,34)
kalya	2	dcs:kalyAH~kalyA(NOUN,1);dcs:kalya~kalya(NOUN,6)
kalyam	1	dcs:kalyam~kalya(ADJ,3)
kam	2	dcs:kamanIya~kamanIya(ADJ,3);dcs:kamanIyam~kamanIya(ADJ,1)
kamalAlayA	1	vidyut:kamalAlaya~kamalAlaya(noun,2)
kamala	2	dcs:kamalam~kamala(ADJ,1);vidyut:kamalAnAm~kamalA(noun,2)
kamalalocanA	2	vidyut:kamalalocanA~kamalalocana(noun,1);vidyut:kamalalocana~kamalalocana(noun,2)
kambu	1	vidyut:kambUn~kambU(noun,1)
kampa	1	dcs:kampa~kamp(VERB,2)
kan	1	dcs:kan~ka(PRON,4)
kanIna	1	dcs:kanIna~kanIna(NOUN,1)
kanakAyus	1	vidyut:kanakAyus~kanakAyu(noun,2)
kanakapraBA	1	vidyut:kanakapraBa~kanakapraBa(noun,2)
kanikrad	1	dcs:kanikradat~kanikradat(NOUN,1)
kanizWA	1	dcs:kanizWA~kanizWa(ADJ,15)
kanizWa	1	dcs:kanizWa~kanizWa(NOUN,3)
kanizWikA	1	dcs:kanizWikA~kanizWaka(ADJ,3)
kapAlin	1	dcs:kapAlinaH~kapAlin(NOUN,1)
kapIvatI	1	vidyut:kapIvatI~kapIvat(noun,4)
kapardin	4	dcs:kapardI~kapardin(ADJ,2);dcs:kapardinaH~kapardin(ADJ,1);dcs:kapardinam~kapardin(ADJ,1);dcs:kapardine~kapardin(ADJ,7)
kapilA	1	dcs:kapilA~kapila(ADJ,25)
kapila	7	dcs:kapilAH~kapila(NOUN,2);dcs:kapilAya~kapila(ADJ,1);dcs:kapila~kapila(ADJ,24);dcs:kapilaH~kapila(ADJ,10);dcs:kapilam~kapila(ADJ,3)
karAlI	1	dcs:karAlI~karAlin(ADJ,1)
karAla	4	dcs:karAlA~karAlA(NOUN,4);dcs:karAla~karAla(NOUN,3);dcs:karAlaH~karAla(NOUN,7);vidyut:karAlAm~karAlA(noun,2)
karRI	1	dcs:karRI~karRa(ADJ,3)
karRa	3	dcs:karRAH~karRa(ADJ,3);dcs:karRa~karRa(ADJ,3);dcs:karRe~karRa(ADJ,2)
karRaSravas	1	vidyut:karRaSravas~karRaSrava(noun,1)
karRaprAvaraRa	1	vidyut:karRaprAvaraRa~karRaprAvaraRA(noun,3)
karSana	1	dcs:karSana~karSana(NOUN,2)
kara	13	dcs:karA~kara(NOUN,9);dcs:karAH~kara(NOUN,27);dcs:karARi~kara(NOUN,1);dcs:karAn~kara(NOUN,28);dcs:karI~karin(NOUN,18)
karaRI	1	dcs:karaRI~karaRa(ADJ,1)
karaRa	2	dcs:karaRam~karaRa(ADJ,14);dcs:karaRe~karaRa(ADJ,1)
karakA	1	dcs:karakA~karaka(NOUN,1)
karamBi	1	vidyut:karamBI~karamBin(noun,1)
kardama	3	dcs:kardamAH~kardama(ADJ,1);dcs:kardama~kardama(ADJ,6);dcs:kardamaH~kardama(ADJ,3)
karikrat	1	dcs:karikrat~karikf(VERB,1)
karin	1	dcs:kari~kara(ADJ,1)
karkaSa	3	dcs:karkaSa~karkaSa(NOUN,1);dcs:karkaSaH~karkaSa(NOUN,3);dcs:karkaSam~karkaSa(NOUN,2)
karkarI	1	vidyut:karkari~karkari(noun,3)
karkara	1	dcs:karkara~karkara(NOUN,1)
karmaRya	1	dcs:karmaRyam~karmaRya(NOUN,1)
karman	2	dcs:karma~kf(VERB,6);dcs:karmaRI~karmaRi(ADJ,2)
karta	2	dcs:karta~kf(VERB,4);dcs:kartam~kf(VERB,2)
kartf	10	dcs:kartA~kartf(NOUN,222);dcs:kartAraH~kartf(NOUN,6);dcs:kartAraM~kartf(NOUN,17);dcs:kartAram~kartf(NOUN,35);dcs:kartFn~kartf(NOUN,5)
karuRA	1	dcs:karuRA~karuRa(ADJ,4)
karuRa	2	dcs:karuRaH~karuRA(NOUN,2);dcs:karuRam~karuRa(NOUN,2)
karza	1	dcs:karza~kfz(VERB,1)
karzaka	3	dcs:karzaka~karzaka(ADJ,1);dcs:karzakasya~karzaka(NOUN,1);dcs:karzakeRa~karzaka(ADJ,1)
kasmAt	2	dcs:kasmAd~ka(PRON,57);dcs:kasmAt~ka(PRON,224)
katTanA	3	vidyut:katTana~katTana(noun,2);vidyut:katTana~katT(noun,2);vidyut:katTana~katTi(noun,2)
katara	1	dcs:katarat~katarat(ADV,4)
kati	1	dcs:kati~kati(NOUN,1)
kavacin	1	dcs:kavacI~kavacin(NOUN,5)
kavi	8	dcs:kavI~kavi(ADJ,3);dcs:kavInAm~kavi(ADJ,2);dcs:kave~kavi(ADJ,2);dcs:kavi~kavi(ADJ,1);dcs:kaviBiH~kavi(ADJ,2)
kavya	1	dcs:kavya~kavya(ADJ,1)
kawi	1	dcs:kawI~kawin(ADJ,1)
kawu	1	dcs:kawu~kawu(NOUN,7)
kawuka	3	dcs:kawuka~kawuka(NOUN,14);dcs:kawukaM~kawuka(NOUN,9);dcs:kawukam~kawuka(NOUN,1)
kazAya	2	dcs:kazAya~kazAya(NOUN,128);dcs:kazAyeRa~kazAya(ADJ,3)
kazwa	3	dcs:kazwa~kazwa(NOUN,2);dcs:kazwaM~kazwa(NOUN,20);dcs:kazwam~kazwa(NOUN,11)
keSa	1	dcs:keSAH~keSa(ADJ,5)
keSava	2	dcs:keSavaH~keSava(ADJ,4);dcs:keSavasya~keSava(ADJ,3)
keSin	5	dcs:keSI~keSin(ADJ,9);dcs:keSin~keSin(ADJ,1);dcs:keSinA~keSin(NOUN,4);dcs:keSinIH~keSinI(NOUN,1);dcs:keSinaH~keSin(ADJ,5)
kesarin	2	dcs:kesarI~kesarin(ADJ,1);dcs:kesariRaH~kesarin(ADJ,3)
keta	1	dcs:ketA~ketf(NOUN,2)
ketumant	2	dcs:ketumAn~ketumat(ADJ,2);dcs:ketumatA~ketumat(ADJ,1)
kevalI	1	dcs:kevalI~kevala(ADJ,3)
kevala	5	dcs:kevala~kevala(NOUN,6);dcs:kevalaH~kevala(NOUN,4);dcs:kevalaM~kevalam(ADV,178);dcs:kevalam~kevalam(ADV,109);dcs:kevale~kevala(NOUN,2)
kevalin	1	dcs:kevalinaH~kevalin(NOUN,1)
kf	45	dcs:akaram~akara(ADJ,1);dcs:akarma~akarman(NOUN,24);dcs:akarot~idam(PRON,1);dcs:akurvan~akurvat(ADJ,6);dcs:cakAra~cakAra(NOUN,2)
kfRv	1	vidyut:kfRva~kfRvi(noun,4)
kfS	1	vidyut:karSin~karSi(noun,2)
kfSa	6	dcs:kfSA~kfSA(NOUN,1);dcs:kfSAnAm~kfSa(NOUN,1);dcs:kfSa~kfSa(NOUN,4);dcs:kfSaH~kfSa(NOUN,2);dcs:kfSam~kfSa(NOUN,1)
kfSana	1	dcs:kfSanam~kfSana(ADJ,1)
kfcCra	10	dcs:kfcCrA~kfcCra(NOUN,1);dcs:kfcCrAn~kfcCra(ADJ,8);dcs:kfcCrAt~kfcCra(ADJ,1);dcs:kfcCra~kfcCra(ADJ,92);dcs:kfcCraM~kfcCra(ADJ,12)
kfkala	1	vidyut:kfkalAn~kfkalA(noun,1)
kfmi	1	dcs:kfmiRA~kfmin(ADJ,1)
kfp	1	vidyut:kalpizyamARa~kalpi(noun,8)
kfpaRa	3	dcs:kfpaRaM~kfpaRa(NOUN,5);dcs:kfpaRam~kfpaRa(NOUN,3);dcs:kfpaRe~kfpaRa(NOUN,1)
kft	2	dcs:kft~kft(NOUN,10);dcs:kftAm~kf(VERB,73)
kftABizeka	1	vidyut:kftABizeka~kftABizekA(noun,3)
kftAYjali	1	dcs:kftAYjaliH~kftAYjali(NOUN,2)
kftAstra	1	dcs:kftAstraH~kftAstra(NOUN,1)
kftaka	1	dcs:kftaka~kftaka(NOUN,2)
kftakarman	1	dcs:kftakarmA~kftakarman(NOUN,1)
kftakzaRa	1	dcs:kftakzaRaH~kftakzaRa(NOUN,1)
kfti	1	dcs:kfti~kft(NOUN,7)
kftimant	1	dcs:kftimAn~kftimat(ADJ,1)
kftin	1	dcs:kftI~kftin(NOUN,1)
kftrimA	2	vidyut:kftrimAm~kftrima(noun,2);vidyut:kftrimAm~kf(noun,1)
kftrima	2	dcs:kftrimA~kftrimA(NOUN,1);dcs:kftrima~kftrima(NOUN,2)
kftvI	1	vidyut:kftvyA~kftvya(noun,1)
kftvan	1	dcs:kftvane~kftvan(NOUN,1)
kftvarI	1	vidyut:kftvarI~kftvan(noun,1)
kftyA	1	dcs:kftyAH~kftya(NOUN,8)
kftya	5	dcs:kftyAya~akftya(ADJ,1);dcs:kftya~kft(VERB,7);dcs:kftyaM~kf(VERB,15);dcs:kftyam~kf(VERB,24);dcs:kftye~kftyA(NOUN,21)
kfz	1	dcs:kfzwa~kfzwa(NOUN,5)
kfzRA	6	dcs:kfzRA~kfzRa(ADJ,157);dcs:kfzRAM~kfzRa(ADJ,22);dcs:kfzRAm~kfzRa(ADJ,23);dcs:kfzRAyAH~kfzRa(ADJ,2);dcs:kfzRAyAM~kfzRa(ADJ,3)
kfzRAyas	1	vidyut:kfzRAyasas~kfzRAyasa(noun,1)
kfzRa	13	dcs:kfzRAH~kfzRa(NOUN,5);dcs:kfzRAn~kfzRa(NOUN,4);dcs:kfzRAsu~kfzRA(NOUN,1);dcs:kfzRAt~kfzRa(ADJ,1);dcs:kfzRAya~kfzRa(ADJ,6)
kfzRagarBA	1	vidyut:kfzRagarBa~kfzRagarBa(noun,2)
kfzRapiNgala	1	vidyut:kfzRapiNgala~kfzRapiNgalA(noun,3)
kfzRatAra	1	vidyut:kfzRatArAByAm~kfzRatArA(noun,6)
kfzRavAsas	1	vidyut:kfzRavAsas~kfzRavAsa(noun,1)
kfzRavarRA	1	vidyut:kfzRavarRa~kfzRavarRa(noun,2)
kfzi	1	dcs:kfzi~kf(VERB,2)
ki	1	vidyut:keyam~kE(noun,3)
kiMkarA	1	vidyut:kiNkara~kiMkara(noun,2)
kiMkara	1	vidyut:kiNkarARAm~kiMkarA(noun,2)
kiMnara	2	vidyut:kinnarARAm~kiMnarA(noun,2);vidyut:kinnarAn~kiMnarA(noun,1)
kimarTam	2	dcs:kimarTaM~kimarTa(ADJ,38);dcs:kimarTam~kimarTa(ADJ,20)
kirAtI	1	vidyut:kirAtI~kirAti(noun,6)
kirIwin	5	dcs:kirIwI~kirIwin(ADJ,15);dcs:kirIwinaH~kirIwin(ADJ,6);dcs:kirIwinaM~kirIwin(NOUN,12);dcs:kirIwinam~kirIwin(ADJ,2);dcs:kirIwine~kirIwin(ADJ,3)
kirmIra	1	dcs:kirmIra~kirmIra(ADJ,1)
kit	1	vidyut:aciket~ki(verb,1)
klIba	1	dcs:klIba~klIba(NOUN,1)
kland	2	vidyut:klanda~klandi(noun,8);vidyut:klanda~kland(verb,1)
kliS	2	dcs:klizwAH~aklizwa(ADJ,1);dcs:klizwa~klizwa(ADJ,1)
kopana	1	dcs:kopanaH~kopana(NOUN,1)
kopi	1	vidyut:kopayizRu~kup(noun,3)
kosalA	2	vidyut:kosalA~kosala(noun,1);vidyut:kosalAyAm~kosala(noun,1)
krIq	2	dcs:krIqa~krIqa(NOUN,1);vidyut:krIq~krIqi(noun,7)
krIqA	1	dcs:krIqAH~krIqa(ADJ,1)
krUra	4	dcs:krUrA~krUrA(NOUN,2);dcs:krUrAya~akrUra(NOUN,1);dcs:krUraH~krUra(NOUN,2);dcs:krUram~krUra(NOUN,2)
kraT	2	vidyut:krad~krad(noun,7);vidyut:krad~krAdi(noun,7)
kram	1	dcs:krAnta~krAnta(NOUN,1)
kramAt	1	dcs:kramAt~krama(NOUN,119)
krama	2	dcs:kramAn~kramAt(ADV,5);dcs:krame~kram(VERB,11)
kramatas	1	dcs:kramataH~kram(VERB,1)
krameRa	1	dcs:krameRa~krama(NOUN,292)
kramu	1	dcs:kramuH~kram(VERB,1)
krand	2	dcs:kranda~kranda(NOUN,3);dcs:krandasi~krandas(NOUN,1)
kravyAd	5	dcs:kravyAd~kravyAd(NOUN,8);dcs:kravyAdaH~kravyAda(NOUN,2);dcs:kravyAdaM~kravyAd(NOUN,3);dcs:kravyAdam~kravyAd(NOUN,3);dcs:kravyAt~kravyAd(ADJ,2)
kravyAda	3	dcs:kravyAda~kravyAda(ADJ,1);vidyut:kravyAde~kravyAdA(noun,14);vidyut:kravyAde~kravyAd(noun,6)
kriyA	1	vidyut:kriya~kriya(noun,2)
kroDa	2	dcs:kroDA~kroDA(NOUN,5);dcs:kroDaH~akroDa(ADJ,1)
kroDanA	1	dcs:kroDanA~kroDana(ADJ,1)
kroDavaSa	2	vidyut:kroDavaSAn~kroDavaSA(noun,1);vidyut:kroDavaSa~kroDavaSA(noun,3)
krozwrI	3	vidyut:krozwri~krozwu(noun,1);vidyut:krozwri~krozwf(noun,1);vidyut:krozwri~kruS(noun,2)
kruD	1	dcs:kruDaH~kruD(NOUN,1)
ku	1	dcs:ku~ku(NOUN,17)
kuDI	1	vidyut:kuDi~kuDi(noun,3)
kuRWay	1	dcs:kuRWita~kuRWita(ADJ,1)
kuRapa	1	dcs:kuRapa~kuRapa(NOUN,11)
kuRi	3	dcs:kuRiH~kuRi(ADJ,3);vidyut:kuRe~kuRa(noun,9);vidyut:kuRe~kuR(noun,9)
kuRqASin	1	dcs:kuRqASI~kuRqASin(ADJ,2)
kuRqaBedin	1	dcs:kuRqaBedI~kuRqaBedin(ADJ,1)
kuRqalI	1	dcs:kuRqalI~kuRqalin(ADJ,23)
kuRqin	2	dcs:kuRqI~kuRqI(NOUN,2);dcs:kuRqinaH~kuRqina(NOUN,1)
kuSacIrA	1	vidyut:kuSacIra~kuSacIra(noun,2)
kuSala	10	dcs:kuSalAH~kuSala(NOUN,1);dcs:kuSalAni~akuSala(ADJ,1);dcs:kuSala~kuSala(NOUN,27);dcs:kuSalaH~kuSala(NOUN,7);dcs:kuSalaM~kuSala(ADJ,37)
kuSalin	1	dcs:kuSalI~kuSalI(NOUN,2)
kuSavatI	1	vidyut:kuSavatyAm~kuSavat(noun,1)
kubja	3	dcs:kubjA~kubjA(NOUN,1);dcs:kubjAyAH~kubjA(NOUN,1);dcs:kubje~kubjA(NOUN,1)
kuha	1	dcs:kuha~kuha(NOUN,2)
kuhaka	1	dcs:kuhaka~kuhaka(ADV,1)
kulIna	2	dcs:kulInAH~kulIna(NOUN,1);dcs:kulInaH~kulIna(NOUN,1)
kula	2	dcs:kulAH~kulA(NOUN,1);dcs:kulAya~kulAya(NOUN,5)
kulakzayA	2	vidyut:kulakzaya~kulakzaya(noun,2);vidyut:kulakzaye~kulakzaya(noun,9)
kulampunA	1	vidyut:kulampuna~kulampuna(noun,2)
kumAra	8	dcs:kumArAH~kumAra(ADJ,5);dcs:kumArARAm~kumAra(ADJ,1);dcs:kumArAn~kumAra(ADJ,2);dcs:kumAra~kumAra(ADJ,22);dcs:kumAraH~kumAra(ADJ,9)
kumBInasI	1	vidyut:kumBInasi~kumBInasi(noun,3)
kumudvatI	1	dcs:kumudvatI~kumudvat(ADJ,2)
kuntI	1	dcs:kunti~kunti(NOUN,13)
kup	1	vidyut:kopanIya~kopi(noun,4)
kupya	1	dcs:kupya~kup(VERB,3)
kurarI	1	vidyut:kurari~kurarin(noun,3)
kurava	1	dcs:kurava~kuru(NOUN,3)
kuru	1	dcs:kuru~kf(VERB,878)
kutas	2	dcs:kuta~kuta(NOUN,1);dcs:kutas~kutas(NOUN,1)
kutsay	1	dcs:kutsitam~kutsita(NOUN,1)
kuvid	1	dcs:kuvit~kuvit(NOUN,1)
kuwi	1	dcs:kuwi~kuwI(NOUN,1)
kuwila	3	dcs:kuwilA~kuwilA(NOUN,2);dcs:kuwila~kuwila(NOUN,8);dcs:kuwilam~kuwila(NOUN,1)
kva	1	dcs:kva~kva(NOUN,1)
kvaR	1	dcs:kvaRita~kvaRita(NOUN,4)
kvaT	1	dcs:kvaTita~kvaTita(NOUN,1)
kzA	1	dcs:kzA~akza(NOUN,5)
kzAma	1	dcs:kzAma~kzAman(NOUN,3)
kzAmya	1	vidyut:kzAmya~kzam(verb,1)
kzAra	1	dcs:kzAra~kzAra(ADJ,100)
kzAtra	2	dcs:kzAtraM~kzAtra(NOUN,2);dcs:kzAtram~kzAtra(NOUN,2)
kzIba	1	dcs:kzIba~akzIba(NOUN,1)
kzIrin	2	dcs:kzIriRIm~kzIriRI(NOUN,2);dcs:kzIriRaH~kzIrin(NOUN,1)
kzaRamAtra	2	vidyut:kzaRamAtram~kzaRamAtram(ind,1);vidyut:kzaRamAtreRa~kzaRamAtreRa(ind,1)
kzam	3	dcs:kzAmA~kzAma(ADJ,10);vidyut:kzamin~kzAmi(noun,6);vidyut:kzamyamARa~kzAmi(noun,6)
kzamA	3	dcs:kzamA~kzama(ADJ,22);dcs:kzamAm~kzama(ADJ,7);dcs:kzamayA~kzama(ADJ,1)
kzama	4	dcs:kzama~kzam(VERB,10);dcs:kzamaH~kzam(NOUN,1);dcs:kzamam~kzama(NOUN,1);dcs:kzame~kzam(VERB,3)
kzamin	1	dcs:kzamI~kzamin(NOUN,2)
kzan	3	dcs:kzataH~akzata(NOUN,1);dcs:kzatam~kzata(NOUN,11);dcs:kzatasya~kzata(NOUN,1)
kzap	1	vidyut:kzap~kzApi(noun,7)
kzapaRa	2	dcs:kzapaRA~kzapaRA(NOUN,1);dcs:kzapaRa~kzapaRa(ADJ,1)
kzar	1	dcs:kzarA~kzara(ADJ,1)
kzata	4	dcs:kzatAni~kzan(VERB,2);dcs:kzatAt~kzan(VERB,1);dcs:kzata~kzan(VERB,104);dcs:kzate~kzan(VERB,14)
kzatraDarma	1	vidyut:kzatraDarme~kzatraDarman(noun,4)
kzatraDarman	1	vidyut:kzatraDarma~kzatraDarma(noun,2)
kzatriya	1	dcs:kzatriyaM~kzatriya(ADJ,1)
kzatriyaDarman	1	vidyut:kzatriyaDarma~kzatriyaDarma(noun,2)
kzaya	8	dcs:kzayA~akzaya(ADJ,3);dcs:kzayaH~akzaya(ADJ,3);dcs:kzayaM~akzaya(ADJ,3);dcs:kzayam~akzaya(ADJ,4);dcs:kzayasya~kzaya(ADJ,1)
kzema	9	dcs:kzemAH~kzema(ADJ,1);dcs:kzemAya~kzema(ADJ,1);dcs:kzema~kzema(ADJ,6);dcs:kzemaH~kzema(NOUN,6);dcs:kzemaM~kzema(ADJ,35)
kzemavfdDi	1	vidyut:kzemavfdDi~kzemavfdDin(noun,3)
kzemya	1	dcs:kzemyA~kzemyA(NOUN,2)
kzetrajYa	3	dcs:kzetrajYa~kzetrajYa(ADJ,2);dcs:kzetrajYaH~kzetrajYa(ADJ,2);dcs:kzetrajYam~kzetrajYa(ADJ,1)
kzi	3	dcs:kzIRe~kzIRa(NOUN,1);dcs:kzitA~kzit(ADJ,1);vidyut:kzIyatAm~kzI(verb,1)
kzip	8	dcs:kzipa~kzip(NOUN,3);dcs:kzipta~kzipta(NOUN,2);vidyut:kzip~kzipi(noun,14);vidyut:kzipA~kzipA(noun,3);vidyut:kzipA~kzipa(noun,1)
kzipaRi	1	vidyut:kzipaRi~kzipi(noun,2)
kzipra	1	dcs:kzipra~kzipra(NOUN,7)
kzipram	2	dcs:kzipraM~kzipra(ADJ,5);dcs:kzipram~kzipra(ADJ,2)
kzoBaRa	1	dcs:kzoBaRa~kzoBaRa(NOUN,1)
kzuB	1	dcs:kzubDa~kzubDa(NOUN,1)
kzuD	1	dcs:kzuD~kzuD(ADV,1)
kzuDA	1	vidyut:kzuDa~kzuD(noun,2)
kzud	1	dcs:kzuRRam~kzuRRa(ADJ,1)
kzudrA	1	dcs:kzudrA~kzudra(ADJ,20)
kzudra	6	dcs:kzudrAH~kzudra(NOUN,1);dcs:kzudra~kzudra(NOUN,3);dcs:kzudraH~kzudra(NOUN,1);dcs:kzudraM~kzudra(NOUN,1);dcs:kzudram~kzudra(NOUN,1)
kzudraka	2	dcs:kzudrakARAM~kzudraka(ADJ,4);dcs:kzudraka~kzudraka(ADJ,3)
kzullaka	2	dcs:kzullakAH~kzullaka(NOUN,1);dcs:kzullaka~kzullaka(NOUN,1)
kzveqita	1	dcs:kzveqita~kzveqay(VERB,2)
kﾱp	1	dcs:kalpate~treDA(ADV,1)
lAlapya	2	vidyut:lAlapyamAnAn~lAlap(noun,2);vidyut:lAlapyamAna~lAlap(noun,2)
lAlasa	2	dcs:lAlasA~lAlasa(NOUN,1);dcs:lAlasa~lAlasa(NOUN,1)
lAsi	1	vidyut:lAsayanti~lAsi(verb,3)
lAva	1	dcs:lAva~lAva(ADJ,1)
lI	4	dcs:lInA~lInA(NOUN,1);dcs:lIna~lIna(NOUN,1);dcs:lInaM~lIna(NOUN,1);dcs:lInam~lIna(NOUN,1)
lU	1	dcs:lUna~lUna(NOUN,1)
lUtA	1	vidyut:lUta~lUta(noun,2)
laB	4	dcs:laByo~alaBya(ADJ,1);dcs:labDA~labDf(ADJ,3);dcs:labDam~alabDa(ADJ,1);vidyut:lamBanIya~lamBi(noun,2)
laBa	1	dcs:laBa~laB(VERB,1)
laGu	3	dcs:laGu~laGu(NOUN,2);dcs:laGuH~laGu(NOUN,3);dcs:laGvI~laGvI(NOUN,2)
laNkA	1	vidyut:laNkayA~laNka(noun,1)
lag	3	dcs:lagna~lagna(NOUN,16);dcs:lagnaH~lagna(NOUN,4);dcs:lagnam~lagna(NOUN,9)
lakzmIvat	1	dcs:lakzmIvAn~lakzmIvant(NOUN,1)
lakzmaRa	1	dcs:lakzmaRAm~lakzmaRa(NOUN,1)
lakzya	4	dcs:lakzya~lakzay(VERB,18);dcs:lakzyaH~lakzay(VERB,4);dcs:lakzyaM~lakzay(VERB,3);dcs:lakzyam~lakzay(VERB,1)
lal	4	dcs:lalitAm~lalitA(NOUN,1);dcs:lalita~lalita(ADJ,15);dcs:lalitaM~lalita(NOUN,5);dcs:lalitam~lalita(NOUN,7)
lalAwa	1	dcs:lalAwa~lalAwa(ADJ,1)
lala	1	dcs:lala~lal(VERB,1)
lalitA	2	dcs:lalitA~lal(VERB,4);dcs:lalite~lal(VERB,2)
lamb	1	vidyut:lambin~lambi(noun,2)
lambA	1	dcs:lambA~lamba(ADJ,4)
lamba	1	dcs:lamba~lamba(NOUN,3)
lambikA	1	vidyut:lambikAyAm~lambika(noun,1)
lampawa	1	dcs:lampawa~lampawa(NOUN,1)
lava	1	dcs:lava~alavaH(ADV,1)
lavaRa	5	dcs:lavaRa~lavaRa(ADJ,233);dcs:lavaRaH~lavaRa(NOUN,18);dcs:lavaRaM~lavaRa(ADJ,48);dcs:lavaRam~lavaRa(ADJ,59);dcs:lavaRena~lavaRa(ADJ,2)
lehay	1	dcs:lehyam~lehya(NOUN,6)
lehya	1	dcs:lehya~lehay(VERB,4)
lelih	1	dcs:lelihAnam~lelihAna(NOUN,1)
lelihAnA	2	vidyut:lelihAna~lelihAna(noun,2);vidyut:lelihAna~lelih(noun,2)
lelihya	1	vidyut:lelihyamAna~lelih(noun,2)
lepi	1	vidyut:lep~lep(noun,7)
liK	1	dcs:liKita~liKita(NOUN,6)
liKita	1	dcs:liKitaH~liK(VERB,6)
liNga	1	dcs:liNga~aliNga(ADJ,1)
liNgin	2	dcs:liNgI~liNgin(NOUN,5);dcs:liNginaH~liNgin(NOUN,1)
lilaNGayiza	1	vidyut:lilaNGayizu~lilaNGiza(noun,3)
lip	3	dcs:liptA~liptA(NOUN,6);vidyut:lip~lipsi(noun,7);vidyut:lip~lipsa(noun,7)
loha	3	dcs:lohAH~loha(ADJ,1);dcs:loha~loha(ADJ,1);dcs:loham~loha(ADJ,2)
lohita	5	dcs:lohitA~lohitA(NOUN,7);dcs:lohita~lohita(NOUN,88);dcs:lohitaH~lohita(NOUN,15);dcs:lohitam~lohita(NOUN,48);dcs:lohitasya~lohita(ADJ,7)
lohitaka	1	dcs:lohitaka~lohitaka(NOUN,1)
lohityA	1	vidyut:lohitya~lohitya(noun,2)
loka	1	dcs:lokataH~lokatas(ADV,1)
lokakAntA	2	vidyut:lokakAntAm~lokakAnta(noun,1);vidyut:lokakAnta~lokakAnta(noun,2)
lokasAkzika	1	vidyut:lokasAkzikam~lokasAkzikam(ind,1)
lokavat	1	vidyut:lokavat~lokavat(ind,1)
lokaviSruta	1	vidyut:lokaviSrute~lokaviSruti(noun,2)
lola	2	dcs:lolA~lolA(NOUN,4);vidyut:lole~lolA(noun,14)
lolup	3	vidyut:lolup~loluB(noun,14);vidyut:lolup~lolupya(noun,14);vidyut:lolup~loluBya(noun,14)
lolupa	1	dcs:lolupA~lolupA(NOUN,2)
lomaSa	2	dcs:lomaSa~lomaSa(ADJ,5);dcs:lomaSena~lomaSa(ADJ,1)
loqi	2	vidyut:loqyamAna~loq(noun,2);vidyut:loqyamAnam~loq(noun,3)
luB	1	dcs:lubDa~lubDa(NOUN,3)
lul	1	dcs:lulita~lulita(NOUN,1)
lup	2	dcs:luptA~lupta(ADJ,1);dcs:lupta~lupta(NOUN,2)
m	1	dcs:mo~ma(NOUN,1)
mA	9	dcs:mA~mad(PRON,2152);dcs:mita~mita(ADJ,57);dcs:mitam~mita(ADJ,4);dcs:mitena~mita(ADJ,1);vidyut:mAsya~me(noun,4)
mADavI	1	dcs:mADavIm~mADava(ADJ,1)
mADava	2	dcs:mADava~mADava(ADJ,1);dcs:mADave~mADava(ADJ,1)
mADvI	1	dcs:mADvI~mADvI(NOUN,16)
mADyaMdina	4	dcs:mADyaMdinaM~mADyaMdina(NOUN,2);dcs:mADyandina~mADyaMdina(NOUN,1);dcs:mADyandinaM~mADyaMdina(NOUN,2);dcs:mADyandine~mADyaMdina(NOUN,12)
mADyamika	1	vidyut:mADyamika~mADyamikA(noun,3)
mANgalya	1	dcs:mANgalya~mANgalya(ADJ,2)
mARqUkAyanI	1	vidyut:mARqUkAyani~mARqUkAyani(noun,3)
mAgaDa	4	dcs:mAgaDAnAM~mAgaDa(ADJ,1);dcs:mAgaDa~mAgaDa(ADJ,2);dcs:mAgaDaH~mAgaDa(ADJ,2);dcs:mAgaDaM~mAgaDa(ADJ,6)
mAheSvarI	1	dcs:mAheSvarI~mAheSvara(ADJ,11)
mAheSvara	1	dcs:mAheSvara~mAheSvara(NOUN,1)
mAhendrI	1	dcs:mAhendrI~mAhendra(ADJ,2)
mAhendra	2	dcs:mAhendra~mAhendra(NOUN,3);dcs:mAhendram~mAhendra(NOUN,2)
mAheyI	1	dcs:mAheyI~mAheya(ADJ,1)
mAheya	1	vidyut:mAheya~mAh(verb,1)
mAhi	3	vidyut:mAhin~mAh(noun,2);vidyut:mAhin~mah(noun,2);vidyut:mAhita~mAh(noun,2)
mAhiza	1	dcs:mAhiza~mAhiza(NOUN,1)
mAlavI	1	vidyut:mAlavyAm~mAlavya(noun,2)
mAlikA	1	vidyut:mAlike~mAlika(noun,9)
mAlin	3	dcs:mAlinI~mAlinI(NOUN,34);dcs:mAlinIm~mAlinI(NOUN,4);dcs:mAlinaH~mAlin(NOUN,1)
mAmaj	1	vidyut:mAmajitvA~mAmajya(ind,1)
mAnasa	14	dcs:mAnasA~mAnasa(ADJ,9);dcs:mAnasAH~mAnasa(ADJ,47);dcs:mAnasAn~mAnasa(NOUN,1);dcs:mAnasI~mAnasI(NOUN,4);dcs:mAnasIm~mAnasI(NOUN,1)
mAnava	11	dcs:mAnavA~mAnava(ADJ,5);dcs:mAnavAH~mAnava(ADJ,1);dcs:mAnavAn~mAnavat(ADJ,3);dcs:mAnavAnAm~mAnava(ADJ,1);dcs:mAnavI~mAnavI(NOUN,6)
mAnay	1	dcs:mAnitA~mAnitA(NOUN,2)
mAni	5	vidyut:mAnayAYcakrire~mAn(verb,2);vidyut:mAnayantI~mAn(noun,4);vidyut:mAnayat~mAn(noun,3);vidyut:mAnayitf~mAn(noun,3);vidyut:mAnyatAm~mAn(verb,1)
mAnin	2	dcs:mAnI~mAnin(NOUN,1);dcs:mAnini~mAninI(NOUN,12)
mAninI	1	dcs:mAninI~mAnin(ADJ,8)
mAnuzI	1	dcs:mAnuzIRAM~mAnuza(ADJ,2)
mAnuza	23	dcs:mAnuzA~mAnuza(NOUN,20);dcs:mAnuzAH~mAnuza(ADJ,27);dcs:mAnuzARAM~mAnuza(ADJ,3);dcs:mAnuzARAm~mAnuza(ADJ,2);dcs:mAnuzAn~mAnuza(ADJ,32)
mAnuzya	1	dcs:mAnuzya~mAnuzya(ADJ,8)
mAnuzyaka	1	dcs:mAnuzyaka~mAnuzyaka(NOUN,1)
mAnya	1	dcs:mAnyasya~man(VERB,1)
mArI	1	dcs:mArI~mArin(ADJ,1)
mArIca	1	dcs:mArIcaM~mArIca(ADJ,1)
mAra	1	dcs:mAra~mAra(ADJ,1)
mArga	4	dcs:mArgAt~mArga(ADJ,1);dcs:mArga~mArga(ADJ,7);dcs:mArgaM~mArga(ADJ,3);dcs:mArgam~mArga(ADJ,1)
mArgi	3	vidyut:mArg~mArji(noun,14);vidyut:mArg~mArg(noun,7);vidyut:mArgita~mArg(noun,2)
mAruta	10	dcs:mArutAH~mAruta(ADJ,6);dcs:mArutAya~mAruta(NOUN,2);dcs:mAruta~mAruta(ADJ,7);dcs:mArutaH~mAruta(ADJ,9);dcs:mArutaM~mAruta(NOUN,33)
mAs	2	dcs:mAsi~mA(VERB,5);dcs:mAsy~mA(VERB,1)
mAsa	2	dcs:mAsaS~mAs(NOUN,1);dcs:mAso~mAs(NOUN,12)
mAtfbanDu	1	vidyut:mAtfbanDu~mAtfbanDU(noun,5)
mAtfka	1	dcs:mAtfkaM~mAtfka(NOUN,1)
mAtftas	1	dcs:mAtftas~mAtf(NOUN,1)
mAtrA	3	dcs:mAtrA~mAtf(NOUN,218);dcs:mAtrAH~mAtra(NOUN,36);dcs:mAtrAm~mAtra(NOUN,30)
mAtsya	1	dcs:mAtsya~mAtsya(NOUN,3)
mAtu	1	vidyut:mAtu~mA(verb,1)
mAyUra	1	dcs:mAyUra~mAyUra(NOUN,1)
mAyin	2	dcs:mAyinAm~mAyin(NOUN,1);dcs:mAyinaH~mAyin(NOUN,1)
mF	2	vidyut:mUrRa~mUrv(noun,2);vidyut:marizyat~mf(noun,3)
mIQvas	1	dcs:mIQuze~mih(VERB,1)
mImAMsa	2	vidyut:mImAMsita~mImAMsi(noun,2);vidyut:mImAMsita~mImAMsya(noun,2)
mUQa	1	vidyut:mUQas~muh(noun,1)
mUka	1	dcs:mUkasya~mUka(NOUN,1)
mUla	2	dcs:mUlA~amUla(ADJ,2);dcs:mUla~amUla(ADJ,4)
mUrKa	1	dcs:mUrKa~mUrKa(NOUN,1)
mUtra	1	vidyut:mUtrayata~mUtri(verb,1)
maDUlika	1	vidyut:maDUlika~maDUlikA(noun,3)
maDu	9	dcs:maDoH~maDu(ADJ,1);dcs:maDor~maDu(ADJ,9);dcs:maDu~maDu(ADJ,103);dcs:maDuH~maDu(ADJ,2);dcs:maDunA~maDu(ADJ,6)
maDuPalA	1	vidyut:maDuPala~maDuPala(noun,2)
maDukArI	1	vidyut:maDukArI~maDukArin(noun,1)
maDumat	4	dcs:maDumantaH~maDumant(NOUN,1);dcs:maDumantam~maDumanta(NOUN,2);dcs:maDumatI~maDumatI(NOUN,6);dcs:maDumati~maDumati(NOUN,1)
maDumatta	1	vidyut:maDumatta~maDumattA(noun,3)
maDupratIkA	1	vidyut:maDupratIka~maDupratIka(noun,2)
maDura	8	dcs:maDurA~maDurA(NOUN,18);dcs:maDurAM~maDurA(NOUN,4);dcs:maDurAm~maDurA(NOUN,1);dcs:maDura~maDura(NOUN,6);dcs:maDuraH~maDura(NOUN,8)
maDya	12	dcs:maDyA~maDya(ADJ,9);dcs:maDyAH~maDya(NOUN,8);dcs:maDyAd~maDya(ADJ,1);dcs:maDyAn~maDya(ADJ,2);dcs:maDyAni~maDya(ADJ,5)
maDyama	6	dcs:maDyamA~maDyamA(NOUN,32);dcs:maDyamAH~maDyama(NOUN,1);dcs:maDyama~maDyama(NOUN,6);dcs:maDyamaH~maDyama(NOUN,3);dcs:maDyamaM~maDyama(NOUN,2)
maDyamezWa	1	dcs:maDyamezWA~maDyamezWA(ADJ,1)
maDyatas	4	dcs:maDyata~maDya(NOUN,27);dcs:maDyataH~maDya(NOUN,54);dcs:maDyatas~maDya(NOUN,1);dcs:maDyato~maDya(NOUN,44)
maGavan	9	dcs:maGavA~maGavan(ADJ,36);dcs:maGavAn~maGavan(ADJ,1);dcs:maGavAnam~maGavan(ADJ,3);dcs:maGavan~maGavan(ADJ,25);dcs:maGavann~maGavan(ADJ,16)
maKa	4	dcs:maKAya~maKa(ADJ,3);dcs:maKa~maKa(ADJ,2);dcs:maKaH~maKa(ADJ,2);dcs:maKasya~maKa(ADJ,1)
maNgalA	1	dcs:maNgalA~maNgala(ADJ,9)
maNgala	5	dcs:maNgalAnAM~maNgala(ADJ,1);dcs:maNgalAni~maNgala(ADJ,4);dcs:maNgala~maNgala(ADJ,40);dcs:maNgalaM~maNgala(ADJ,8);dcs:maNgalam~maNgala(ADJ,25)
maNgalya	2	dcs:maNgalyAni~maNgalya(NOUN,3);dcs:maNgalya~maNgalya(NOUN,9)
maRimant	1	dcs:maRimat~maRimat(ADJ,1)
maRqala	5	dcs:maRqalAni~maRqala(ADJ,2);dcs:maRqala~maRqala(ADJ,7);dcs:maRqalaM~maRqala(ADJ,6);dcs:maRqalam~maRqala(ADJ,3);dcs:maRqale~maRqala(ADJ,1)
maRqalin	1	dcs:maRqalI~maRqala(NOUN,6)
maRqana	1	dcs:maRqane~maRqana(NOUN,2)
maRqay	1	dcs:maRqita~maRqita(NOUN,1)
maT	2	dcs:maTita~maTita(NOUN,4);dcs:maTitam~maTita(NOUN,1)
maTana	1	dcs:maTana~maTana(ADJ,2)
maYju	1	dcs:maYju~maYju(NOUN,1)
maYjula	1	dcs:maYjula~maYjula(NOUN,1)
mad	31	dcs:Avam~av(VERB,2);dcs:Ra~na(PART,8);dcs:RaH~Ra(NOUN,10);dcs:Ro~R(NOUN,1);dcs:ahaM~aha(NOUN,3)
madAlasA	1	vidyut:madAlasa~madAlasa(noun,2)
madAlasa	1	vidyut:madAlasAn~madAlasA(noun,1)
madAnDA	1	vidyut:madAnDa~madAnDa(noun,2)
madacyut	1	vidyut:madacyutA~madacyuta(noun,1)
madacyuta	1	vidyut:madacyutam~madacyut(noun,2)
madanA	1	dcs:madanA~madana(NOUN,1)
madanI	2	vidyut:madanyA~mad(noun,2);vidyut:madanyA~mAdi(noun,1)
madapawu	1	vidyut:madapawu~madapawu(ind,1)
madarTa	1	vidyut:madarTam~madarTam(ind,1)
madotkawa	3	vidyut:madotkawAn~madotkawA(noun,1);vidyut:madotkawa~madotkawA(noun,3);vidyut:madotkawe~madotkawA(noun,14)
madraka	1	dcs:madrakA~madrakA(NOUN,1)
madvacana	1	vidyut:madvacanAt~madvacanAt(ind,1)
madya	2	dcs:madyaM~mad(VERB,4);dcs:madyam~mad(VERB,9)
mah	6	dcs:mahIBiH~mahI(NOUN,1);dcs:maha~mahas(NOUN,15);dcs:mahaH~mahas(NOUN,49);dcs:mahaS~mahas(NOUN,5);dcs:mahe~maha(NOUN,10)
mahABAga	2	dcs:mahABAgA~mahABAgA(NOUN,2);dcs:mahABAga~mahABAga(NOUN,2)
mahADana	2	dcs:mahADana~mahADana(NOUN,2);dcs:mahADane~mahADana(NOUN,1)
mahAGoza	2	vidyut:mahAGozAm~mahAGozA(noun,2);vidyut:mahAGoza~mahAGozA(noun,3)
mahAPala	1	vidyut:mahAPala~mahAPalA(noun,3)
mahASAKA	1	vidyut:mahASAKa~mahASAKa(noun,2)
mahASalkA	1	vidyut:mahASalkA~mahASalka(noun,1)
mahAbala	3	vidyut:mahAbalAnAm~mahAbalA(noun,2);vidyut:mahAbale~mahAbalA(noun,14);vidyut:mahAbale~mahAbali(noun,2)
mahAcaRqA	1	vidyut:mahAcaRqa~mahAcaRqa(noun,2)
mahAjava	2	vidyut:mahAjavAn~mahAjavA(noun,1);vidyut:mahAjava~mahAjavA(noun,3)
mahAjaya	1	vidyut:mahAjaya~mahAjayA(noun,3)
mahAjvAla	1	vidyut:mahAjvAla~mahAjvAlA(noun,3)
mahAmAyA	1	vidyut:mahAmAyAm~mahAmAya(noun,2)
mahAmaha	1	vidyut:mahAmaha~mahAmahA(noun,3)
mahAmanas	2	dcs:mahAmanA~mahAmanas(ADJ,3);dcs:mahAmanAH~mahAmanas(NOUN,5)
mahAmati	6	dcs:mahAmatI~mahAmatI(NOUN,2);dcs:mahAmate~mahAmati(ADJ,114);dcs:mahAmateH~mahAmati(NOUN,1);dcs:mahAmati~mahAmati(NOUN,1);dcs:mahAmatiH~mahAmati(NOUN,28)
mahApraBA	1	vidyut:mahApraBA~mahApraBa(noun,2)
mahApraBa	2	vidyut:mahApraBAn~mahApraBA(noun,1);vidyut:mahApraBa~mahApraBA(noun,3)
mahApuRyA	1	vidyut:mahApuRya~mahApuRya(noun,2)
mahArAja	1	dcs:mahArAja~mahArAjan(NOUN,2)
mahArUpA	1	vidyut:mahArUpAm~mahArUpa(noun,2)
mahArUpa	1	vidyut:mahArUpa~mahArUpA(noun,3)
mahArha	1	dcs:mahArhaM~mahArha(NOUN,3)
mahAsenA	1	vidyut:mahAsenA~mahAsena(noun,2)
mahAskanDA	1	vidyut:mahAskanDa~mahAskanDa(noun,2)
mahAsvana	1	vidyut:mahAsvanam~mahAsvanam(ind,1)
mahAtapas	1	vidyut:mahAtapas~mahAtapa(noun,1)
mahAtejas	1	vidyut:mahAtejas~mahAteja(noun,1)
mahAtman	9	dcs:mahAtmA~mahAtman(NOUN,6);dcs:mahAtmAnaH~mahAtman(NOUN,3);dcs:mahAtmAnaM~mahAtman(NOUN,1);dcs:mahAtmAno~mahAtman(NOUN,1);dcs:mahAtmanA~mahAtman(NOUN,3)
mahAvIrya	1	vidyut:mahAvIryAn~mahAvIryA(noun,1)
mahAvegA	1	vidyut:mahAvegAm~mahAvega(noun,2)
mahAvega	2	vidyut:mahAvegAn~mahAvegA(noun,1);vidyut:mahAvega~mahAvegA(noun,3)
mahAvidehA	1	vidyut:mahAvideha~mahAvideha(noun,2)
mahAvrata	2	dcs:mahAvrata~mahAvrata(ADJ,5);dcs:mahAvrataH~mahAvrata(NOUN,1)
mahI	3	dcs:mahI~mah(ADJ,90);dcs:mahIM~mah(ADJ,13);dcs:mahIm~mah(ADJ,51)
mahIyA	1	dcs:mahIyA~mahIy(VERB,1)
maharzi	8	vidyut:maharzIRAm~mahafzi(noun,3);vidyut:maharzIn~mahafzi(noun,1);vidyut:maharzaye~mahafzi(noun,2);vidyut:maharze~mahafzi(noun,2);vidyut:maharzi~mahafzi(noun,3)
mahat	19	dcs:mahAMs~mahant(NOUN,2);dcs:mahAmfDe~mfDa(NOUN,1);dcs:mahAn~mahant(NOUN,65);dcs:mahAntaM~mahant(NOUN,6);dcs:mahAntam~mahant(NOUN,3)
mahattara	1	dcs:mahattaram~mahattara(NOUN,2)
mahi	6	dcs:mahIH~mahI(NOUN,1);dcs:mahInAM~mahI(NOUN,2);dcs:mahInAm~mahI(NOUN,3);dcs:mahIr~mahI(NOUN,3);dcs:mahy~mah(ADJ,8)
mahiman	1	vidyut:mahiman~mahimat(noun,2)
mahita	1	dcs:mahitaH~mahita(NOUN,3)
mahiza	3	dcs:mahizaH~mahiza(ADJ,2);dcs:mahizaM~mahiza(ADJ,1);dcs:mahizasya~mahiza(ADJ,2)
mahodaya	1	vidyut:mahodaya~mahodayA(noun,3)
maj	6	vidyut:makti~mac(noun,6);vidyut:makti~maK(noun,6);vidyut:makti~majj(noun,6);vidyut:makti~mask(noun,6);vidyut:makti~majji(noun,6)
mala	4	dcs:malA~amala(ADJ,2);dcs:mala~mala(ADJ,1);dcs:malaM~mala(ADJ,1);dcs:malam~amala(ADJ,3)
maladA	2	vidyut:maladAm~malada(noun,1);vidyut:malada~malada(noun,2)
malina	1	dcs:malinA~malinA(NOUN,3)
man	10	dcs:mAnyAn~mAnay(VERB,4);dcs:mAnya~mAnay(VERB,6);dcs:mAnyaH~mAnay(VERB,12);dcs:man~mad(PRON,3);dcs:manya~manya(NOUN,2)
manIzin	2	dcs:manIziBiH~manIzin(NOUN,1);dcs:manIziRA~manIzin(NOUN,1)
manIzita	1	dcs:manIzitam~manIzita(ADJ,3)
manTa	1	dcs:manTa~maT(VERB,4)
manTarA	2	dcs:manTarA~manTara(ADJ,6);dcs:manTarAm~manTara(ADJ,2)
manTara	1	dcs:manTara~manTara(NOUN,8)
mananA	1	dcs:mananA~manana(NOUN,2)
manas	3	dcs:manas~manas(ADV,1);dcs:manasA~Iq(VERB,1);dcs:manasaH~amanas(ADJ,3)
manasvin	5	dcs:manasvI~manasvin(NOUN,1);dcs:manasvinA~manasvin(NOUN,1);dcs:manasvinI~manasvinI(NOUN,6);dcs:manasvinIm~manasvinI(NOUN,2);dcs:manasvini~manasvinI(NOUN,2)
mand	3	vidyut:mandi~mandi(noun,9);vidyut:mandin~mandi(noun,2);vidyut:mandinam~mandi(noun,1)
manda	8	dcs:mandA~mandA(NOUN,3);dcs:manda~manda(NOUN,14);dcs:mandaH~manda(NOUN,3);dcs:mandaM~manda(NOUN,2);dcs:mandam~manda(NOUN,1)
mandra	1	dcs:mandraH~mandra(NOUN,2)
manman	1	vidyut:manmanas~manmana(noun,1)
manohA	1	vidyut:manohA~manohan(noun,2)
manohara	6	dcs:manoharA~manoharA(NOUN,6);dcs:manoharAH~manoharA(NOUN,1);dcs:manohara~manohara(NOUN,1);dcs:manoharaH~manohara(NOUN,13);dcs:manoharaM~manohara(NOUN,1)
manojYA	1	dcs:manojYA~manojYa(ADJ,5)
manojavA	1	dcs:manojavA~manojava(ADJ,3)
manojava	4	dcs:manojavAH~manojava(NOUN,1);dcs:manojava~manojava(ADJ,2);dcs:manojavaH~manojava(NOUN,11);dcs:manojavaM~manojava(NOUN,1)
manojavas	1	vidyut:manojavasA~manojavasa(noun,1)
manorama	2	dcs:manoramA~manoramA(NOUN,6);dcs:manoramAm~manoramA(NOUN,1)
mantf	1	dcs:mantA~mantf(ADJ,1)
mantr	4	vidyut:amantryata~mantri(verb,1);vidyut:mantrayaDvam~mantri(verb,1);vidyut:mantrayamARa~mantri(noun,4);vidyut:mantrayeya~mantri(verb,1)
mantra	1	dcs:mantrataH~mantratas(ADV,2)
mantravat	1	dcs:mantravat~mantravat(ADJ,4)
mantray	2	dcs:mantritaH~mantrin(NOUN,2);dcs:mantritam~mantrita(NOUN,3)
mantrin	3	dcs:mantrI~mantrin(ADJ,18);dcs:mantriRaH~mantrin(ADJ,2);dcs:mantriRe~mantrin(ADJ,1)
manu	1	dcs:manavaH~manu(ADJ,2)
manujAtmajA	1	vidyut:manujAtmajA~manujAtmaja(noun,1)
manus	1	dcs:manuza~manuza(NOUN,2)
manuzya	7	dcs:manuzyA~manuzya(ADJ,8);dcs:manuzyAH~manuzya(ADJ,1);dcs:manuzyAn~manuzya(ADJ,1);dcs:manuzyaH~manuzya(ADJ,2);dcs:manuzyam~manuzya(ADJ,1)
manuzyaDarman	1	vidyut:manuzyaDarma~manuzyaDarma(noun,2)
manyA	1	dcs:manyA~man(VERB,1)
manyu	1	dcs:manyo~man(VERB,3)
manyumat	1	dcs:manyumAn~manyumant(NOUN,1)
marAla	1	dcs:marAla~marAla(ADJ,1)
mardana	1	dcs:mardanam~mardana(ADJ,18)
martya	17	dcs:martyA~martya(ADJ,5);dcs:martyAH~martya(ADJ,7);dcs:martyAn~martya(ADJ,4);dcs:martyAnAm~martya(ADJ,3);dcs:martyAsaH~martya(NOUN,2)
martyaDarman	1	vidyut:martyaDarma~martyaDarma(noun,2)
maruDanvan	1	vidyut:maruDanva~maruDanva(noun,2)
marut	1	vidyut:marutam~maruta(noun,3)
marutvat	7	dcs:marutvAn~marutvant(NOUN,5);dcs:marutvantaM~marutvant(NOUN,8);dcs:marutvantam~marutvant(NOUN,1);dcs:marutvat~marutvant(NOUN,1);dcs:marutvatA~marutvant(NOUN,2)
marutvatI	1	dcs:marutvatI~marutvat(ADJ,3)
marv	1	vidyut:mar~marvi(noun,7)
maryAda	1	dcs:maryAda~maryAdA(NOUN,1)
marya	2	dcs:maryAH~marya(ADJ,2);dcs:marya~marya(ADJ,1)
marzi	1	vidyut:marzayetAm~mfz(verb,2)
masUra	1	vidyut:masUra~masUrA(noun,3)
mata	2	dcs:mata~man(VERB,8);dcs:mataM~man(VERB,59)
matimat	1	dcs:matimAn~matimant(NOUN,2)
matipUrva	1	vidyut:matipUrvam~matipUrvam(ind,1)
matipUrvaka	1	vidyut:matipUrvakam~matipUrvakam(ind,1)
matsara	5	dcs:matsarA~matsara(ADJ,2);dcs:matsarAH~matsara(ADJ,4);dcs:matsara~matsara(ADJ,5);dcs:matsaraH~matsara(ADJ,23);dcs:matsaram~matsara(NOUN,7)
matsarin	1	dcs:matsarI~matsarI(NOUN,4)
matsyaganDa	1	vidyut:matsyaganDa~matsyaganDA(noun,3)
maya	4	dcs:maya~maya(NOUN,41);dcs:mayaH~maya(NOUN,50);dcs:mayam~maya(NOUN,20);dcs:mayena~maya(NOUN,34)
mayas	3	dcs:mayaS~maya(NOUN,3);dcs:mayas~maya(NOUN,4);dcs:mayo~maya(NOUN,30)
meD	1	vidyut:meDante~miD(verb,1)
meDA	1	dcs:meDe~meDa(NOUN,6)
meDAvin	1	dcs:meDAvI~meDAvin(NOUN,22)
meDa	1	dcs:meDAH~meDA(NOUN,6)
meDya	4	dcs:meDyA~meDyA(NOUN,17);dcs:meDyaH~meDya(NOUN,3);dcs:meDye~meDya(NOUN,3);dcs:meDyena~ameDya(NOUN,1)
meGamAlA	1	vidyut:meGamAlA~meGamAla(noun,1)
meGaravA	1	vidyut:meGaravA~meGarava(noun,1)
mecaka	2	dcs:mecaka~mecaka(NOUN,6);dcs:mecake~mecaka(ADJ,1)
medin	1	dcs:medI~medin(ADJ,1)
meqi	1	vidyut:meqi~meq(noun,9)
mf	11	dcs:mara~mara(NOUN,1);dcs:mftA~amftA(NOUN,3);dcs:mftAH~amfta(ADJ,7);dcs:mftAn~amfta(NOUN,1);dcs:mfta~mfta(NOUN,7)
mfD	1	dcs:mfDa~mfD(VERB,2)
mfR	1	dcs:mfRasi~mf(VERB,1)
mfd	2	dcs:mfda~mfda(NOUN,1);dcs:mfditam~mfdita(NOUN,1)
mfdu	3	dcs:mfdu~mfdu(NOUN,9);dcs:mfduH~mfdu(NOUN,3);dcs:mfdvI~mfdvI(NOUN,1)
mfdula	1	dcs:mfdula~mfdula(NOUN,2)
mfdupUrva	1	vidyut:mfdupUrvam~mfdupUrvam(ind,1)
mfgI	1	dcs:mfgyA~mfgay(VERB,1)
mfgamandA	2	vidyut:mfgamandA~mfgamanda(noun,1);vidyut:mfgamandAm~mfgamanda(noun,1)
mfj	2	dcs:mArzwi~mArzwi(NOUN,1);dcs:mfzwaM~mfzwa(ADJ,2)
mfq	1	dcs:mfqa~mfqa(NOUN,6)
mfqay	2	dcs:mfqayA~mfqA(NOUN,2);dcs:mfqayantu~mad(PRON,1)
mftapa	1	vidyut:mftapa~mftapA(noun,1)
mfz	6	vidyut:marzaRIya~marzi(noun,6);vidyut:mfq~mfj(noun,14);vidyut:mfq~mfq(noun,14);vidyut:mfq~mfS(noun,7);vidyut:mfq~mfkz(noun,7)
mi	1	dcs:minoti~minoti(NOUN,1)
miD	3	vidyut:meDate~meD(noun,2);vidyut:meDate~meD(verb,1);vidyut:meDate~miD(verb,1)
miS	3	vidyut:meSa~meSi(noun,4);vidyut:meSa~maS(verb,1);vidyut:meSa~miS(verb,1)
miSra	2	dcs:miSrAH~miSra(NOUN,1);dcs:miSra~miSra(NOUN,4)
miSraka	1	dcs:miSraka~miSraka(ADJ,1)
miTas	1	dcs:miTo~miTas(NOUN,2)
miTuna	4	dcs:miTunA~miTuna(NOUN,16);dcs:miTunAso~miTuna(NOUN,1);dcs:miTuna~miTuna(ADJ,6);dcs:miTunam~miTuna(ADJ,10)
mid	3	vidyut:medatAm~mid(noun,2);vidyut:medatAm~med(noun,2);vidyut:medatAm~med(verb,2)
mih	2	dcs:miha~miha(NOUN,1);vidyut:mehatAm~mih(verb,1)
mitaBAziRI	1	vidyut:mitaBAziRI~mitaBAzin(noun,4)
mitraGna	1	vidyut:mitraGna~mitraGnA(noun,3)
mitrakrU	1	vidyut:mitrakru~mitrakru(noun,3)
mitravat	2	dcs:mitravAn~mitravant(NOUN,1);vidyut:mitravat~mitravat(ind,1)
miz	1	vidyut:mezya~mezi(noun,4)
mlecC	1	vidyut:mlecCanti~mlecC(verb,1)
moGa	2	dcs:moGA~moGA(NOUN,3);dcs:moGa~moGa(NOUN,1)
moci	2	vidyut:mok~moji(noun,7);vidyut:mok~mohi(noun,7)
modAki	1	dcs:modAkI~modAkin(NOUN,1)
moda	1	dcs:moda~mud(VERB,2)
modi	1	vidyut:modanIya~mud(noun,2)
mohana	4	dcs:mohanI~mohanI(NOUN,1);dcs:mohana~mohana(ADJ,5);dcs:mohanaM~mohana(ADJ,8);dcs:mohanam~mohana(NOUN,5)
mohin	1	dcs:mohinIm~mohinI(NOUN,2)
mohinI	1	dcs:mohinI~mohin(ADJ,9)
mokza	1	vidyut:mumukzan~mumuhiza(noun,2)
mokzaRa	1	dcs:mokzaRam~mokzaRa(ADJ,1)
momuhya	2	vidyut:momuhyamAnAm~momuh(noun,1);vidyut:momuhyamAna~momuh(noun,2)
mrad	1	dcs:mrada~mrada(NOUN,1)
muKa	11	dcs:muKA~muKa(NOUN,25);dcs:muKAH~muKa(ADJ,3);dcs:muKAnAm~muKa(ADJ,1);dcs:muKI~muKI(NOUN,1);dcs:muKIm~muKI(NOUN,1)
muKara	1	dcs:muKara~muKara(NOUN,1)
muKatas	1	dcs:muKatas~muKa(NOUN,2)
muKya	3	dcs:muKyA~muKya(NOUN,1);dcs:muKyAnAm~muKya(NOUN,1);vidyut:muKyAyAm~muKyA(noun,2)
muRqa	4	dcs:muRqAH~muRqa(NOUN,2);dcs:muRqAya~muRqa(NOUN,3);dcs:muRqa~muRqa(ADJ,25);dcs:muRqaH~muRqa(NOUN,3)
muRqay	2	dcs:muRqitAH~muRqita(ADJ,1);dcs:muRqita~muRqita(ADJ,2)
muc	11	dcs:muc~muc(NOUN,1);dcs:mucA~muc(VERB,2);dcs:muco~muc(NOUN,1);dcs:muktAH~muktA(NOUN,8);dcs:muktAm~muktA(NOUN,2)
mud	2	dcs:muditA~muditA(NOUN,6);dcs:muditAm~muditA(NOUN,1)
mudA	2	vidyut:muda~muda(noun,2);vidyut:muda~mud(noun,2)
muh	12	dcs:mUQAH~mUQa(ADJ,3);dcs:mUQa~mUQa(ADJ,3);dcs:mUQaH~mUQa(ADJ,2);dcs:mUQam~mUQa(ADJ,1);dcs:mUQena~mUQa(ADJ,1)
muktA	1	dcs:muktA~muc(VERB,97)
muktAvalI	1	vidyut:muktAvalI~muktAvali(noun,6)
mukulita	1	dcs:mukulita~mukulay(VERB,6)
mukuwA	1	dcs:mukuwA~mukuwa(NOUN,1)
mumUrza	1	vidyut:mumUrzURAm~mimarIza(noun,3)
muni	1	dcs:muni~muni(ADV,1)
muralA	1	vidyut:muralA~murala(noun,1)
musalI	1	dcs:musalI~musalin(ADJ,5)
nAD	2	vidyut:nADita~nADi(noun,2);vidyut:nADya~nADi(noun,2)
nASana	3	dcs:nASana~nASana(NOUN,1);dcs:nASanam~nASana(NOUN,6);dcs:nASane~nASana(NOUN,4)
nASay	1	dcs:nASayitA~nASayitf(ADJ,1)
nASi	1	vidyut:nASakam~naS(noun,3)
nAciketa	2	dcs:nAciketa~nAciketa(NOUN,1);dcs:nAciketam~nAciketa(ADJ,1)
nAday	1	dcs:nAditam~nAdita(NOUN,1)
nAdeya	1	dcs:nAdeyam~nAdeya(NOUN,1)
nAdi	4	vidyut:nAdayat~nad(noun,3);vidyut:nAtti~nAT(noun,6);vidyut:nAtti~nad(noun,6);vidyut:nAtti~nATi(noun,6)
nAdin	1	dcs:nAdinI~nAdinI(NOUN,1)
nAga	4	dcs:nAgA~anAgas(ADJ,2);dcs:nAgAH~anAgas(ADJ,1);dcs:nAgAn~anAga(ADJ,1);dcs:nAgam~nAga(ADJ,1)
nAgadantA	1	vidyut:nAgadantA~nAgadanta(noun,1)
nAgarAja	1	vidyut:nAgarAjam~nAgarAj(noun,2)
nAgara	3	dcs:nAgara~nAgara(ADJ,5);dcs:nAgaraH~nAgara(ADJ,2);dcs:nAgaram~nAgara(ADJ,1)
nAkulI	1	vidyut:nAkuli~nAkuli(noun,3)
nAma	1	dcs:nAma~nAman(NOUN,1219)
nAman	1	dcs:nAman~nAman(ADV,3)
nAmi	2	vidyut:nAmAm~nam(noun,4);vidyut:nAmas~nam(noun,13)
nAnadya	1	vidyut:nAnadyamAna~nAnad(noun,4)
nAqA	1	vidyut:nAqa~nAqa(noun,2)
nAqIkA	1	vidyut:nAqIkA~nAqIka(noun,2)
nArASaMsa	1	dcs:nArASaMsa~nArASaMsa(NOUN,1)
nArAyaRa	6	dcs:nArAyaRAt~nArAyaRa(ADJ,1);dcs:nArAyaRa~nArAyaRa(ADJ,13);dcs:nArAyaRaH~nArAyaRa(ADJ,1);dcs:nArAyaRam~nArAyaRa(ADJ,1);dcs:nArAyaRe~nArAyaRa(ADJ,2)
nArI	2	dcs:nAryaH~anArya(ADJ,1);dcs:nAryo~anArya(ADJ,1)
nAraka	1	dcs:nAraka~nAraka(ADJ,3)
nArasiMha	1	dcs:nArasiMha~nArasiMha(ADJ,2)
nAri	1	vidyut:nAre~nAra(noun,18)
nAsi	4	vidyut:nAsI~nAs(noun,4);vidyut:nAsI~nas(noun,1);vidyut:nAsti~nAs(noun,6);vidyut:nAsti~nAsti(ind,1)
nAsikya	1	dcs:nAsikya~nAsikya(ADJ,1)
nAstika	1	dcs:nAstika~nAstika(ADJ,2)
nAtidIrGa	1	vidyut:nAtidIrGam~nAtidIrGam(ind,1)
nAtikfcCra	1	vidyut:nAtikfcCrAt~nAtikfcCrAt(ind,1)
nAvi	1	vidyut:nAti~nAyi(noun,12)
nAvyA	1	dcs:nAvyA~nAvya(ADJ,1)
nAwakIyA	1	vidyut:nAwakIyA~nAwakIya(noun,1)
nAyi	2	vidyut:nAyinI~nI(noun,4);vidyut:nAyinI~nay(noun,4)
nI	5	dcs:anayan~anayat(ADJ,2);dcs:nI~niH(ADP,3);dcs:naya~naya(NOUN,93);vidyut:nayamAna~nay(noun,4);vidyut:nayetAm~nay(verb,1)
nIcA	1	dcs:nIcA~nIca(ADJ,9)
nIla	8	dcs:nIlAH~nIla(NOUN,7);dcs:nIla~nIla(NOUN,55);dcs:nIlaH~nIla(ADJ,46);dcs:nIlaM~nIla(NOUN,49);dcs:nIlam~nIla(NOUN,29)
nIlalohita	4	dcs:nIlalohita~nIlalohita(ADJ,1);dcs:nIlalohitaH~nIlalohita(ADJ,1);dcs:nIlalohitam~nIlalohita(ADJ,1);dcs:nIlalohite~nIlalohita(NOUN,1)
nIrajas	1	vidyut:nIrajas~nIraja(noun,4)
nO	1	dcs:nAvAm~nAvA(NOUN,1)
nU	1	dcs:nUzata~nU(VERB,1)
nUnam	1	dcs:nUnam~anUna(ADJ,1)
na	2	dcs:nA~nf(NOUN,82);dcs:na~mad(PRON,836)
naBas	1	dcs:naBa~naBa(NOUN,5)
naBasvat	1	dcs:naBasvAn~naBasvant(NOUN,5)
naKa	1	dcs:naKI~naKin(NOUN,2)
naS	3	dcs:naSat~naS(VERB,4);dcs:nazwa~nazwa(ADJ,1);dcs:nazwaM~nazwa(ADJ,1)
naciketas	1	dcs:naciketaH~naciketa(NOUN,1)
nacirAt	1	dcs:nacirAt~nacira(ADJ,11)
nacira	1	vidyut:naciram~naciram(ind,1)
naciram	1	dcs:naciraM~nacira(ADJ,1)
nacireRa	1	dcs:nacireRa~nacira(ADJ,2)
nad	5	vidyut:anAdizwa~anAdizwa(noun,2);vidyut:nAdyAt~nAdi(noun,4);vidyut:nAdyAt~nAdi(verb,2);vidyut:nAdyAt~nad(verb,1);vidyut:nAdya~nAdi(noun,4)
nada	1	dcs:nada~nad(VERB,1)
nadya	1	dcs:nadyaM~nadI(NOUN,1)
nagarI	1	vidyut:nagari~nagarin(noun,3)
nagna	1	dcs:nagna~nagna(NOUN,1)
nahi	1	dcs:nahi~nahi(NOUN,1)
nakki	3	vidyut:nak~naS(noun,7);vidyut:nak~naK(noun,7);vidyut:nak~nak(ind,1)
nakta	1	dcs:naktA~naktA(NOUN,2)
nakz	1	vidyut:nakzAn~nakzi(noun,4)
nala	1	dcs:nalaH~anala(NOUN,39)
nalinI	2	dcs:nalinI~nalin(ADJ,1);dcs:nalinIM~nalin(ADJ,1)
nam	2	dcs:name~nama(NOUN,1);dcs:nata~nata(NOUN,19)
namas	3	dcs:nama~nam(VERB,12);dcs:namaH~nam(VERB,2);dcs:namo~mIQvas(ADJ,1)
namasy	2	dcs:namasyA~namasya(ADJ,4);dcs:namasya~namasya(ADJ,3)
namasyu	1	dcs:namasyuH~namasyu(NOUN,1)
namovfD	1	vidyut:namovfDA~namovfDa(noun,1)
nanda	1	dcs:nanda~nand(VERB,1)
nandana	4	dcs:nandana~nandana(ADJ,2);dcs:nandanaH~nandana(ADJ,33);dcs:nandanaM~nandana(ADJ,8);dcs:nandanam~nandana(ADJ,12)
nandikA	1	vidyut:nandika~nandika(noun,2)
nandin	1	dcs:nandinaH~nandin(ADJ,1)
nandinI	4	dcs:nandinI~nandin(ADJ,2);vidyut:nandinyAm~nandin(noun,1);vidyut:nandinyAm~nand(noun,1);vidyut:nandinyAm~nandi(noun,1)
napuMsaka	2	dcs:napuMsakAni~napuMsaka(NOUN,1);dcs:napuMsaka~napuMsaka(ADJ,1)
nara	1	dcs:naras~nf(NOUN,9)
narakasTA	1	vidyut:narakasTa~narakasTa(noun,2)
nard	4	vidyut:nard~narti(noun,7);vidyut:nard~nardi(noun,7);vidyut:narda~nardi(noun,4);vidyut:narda~nard(verb,1)
nartakI	1	vidyut:nartakIzu~nft(noun,1)
narya	3	dcs:naryA~narya(NOUN,6);dcs:naryARi~narya(ADJ,1);dcs:naryam~narya(NOUN,1)
nas	1	dcs:nasA~nasA(NOUN,1)
nasyA	1	vidyut:nasyAm~nasya(noun,2)
nat	2	vidyut:natAm~nata(noun,2);vidyut:natAm~nam(noun,1)
navIyas	2	vidyut:navIyas~navIya(noun,1);vidyut:navIyas~navIyas(ind,1)
nava	6	dcs:navA~navan(NUM,23);dcs:navAni~navan(NUM,2);dcs:navaH~nO(NOUN,1);dcs:navasya~nava(NOUN,7);dcs:navena~nava(NOUN,3)
navaka	2	dcs:navaka~navaka(ADJ,2);dcs:navakaH~navaka(NOUN,1)
navamI	1	dcs:navamyAm~navama(ADJ,1)
navama	1	dcs:navamIm~navamI(NOUN,1)
navan	3	dcs:navAnAM~nava(ADJ,5);dcs:navAnAm~nava(ADJ,6);dcs:nava~nava(ADJ,418)
navatA	1	vidyut:navatAm~navata(noun,2)
navati	2	dcs:navatIr~navata(ADJ,1);dcs:navatyA~navata(ADJ,1)
navya	2	dcs:navyA~navya(NOUN,1);dcs:navya~navyas(ADJ,3)
navyas	4	dcs:navyaH~navya(ADJ,2);vidyut:navyas~navya(noun,1);vidyut:navyas~navyas(ind,1);vidyut:navyas~nu(noun,1)
nay	1	vidyut:nayitA~nay(verb,2)
naya	1	dcs:nayAt~nI(VERB,5)
nazwarUpA	1	vidyut:nazwarUpa~nazwarUpa(noun,2)
nedi	3	vidyut:nedam~ned(noun,11);vidyut:nedam~nid(noun,6);vidyut:net~ned(noun,7)
neli	2	vidyut:nelayanti~neli(verb,1);vidyut:nelayati~neli(verb,1)
nema	2	dcs:nema~nam(VERB,1);dcs:neme~nemi(NOUN,1)
nenij	2	vidyut:nenijyAt~nenijya(noun,2);vidyut:nenijyAt~nij(verb,1)
netf	3	dcs:netA~netf(ADJ,12);dcs:netAraH~netf(ADJ,1);dcs:netf~netf(ADJ,2)
netrI	1	dcs:netrI~netf(ADJ,7)
netra	1	dcs:netre~netf(ADJ,3)
nfSaMsa	1	dcs:nfSaMsa~nfSaMsa(NOUN,1)
nfcakzas	1	dcs:nfcakzA~nfcakzas(NOUN,1)
nfpAtmajA	1	vidyut:nfpAtmajA~nfpAtmaja(noun,2)
nfpAtmaja	3	vidyut:nfpAtmajAn~nfpAtmajA(noun,1);vidyut:nfpAtmaja~nfpAtmajA(noun,3);vidyut:nfpAtmaje~nfpAtmajA(noun,14)
nfpasutA	3	vidyut:nfpasutA~nfpasuta(noun,1);vidyut:nfpasuta~nfpasuta(noun,2);vidyut:nfpasute~nfpasuta(noun,9)
nftA	1	vidyut:nfta~nft(noun,2)
nftta	1	dcs:nftta~nft(VERB,4)
nftu	1	dcs:nftuH~nft(VERB,1)
nftya	1	dcs:nftya~nft(VERB,4)
nfzad	1	dcs:nfzad~nfzad(NOUN,1)
ni	1	dcs:ni~ni(NOUN,13)
niBfta	1	dcs:niBftaM~niBfta(NOUN,1)
niDAv	1	vidyut:nidaDAva~niDA(verb,1)
niDana	1	dcs:niDana~niDana(ADJ,2)
niDipA	1	vidyut:niDipA~niDipa(noun,1)
niDipa	1	vidyut:niDipa~niDipA(noun,1)
niGna	1	dcs:niGna~niGna(ADJ,2)
niH	2	dcs:niH~ni(NOUN,1);dcs:niS~niS(NOUN,1)
niHSabda	2	dcs:niHSabda~niHSabda(NOUN,1);dcs:niHSabdam~niHSabda(NOUN,1)
niHSreya	1	dcs:niHSreya~niHSreyas(NOUN,1)
niHSreyasa	3	dcs:niHSreyasa~niHSreyasa(ADJ,1);dcs:niHSreyasaM~niHSreyasa(ADJ,6);dcs:niHSreyasam~niHSreyasa(ADJ,3)
niHsaNga	1	dcs:niHsaNga~niHsaNga(NOUN,1)
niHsvana	3	dcs:niHsvanAH~niHsvana(ADJ,1);dcs:niHsvanaH~niHsvana(ADJ,5);dcs:niHsvanam~niHsvana(ADJ,2)
niKan	1	dcs:niKAta~niKAta(NOUN,1)
niKilena	1	dcs:niKilena~niKila(ADJ,15)
niRya	2	dcs:niRyA~niRya(NOUN,1);dcs:niRyam~niRya(ADJ,1)
niSA	3	dcs:niSitaM~niSita(NOUN,2);vidyut:niSa~niSa(noun,2);vidyut:niSa~niS(noun,2)
niSAcara	1	dcs:niSAcarAH~niSAcara(ADJ,1)
niSAnta	3	dcs:niSAnta~niSam(VERB,2);vidyut:niSAnte~niSam(noun,13);vidyut:niSAnte~niSAmi(noun,8)
niScal	1	vidyut:niScalati~niScal(verb,2)
niScala	1	dcs:niScalA~niScalA(NOUN,4)
niScezwa	1	vidyut:niScezwAnAm~niScezwA(noun,2)
niSci	2	dcs:niScita~niScita(NOUN,1);vidyut:niScAyaka~niScApi(noun,4)
niScitam	2	dcs:niScitaM~niSci(VERB,25);dcs:niScitam~niSci(VERB,36)
niSvas	1	dcs:niSvasita~niSvasita(NOUN,1)
nibAD	1	vidyut:nibADita~nibADi(noun,2)
nibarhaRa	1	dcs:nibarhaRaH~nibarhaRa(NOUN,1)
nibiqa	1	dcs:nibiqaH~nibiqa(NOUN,1)
niboDi	2	vidyut:niboDAt~nibuD(noun,18);vidyut:niboDayati~niboDi(verb,3)
nicar	1	vidyut:nicaranti~nicar(verb,1)
nicetf	1	dcs:nicetAro~nici(VERB,1)
nid	1	vidyut:nidita~nido(noun,2)
nidA	3	vidyut:nidAyA~nido(noun,4);vidyut:nida~nida(noun,2);vidyut:nida~nid(noun,2)
nidAGa	1	dcs:nidAGa~nidAGa(ADV,1)
nidarSana	1	dcs:nidarSanam~nidarSana(ADJ,2)
nidiDyAsi	1	vidyut:nidiDyAs~nidiDyAsa(noun,7)
nidigDA	2	vidyut:nidigDa~nidih(verb,2);vidyut:nidigDa~nidih(noun,2)
nido	1	vidyut:nidAtAram~nidA(noun,2)
nigAmi	1	vidyut:nigamyante~nigam(verb,1)
nigaqa	1	dcs:nigaqa~nigaqa(ADJ,2)
nigrah	1	dcs:nigrAhya~nigrAhay(VERB,1)
nihA	1	dcs:nihIna~nihIna(ADJ,3)
nihan	2	dcs:nihantu~nihantu(NOUN,1);vidyut:nihatAm~nihan(verb,1)
nihantf	1	dcs:nihantA~nihantf(NOUN,7)
nihnu	1	dcs:nihnute~nihnuti(NOUN,1)
nikAma	1	dcs:nikAmaH~nikAma(NOUN,3)
nikartana	1	dcs:nikartanam~nikartana(ADJ,1)
niketa	1	dcs:niketaH~aniketa(ADJ,2)
nikfnta	1	dcs:nikfnta~nikft(VERB,1)
nikfzwa	1	dcs:nikfzwa~nikfz(VERB,1)
nikz	2	dcs:nikza~nikza(NOUN,1);vidyut:nikzanti~nikz(verb,1)
nikzip	3	vidyut:nikzepya~nikzepi(noun,4);vidyut:nikzepya~nikzepi(ind,2);vidyut:nikzipatAm~nikzip(verb,2)
nilAli	1	vidyut:nilInAnAm~nilI(noun,3)
nimA	2	vidyut:nimAtavya~nimi(noun,2);vidyut:nimAtavya~nime(noun,2)
nimIl	1	vidyut:nimIlitAnAm~nimIli(noun,3)
nimIlay	1	dcs:nimIlya~nimIl(VERB,6)
nimajjay	1	dcs:nimajjya~nimajj(VERB,6)
nimantr	2	vidyut:nimantryamARa~nimantri(noun,2);vidyut:nyamantrayetAm~nimantri(verb,1)
nimitta	1	dcs:nimittaM~animitta(ADJ,2)
nimiza	1	dcs:nimiza~animiza(ADJ,2)
nimna	3	dcs:nimna~nimna(NOUN,7);dcs:nimnam~nimna(NOUN,9);dcs:nimne~nimna(ADJ,7)
ninAmi	2	vidyut:ninama~ninam(noun,6);vidyut:ninama~ninam(verb,1)
ninI	1	vidyut:ninIzu~ninIza(noun,3)
ninIza	1	vidyut:ninIzA~ninIzi(noun,5)
nind	4	dcs:nindati~hfdaya(NOUN,1);vidyut:nindaka~nindi(noun,4);vidyut:nindyAsu~nindi(noun,1);vidyut:nindyamAna~nindi(noun,2)
nindyatA	2	vidyut:nindyatAm~nind(verb,1);vidyut:nindyatAm~nindi(verb,1)
nipAta	1	dcs:nipAta~nipA(VERB,1)
nipAtana	1	dcs:nipAtanam~nipAtana(ADJ,1)
nipad	2	vidyut:nipad~nipat(noun,7);vidyut:nipat~nipat(noun,7)
nirASin	1	dcs:nirASI~nirASI(ADJ,1)
nirAbAD	1	vidyut:nirAbADa~nirAbADi(noun,8)
nirAhAra	4	dcs:nirAhArA~nirAhAra(NOUN,1);dcs:nirAhAra~nirAhAra(NOUN,1);dcs:nirAhAraH~nirAhAra(NOUN,1);dcs:nirAhArasya~nirAhAra(NOUN,2)
nirAkf	1	vidyut:nirAkarizyat~nirAkf(verb,1)
nirAkfti	1	dcs:nirAkfti~nirAkfti(NOUN,1)
nirAmaya	2	dcs:nirAmayaH~nirAmaya(NOUN,4);dcs:nirAmayam~nirAmaya(NOUN,3)
nirAsa	1	dcs:nirAsa~niras(VERB,4)
nirBaj	2	vidyut:nirBAjya~nirBAji(noun,2);vidyut:nirBAjya~nirBAji(ind,1)
nirBuj	1	vidyut:nirBoga~nirBoji(noun,2)
nirDe	1	vidyut:niraDAt~nirDA(verb,1)
nirGoza	2	dcs:nirGozA~nirGoza(ADJ,1);dcs:nirGozam~nirGoza(ADJ,2)
nirIkz	1	vidyut:nirIkzyamARa~nirIkzi(noun,2)
nirJara	1	dcs:nirJarA~nirJarA(NOUN,1)
nirRud	1	vidyut:nirRuda~nirRud(verb,2)
niraYjana	2	dcs:niraYjana~niraYjana(NOUN,1);dcs:niraYjanam~niraYjana(NOUN,1)
nirah	1	dcs:nirAha~nirAha(NOUN,1)
niram	3	dcs:niratA~nirata(ADJ,1);dcs:nirata~nirata(ADJ,1);dcs:nirataH~nirata(ADJ,7)
nirantaram	1	dcs:nirantaram~nirantara(ADJ,25)
nirarTaka	2	dcs:nirarTaka~nirarTaka(NOUN,1);dcs:nirarTakam~nirarTaka(NOUN,2)
niravaSezataH	1	dcs:niravaSezataH~niravaSeza(ADJ,1)
niravadya	1	dcs:niravadyaM~niravadya(NOUN,1)
nirbanD	2	vidyut:nirbanDanIya~nirbanDi(noun,2);vidyut:nirbanDin~nirbanDi(noun,2)
nirbrU	2	vidyut:niravocam~nirvac(verb,1);vidyut:nirvaktum~nirvac(ind,2)
nirdahanI	1	dcs:nirdahanI~nirdahana(ADJ,1)
nirdiS	1	vidyut:nirdiSa~nirdiS(verb,1)
nirgam	1	vidyut:nirgacCatAm~nirgam(verb,1)
nirhan	1	vidyut:nirhata~nirhan(verb,1)
nirjana	3	dcs:nirjanaM~nirjana(NOUN,2);dcs:nirjane~nirjana(NOUN,12);dcs:nirjanezu~nirjana(NOUN,1)
nirjijYAsa	1	vidyut:nirjijYAsa~nirjijYAsi(noun,8)
nirmA	2	dcs:nirmame~nirmama(ADJ,2);dcs:nirmitam~nirmita(NOUN,2)
nirmAtu	1	dcs:nirmAtu~nirmA(VERB,1)
nirmala	2	dcs:nirmalaH~nirmala(NOUN,1);dcs:nirmalaM~nirmala(NOUN,2)
nirmama	1	dcs:nirmamaH~nirmama(NOUN,1)
nirmantr	2	vidyut:nirmantra~nirmantri(noun,8);vidyut:nirmantra~nirmantr(verb,1)
nirmaryAda	1	dcs:nirmaryAdam~nirmaryAda(NOUN,1)
nirmfj	1	vidyut:nirmfzwa~nirmfj(verb,1)
nirmokza	1	vidyut:nirmumukzu~nirmokzi(noun,3)
niroDaka	1	dcs:niroDaka~niroDaka(NOUN,1)
niruD	3	dcs:niruRadDi~srotas(NOUN,1);dcs:nirudDa~anirudDa(NOUN,2);dcs:nirudDe~nirudDa(NOUN,1)
nirucCvAsa	1	dcs:nirucCvAsa~nirucCvAsa(NOUN,2)
nirukta	2	dcs:nirukta~anirukta(ADJ,4);dcs:niruktam~nirvac(VERB,19)
nirvA	3	vidyut:nirvAsya~nirvas(noun,2);vidyut:nirvAsya~nirvAsi(noun,2);vidyut:nirvAsya~nirvAsi(ind,1)
nirvARa	2	dcs:nirvARa~nirvA(VERB,8);dcs:nirvARam~nirvA(VERB,1)
nirvAhi	1	vidyut:nirvAhaka~nirvah(noun,2)
nirvAji	2	vidyut:nirvApaka~nirvApi(noun,4);vidyut:nirvApaka~nirvap(noun,2)
nirvac	1	vidyut:nirvAkya~nirbrU(noun,2)
nirvf	1	vidyut:nirvft~nirvft(noun,7)
nirvfta	1	dcs:nirvftaH~nirvf(VERB,1)
nirviRRa	2	dcs:nirviRRa~nirvid(VERB,1);dcs:nirviRRaH~nirvid(VERB,3)
nirviSeza	2	dcs:nirviSeza~nirviSeza(NOUN,1);dcs:nirviSezam~nirviSeza(NOUN,1)
nirvid	2	dcs:nirvidya~nirvidya(ADJ,2);vidyut:nirvedanam~nirvedi(noun,9)
nirvivitsa	4	vidyut:nirvivitsa~nirvividiza(noun,10);vidyut:nirvivitsa~nirvivitsi(noun,8);vidyut:nirvivitsa~nirvividizi(noun,8);vidyut:nirvivitsa~nirvividiza(verb,2)
niryA	1	dcs:niryAtu~niryAtu(NOUN,1)
nis	1	dcs:nis~niH(ADP,2)
nispfS	1	vidyut:nispfSa~nispfS(verb,1)
nissaYj	1	vidyut:nissaNgam~nissaYji(noun,3)
nissaYji	1	vidyut:nissaYja~nissaYj(noun,4)
nistriMSa	3	dcs:nistriMSAH~nistriMSa(ADJ,2);dcs:nistriMSa~nistriMSa(ADJ,1);dcs:nistriMSaH~nistriMSa(ADJ,1)
nitambavatI	1	dcs:nitambavatI~nitambavat(ADJ,1)
nitambinI	1	dcs:nitambini~nitambin(ADJ,1)
nitud	1	vidyut:nitodin~nitodi(noun,2)
nitya	4	dcs:nityA~nityA(NOUN,2);dcs:nityAni~nitya(NOUN,2);dcs:nitya~nitya(NOUN,2);dcs:nityena~nitya(NOUN,1)
nityam	2	dcs:nityaM~nitya(ADJ,124);dcs:nityam~nitya(ADJ,138)
nityavatsA	1	vidyut:nityavatsAm~nityavatsa(noun,2)
nityavyayA	1	vidyut:nityavyaya~nityavyaya(noun,2)
nityodita	1	dcs:nityodita~nityodita(NOUN,2)
nivAji	1	vidyut:nivApita~nivApi(noun,2)
nivAraRa	2	dcs:nivAraRa~nivAraRa(NOUN,4);dcs:nivAraRe~nivAraRa(ADJ,2)
nivAta	2	dcs:nivAta~nivAta(NOUN,32);dcs:nivAtaM~nivAta(NOUN,2)
nivartana	2	dcs:nivartana~nivartana(ADJ,2);dcs:nivartanam~nivartana(ADJ,14)
nivas	2	vidyut:nivas~nivA(noun,1);vidyut:nivasatAm~nivas(verb,2)
niveSana	1	dcs:niveSanaH~niveSana(NOUN,2)
niveday	2	dcs:niveditam~anivedita(ADJ,1);dcs:nivedya~nivedya(NOUN,1)
nivedi	2	vidyut:niveda~nivid(noun,6);vidyut:niveda~nivid(verb,2)
nivf	1	vidyut:nivft~nivft(noun,7)
nivft	3	dcs:nivarta~nivarta(ADJ,1);dcs:nivfttaH~nivftta(ADJ,1);vidyut:nivartsyati~nivft(verb,1)
niyA	1	vidyut:niyA~niyAvi(noun,6)
niyAmaka	1	dcs:niyAmaka~niyAmaka(NOUN,1)
niyAti	3	vidyut:niyAta~niyA(noun,2);vidyut:niyAta~niyat(noun,2);vidyut:niyAta~niyA(verb,1)
niyam	5	dcs:niyamito~niyamay(VERB,1);dcs:niyatA~niyata(ADJ,1);dcs:niyata~niyata(ADJ,1);vidyut:niyamyA~niyAmi(noun,1);vidyut:nyayAmi~niyAmi(verb,1)
niyamay	1	dcs:niyamita~niyam(VERB,5)
niyantf	2	dcs:niyantA~niyantf(ADJ,1);dcs:niyantf~niyantf(ADJ,1)
niyatam	2	dcs:niyataM~niyam(VERB,75);dcs:niyatam~niyam(VERB,35)
niyojay	1	dcs:niyojya~niyojya(NOUN,1)
nizPala	1	dcs:nizPalA~nizPalA(NOUN,1)
nizWA	4	dcs:nizWA~nizWA(ADJ,1);dcs:nizWAH~nizWa(ADJ,10);dcs:nizWAm~nizWA(ADJ,1);dcs:nizWAya~nizWA(NOUN,2)
nizWIvita	1	dcs:nizWIvita~nizWIv(VERB,1)
nizaNgin	1	dcs:nizaNgI~nizaNgin(ADJ,1)
nizevi	3	vidyut:nizevin~nizev(noun,2);vidyut:nizevin~niziv(noun,2);vidyut:nizevyamARa~nizev(noun,2)
niziD	3	vidyut:nizeDaka~nizeDi(noun,4);vidyut:nizeDya~nizeDi(noun,2);vidyut:nizeDya~nizeDi(ind,1)
nizkAraRa	3	dcs:nizkAraRa~nizkAraRa(NOUN,1);dcs:nizkAraRaM~nizkAraRa(NOUN,1);dcs:nizkAraRam~nizkAraRa(NOUN,2)
nizkala	1	dcs:nizkalam~nizkala(NOUN,1)
nizkfta	1	dcs:nizkftam~nizkf(VERB,3)
nizpad	1	vidyut:nizpat~nizpat(noun,7)
nizparigraha	1	dcs:nizparigraha~nizparigraha(ADJ,1)
nizwaNk	1	vidyut:nizwan~nizwaNki(noun,7)
nizwya	2	dcs:nizwyA~nizwyA(NOUN,1);vidyut:nizwya~nizwyA(noun,3)
noDas	1	dcs:noDA~noDA(ADV,1)
nu	3	dcs:Ru~aRu(ADJ,2);dcs:nu~anu(ADP,125);dcs:nv~anu(ADP,7)
nud	2	dcs:nuda~nuda(NOUN,1);dcs:nude~nud(ADJ,3)
nuda	1	dcs:nudaH~nud(VERB,1)
nyAYc	1	dcs:nIcI~nIcI(ADV,2)
nyAsa	1	dcs:nyAsaM~nyas(VERB,1)
nyAya	1	dcs:nyAyataH~nyAyatas(ADV,4)
nyaYc	1	vidyut:nyaYcana~nyaYci(noun,2)
nyas	2	dcs:nyasya~anya(PRON,35);vidyut:nyasyatAm~nyas(noun,2)
nyuc	1	vidyut:nyoka~nyoci(noun,2)
o	1	dcs:o~o(NOUN,1)
oBi	2	vidyut:oBA~uB(noun,2);vidyut:oBe~uB(noun,18)
oRi	1	vidyut:oRi~oR(noun,9)
ojas	1	dcs:oja~oja(ADJ,2)
okas	3	vidyut:okas~oka(noun,1);vidyut:okas~uc(noun,2);vidyut:okas~oci(noun,1)
okya	1	dcs:okyaM~okya(NOUN,1)
otu	1	vidyut:otum~u(ind,1)
oza	1	dcs:oza~uz(VERB,7)
ozaDI	1	dcs:ozaDyo~ozaDi(NOUN,7)
ozaDi	1	dcs:ozaDIr~ozaDI(NOUN,36)
ozam	1	dcs:ozam~oza(NOUN,2)
pA	18	dcs:apAd~apa(NOUN,1);dcs:apAt~apa(NOUN,1);dcs:apAyi~apAyin(ADJ,2);dcs:apiban~apibat(ADJ,1);dcs:pA~pA(NOUN,6)
pAMsu	1	dcs:pAMsu~pAMsu(ADJ,1)
pARi	1	dcs:pARI~pARin(ADJ,1)
pARqara	1	dcs:pARqara~pARqara(NOUN,1)
pARqava	6	dcs:pARqavAn~pARqava(ADJ,1);dcs:pARqavI~pARqavI(NOUN,1);dcs:pARqava~pARqava(ADJ,1);dcs:pARqavaM~pARqava(ADJ,7);dcs:pARqavam~pARqava(ADJ,2)
pARqaveya	3	dcs:pARqaveyAH~pARqaveya(ADJ,1);dcs:pARqaveya~pARqaveya(ADJ,1);dcs:pARqaveyezu~pARqaveya(ADJ,3)
pARqu	8	dcs:pARqUnAM~pARqu(ADJ,2);dcs:pARqUnAm~pARqu(ADJ,2);dcs:pARqoH~pARqu(ADJ,1);dcs:pARqu~pARqu(ADJ,156);dcs:pARquH~pARqu(ADJ,34)
pARqura	4	dcs:pARqurA~pARqurA(NOUN,2);dcs:pARqura~pARqura(NOUN,1);dcs:pARqurasya~pARqura(NOUN,1);dcs:pARqure~pARqura(NOUN,1)
pASa	1	dcs:pASAm~pASA(NOUN,1)
pASin	2	dcs:pASI~pASin(ADJ,1);dcs:pASinaH~pASin(NOUN,3)
pASupata	2	dcs:pASupata~pASupata(NOUN,4);dcs:pASupatam~pASupata(ADJ,4)
pATas	3	dcs:pATa~pA(VERB,2);dcs:pATaH~pA(VERB,3);dcs:pATo~pA(VERB,2)
pATi	1	vidyut:pATya~paT(noun,2)
pAYcAlya	5	dcs:pAYcAlya~pAYcAlya(NOUN,2);dcs:pAYcAlyaH~pAYcAlya(NOUN,5);dcs:pAYcAlyaM~pAYcAlya(NOUN,4);dcs:pAYcAlyam~pAYcAlya(NOUN,2);dcs:pAYcAlyena~pAYcAlya(NOUN,2)
pAYcajanya	4	dcs:pAYcajanyaH~pAYcajanya(ADJ,2);dcs:pAYcajanyaM~pAYcajanya(ADJ,3);dcs:pAYcajanyam~pAYcajanya(ADJ,3);dcs:pAYcajanyasya~pAYcajanya(ADJ,2)
pAd	1	dcs:pAd~pA(VERB,1)
pAdU	1	vidyut:pAdu~pAdu(noun,3)
pAda	1	dcs:pAdataH~pAdatas(ADV,2)
pAdatala	1	vidyut:pAdatale~pAdatale(ind,1)
pAdya	1	dcs:pAdyam~pAdya(ADJ,1)
pAja	1	vidyut:pAjasya~pAjasya(noun,2)
pAjas	1	vidyut:pAjas~pAja(noun,1)
pAka	5	dcs:pAkAya~pAka(ADJ,2);dcs:pAka~pAka(ADJ,6);dcs:pAkam~pAka(ADJ,4);dcs:pAkasya~pAka(ADJ,1);dcs:pAkena~pAka(ADJ,4)
pAkzika	1	dcs:pAkzikI~pAkzikI(NOUN,1)
pAlASa	1	dcs:pAlASa~pAlASa(NOUN,22)
pAlay	1	dcs:apAlayan~apAlayat(ADJ,2)
pAlayitf	1	dcs:pAlayitA~pAlay(VERB,2)
pAli	1	dcs:pAlI~pAlin(NOUN,3)
pAlikA	1	dcs:pAlikA~pAlika(ADJ,4)
pAnIya	2	dcs:pAnIya~pA(VERB,1);dcs:pAnIyaM~pA(VERB,5)
pAna	1	dcs:pAnam~pAna(ADJ,2)
pAnaBUmI	1	vidyut:pAnaBUmi~pAnaBUmi(noun,3)
pAnta	1	dcs:pAntam~pA(VERB,1)
pApIyas	1	vidyut:pApIyas~pApIya(noun,1)
pApa	20	dcs:pApA~pApa(NOUN,4);dcs:pApAH~pApa(NOUN,15);dcs:pApAn~pApa(NOUN,12);dcs:pApAnAM~pApa(NOUN,10);dcs:pApAnAm~pApa(ADJ,9)
pApahara	1	vidyut:pApahara~pApaharA(noun,3)
pApaka	2	vidyut:pApaka~pApacya(noun,4);vidyut:pApaka~pApac(noun,2)
pApakft	1	vidyut:pApakftAm~pApakfta(noun,1)
pApin	2	dcs:pApI~pApa(ADJ,11);dcs:pApi~pApa(ADJ,1)
pApman	6	dcs:pApmA~pApman(ADJ,30);dcs:pApmAnam~pApman(ADJ,20);dcs:pApma~pApman(ADJ,1);dcs:pApman~pApman(ADJ,1);dcs:pApmanA~pApman(ADJ,12)
pArA	2	dcs:pArA~pAra(NOUN,5);dcs:pArayA~pAray(VERB,5)
pArAvata	1	dcs:pArAvata~pArAvata(ADJ,1)
pArSvatas	2	dcs:pArSvata~pArSva(NOUN,2);dcs:pArSvataH~pArSva(NOUN,17)
pArTiva	17	dcs:pArTivA~pArTiva(ADJ,19);dcs:pArTivAH~pArTiva(ADJ,14);dcs:pArTivAn~pArTiva(ADJ,17);dcs:pArTivAnAm~pArTiva(NOUN,5);dcs:pArTivAt~pArTiva(ADJ,3)
pAra	2	dcs:pAra~pAra(ADJ,2);dcs:pAram~pAra(ADJ,1)
pAraSava	1	dcs:pAraSava~pAraSava(ADJ,1)
pArada	1	dcs:pAradaH~pArada(ADJ,2)
pAraga	1	dcs:pAragam~pAraga(NOUN,1)
pArameSvara	1	dcs:pArameSvara~pArameSvara(NOUN,1)
pArasIka	1	dcs:pArasIka~pArasIka(ADJ,1)
pAri	3	vidyut:pAraRIya~pF(noun,2);vidyut:pArayat~pF(noun,3);vidyut:pArita~pF(noun,2)
pAriplava	1	dcs:pAriplava~pAriplava(NOUN,2)
pArvatI	1	dcs:pArvatI~pArvata(ADJ,8)
pArvatIya	4	dcs:pArvatIyA~pArvatIyA(NOUN,2);dcs:pArvatIyAH~pArvatIya(ADJ,2);dcs:pArvatIyAn~pArvatIya(ADJ,2);dcs:pArvatIya~pArvatIya(ADJ,1)
pArya	1	dcs:pAryAya~pArya(NOUN,1)
pArzata	3	dcs:pArzata~pArzata(ADJ,3);dcs:pArzataM~pArzata(ADJ,2);dcs:pArzatena~pArzata(ADJ,4)
pAta	2	dcs:pAtam~pA(VERB,26);dcs:pAto~pA(VERB,1)
pAtaka	2	dcs:pAtaka~pAtaka(ADJ,1);dcs:pAtakam~pAtaka(ADJ,1)
pAtana	3	dcs:pAtana~pA(VERB,2);dcs:pAtanaH~pAtana(NOUN,1);dcs:pAtanam~pAtana(ADJ,3)
pAtay	1	dcs:pAtayitA~pAtayitf(ADJ,1)
pAtf	1	dcs:pAtA~pA(VERB,7)
pAti	2	vidyut:apAtayam~pata(verb,1);vidyut:apAtayam~pati(verb,1)
pAtrI	2	dcs:pAtrI~pAtrin(ADJ,2);dcs:pAtryaH~pAtrya(ADJ,2)
pAvIrava	1	dcs:pAvIravI~pAvIravI(NOUN,2)
pAvakI	1	vidyut:pAvaki~pAvaki(noun,3)
pAvaka	11	dcs:pAvakA~pAvaka(NOUN,3);dcs:pAvakAH~pAvaka(NOUN,19);dcs:pAvakAn~pAvaka(ADJ,1);dcs:pAvaka~pAvaka(ADJ,38);dcs:pAvakaH~pAvaka(ADJ,9)
pAvana	7	dcs:pAvanA~pAvanI(NOUN,1);dcs:pAvanAni~pAvana(ADJ,5);dcs:pAvanAt~pAvana(ADJ,1);dcs:pAvanI~pAvanI(NOUN,7);dcs:pAvana~pAvana(ADJ,7)
pAwalA	1	dcs:pAwalA~pAwala(ADJ,1)
pAwala	1	dcs:pAwala~pAwala(NOUN,11)
pAway	1	dcs:pAwitaM~pAwita(NOUN,1)
pAwi	1	vidyut:pAwayata~paw(verb,1)
pAyasa	1	dcs:pAyasa~pAyasa(ADJ,1)
pAzARa	1	dcs:pAzARa~pAzARa(ADJ,2)
pE	4	vidyut:apAyata~apaAyam(noun,2);vidyut:apAyata~pA(verb,1);vidyut:apAyata~apaay(verb,1);vidyut:apAyata~apaAyam(verb,1)
pF	3	dcs:pF~pF(NOUN,1);vidyut:apfRan~pfR(verb,1);vidyut:pfRat~pfR(noun,3)
pIl	1	vidyut:pipIla~pipIla(noun,2)
pIqana	1	dcs:pIqane~pIqana(ADJ,1)
pIqay	2	dcs:apIqayan~apIqayat(ADJ,5);dcs:apIqayat~apIqayat(ADJ,1)
pIta	6	dcs:pItA~pA(VERB,40);dcs:pItAH~pA(VERB,20);dcs:pIta~pA(VERB,108);dcs:pItaH~pA(VERB,42);dcs:pItena~pA(VERB,16)
pItavAsA	1	dcs:pItavAsA~pItavAsas(NOUN,1)
pIti	1	dcs:pItaye~pA(VERB,62)
pIvas	3	dcs:pIvasA~pIvasa(ADJ,1);vidyut:pIvas~pIv(noun,3);vidyut:pIvas~pIvi(noun,2)
pIyUza	1	dcs:pIyUza~pIyUza(ADV,1)
pU	7	dcs:pUtA~pUtA(NOUN,2);dcs:pUtaH~pUta(NOUN,2);dcs:pavamAna~pavamAna(NOUN,44);dcs:pavamAnaH~pavamAna(NOUN,44);dcs:pavamAnam~pavamAna(NOUN,4)
pUjay	3	dcs:apUjayan~apUjayat(ADJ,1);dcs:pUjyaH~pUjya(NOUN,1);dcs:pUjyatAm~pUjyatA(NOUN,1)
pUji	1	vidyut:pUjayatAm~pUji(verb,4)
pUrRa	1	dcs:pUrRo~pf(VERB,20)
pUrRagarBA	1	vidyut:pUrRagarBa~pUrRagarBa(noun,2)
pUra	2	dcs:pUra~pUra(ADJ,6);dcs:pUram~pUra(ADJ,3)
pUraRa	1	dcs:pUraRa~pUraRa(ADJ,1)
pUraka	1	dcs:pUrakam~pUraka(NOUN,2)
pUray	1	dcs:pUryata~pf(VERB,1)
pUri	2	vidyut:apUrayata~pUr(verb,2);vidyut:pUrayantam~pUr(noun,1)
pUrta	3	dcs:pUrta~pf(VERB,2);dcs:pUrtaM~pf(VERB,2);dcs:pUrtam~pf(VERB,2)
pUrvAByAsa	1	vidyut:pUrvAByAsena~pUrvAByAsena(ind,1)
pUrva	8	dcs:pUrvA~pUrvA(NOUN,9);dcs:pUrvAH~pUrvA(NOUN,1);dcs:pUrvAsu~pUrvA(NOUN,4);dcs:pUrvaH~apUrva(ADJ,1);dcs:pUrvasya~pUrva(NOUN,1)
pUrvacittI	1	vidyut:pUrvacitti~pUrvacitti(noun,3)
pUrvajA	1	vidyut:pUrvaje~pUrvaja(noun,18)
pUrvaja	3	dcs:pUrvajA~pUrvajA(NOUN,1);dcs:pUrvajaH~pUrvaja(ADJ,1);dcs:pUrvajam~pUrvaja(ADJ,1)
pUrvam	2	dcs:pUrvaM~pUrva(PRON,239);dcs:pUrvam~pUrva(PRON,455)
pUrvatas	1	dcs:pUrvataH~pUrva(PRON,3)
pUrvavat	1	dcs:pUrvavat~pUrvavat(ADJ,5)
pUti	1	dcs:pUti~pUti(NOUN,26)
pUtika	1	dcs:pUtikam~pUtika(NOUN,1)
pUya	1	dcs:pUya~pU(VERB,1)
pUzan	1	dcs:pUzaRaM~pUzaRa(NOUN,11)
paRi	1	vidyut:paRI~paRin(noun,1)
paRqita	8	dcs:paRqitA~paRqita(NOUN,9);dcs:paRqitAH~paRqita(ADJ,12);dcs:paRqitAn~paRqita(ADJ,2);dcs:paRqita~paRqita(ADJ,9);dcs:paRqitaH~paRqita(ADJ,18)
paRya	1	dcs:paRya~paRya(ADJ,5)
paS	14	dcs:apaSyad~apaSyat(ADJ,1);dcs:apaSyam~apaSya(ADJ,1);dcs:apaSyan~apaSyat(ADJ,15);dcs:apaSyann~apaSyat(ADJ,4);dcs:apaSyatAM~apaSyat(ADJ,1)
paSavya	1	dcs:paSavya~paSavya(NOUN,1)
paScA	1	dcs:paScA~paSca(ADJ,2)
paScArDa	1	vidyut:paScArDe~paScArDe(ind,1)
paScAt	1	dcs:paScAd~paSca(ADJ,1)
paScima	2	dcs:paScimA~paScimA(NOUN,6);dcs:paScimAM~paScimA(NOUN,1)
paSu	1	dcs:paSur~apaSu(ADJ,1)
paSudA	1	vidyut:paSudA~paSuda(noun,1)
paSuza	2	vidyut:paSuza~paSuzA(noun,1);vidyut:paSuze~paSuzA(noun,6)
paTa	1	dcs:paTaH~paTin(NOUN,53)
paTika	1	dcs:paTikaH~paTika(ADJ,1)
paTin	1	dcs:panTa~panTa(NOUN,1)
paTyA	3	dcs:paTyA~paTya(ADJ,36);dcs:paTyAH~paTya(ADJ,5);dcs:paTyAm~paTya(ADJ,1)
paTya	2	dcs:paTyaM~paTya(NOUN,4);dcs:paTyam~paTya(NOUN,2)
paW	2	dcs:paWanti~anya(PRON,1);vidyut:paWatas~paW(verb,1)
paYc	7	vidyut:pan~paRq(noun,14);vidyut:pan~paRqi(noun,14);vidyut:pan~paYci(noun,14);vidyut:pan~panT(noun,7);vidyut:pan~paMs(noun,7)
paYcASA	1	vidyut:paYcASa~paYcASa(noun,2)
paYcASat	2	dcs:paYcASataM~paYcASata(NOUN,7);dcs:paYcASatam~paYcASata(NOUN,2)
paYcacUqA	1	vidyut:paYcacUqa~paYcacUqa(noun,2)
paYcadaSI	1	dcs:paYcadaSI~paYcadaSa(ADJ,6)
paYcadaSan	1	dcs:paYcadaSa~paYcadaSa(ADJ,38)
paYcaka	2	dcs:paYcaka~paYcaka(ADJ,6);dcs:paYcakaH~paYcaka(NOUN,1)
paYcama	5	dcs:paYcamI~paYcamI(NOUN,27);dcs:paYcamIm~paYcamI(NOUN,3);dcs:paYcama~paYcama(NOUN,2);dcs:paYcamaH~paYcama(NOUN,2);dcs:paYcamam~paYcama(NOUN,5)
paYcan	1	dcs:paYca~paYca(ADJ,1)
paYcaparvan	1	vidyut:paYcaparvA~paYcaparva(noun,1)
pac	3	dcs:paca~paca(NOUN,3);dcs:pacatA~pacata(ADJ,1);vidyut:pakzyati~pac(verb,1)
pacata	1	vidyut:pacatam~pac(verb,1)
pad	3	dcs:pAdi~pAdi(ADJ,1);dcs:padA~pada(NOUN,100);vidyut:apadyanta~padi(verb,2)
padAti	1	dcs:padAtiBiH~padAtin(ADJ,1)
pada	1	dcs:padaH~pad(NOUN,26)
padavI	1	dcs:padavIH~padavI(ADJ,2)
padi	1	vidyut:padanI~pad(noun,1)
padma	1	dcs:padmAm~padmA(NOUN,3)
padmarUpA	1	vidyut:padmarUpA~padmarUpa(noun,1)
padmin	1	vidyut:padminyas~padminI(noun,4)
padya	3	dcs:padyA~padyA(NOUN,2);dcs:padyam~padya(ADJ,1);dcs:padyena~padya(NOUN,2)
pakva	3	dcs:pakvAnAm~pakva(NOUN,1);dcs:pakva~pakva(NOUN,11);dcs:pakvaM~pakva(NOUN,1)
pakzin	8	dcs:pakzI~pakzin(ADJ,4);dcs:pakzi~pakzin(ADJ,1);dcs:pakziRA~pakzin(ADJ,1);dcs:pakziRI~pakziRI(NOUN,4);dcs:pakziRaH~pakzin(ADJ,4)
palAlI	1	vidyut:palAlI~palAli(noun,6)
palita	5	dcs:palitA~palitA(NOUN,1);dcs:palita~palita(ADJ,9);dcs:palitaH~palita(NOUN,5);dcs:palitaM~palita(ADJ,5);dcs:palitam~palita(ADJ,1)
panAyi	1	vidyut:panAyya~panAya(noun,2)
panT	2	vidyut:panTana~panTi(noun,2);vidyut:panTin~panTi(noun,2)
panyas	1	vidyut:panyas~panya(noun,1)
papu	2	vidyut:papus~pA(verb,2);vidyut:papus~pE(verb,1)
parANmuKa	1	dcs:parANmuKam~parANmuKa(NOUN,1)
parARI	1	vidyut:parARaya~parARI(verb,1)
parAYc	1	dcs:parAk~parAk(ADV,2)
parAdadi	1	vidyut:parAdadi~parAdA(verb,1)
parAji	3	dcs:parAjitA~aparAjita(ADJ,1);dcs:parAjitAH~aparAjita(ADJ,1);dcs:parAjitaH~aparAjita(NOUN,3)
parAka	1	dcs:parAkAt~parAka(ADJ,1)
parAkram	2	dcs:parAkrAntam~parAkrAnta(NOUN,1);vidyut:parAkramin~parAkrAmi(noun,2)
parAkrama	1	dcs:parAkrama~parAkram(VERB,2)
parAmfS	1	vidyut:parAmarSin~parAmarSi(noun,2)
parAsic	1	vidyut:parAsikta~parAsic(verb,1)
parAsu	1	dcs:parAsu~para(PRON,3)
parAvAci	2	vidyut:parAvAk~parAvac(noun,7);vidyut:parAvAk~parAvAji(noun,7)
parAvara	4	dcs:parAvara~parAvara(ADJ,1);dcs:parAvaraH~parAvara(ADJ,1);dcs:parAvaram~parAvara(ADJ,1);dcs:parAvare~parAvara(NOUN,2)
parAvarji	2	vidyut:parAvarg~parAvfj(noun,7);vidyut:parAvark~parAvfj(noun,7)
parAvat	1	dcs:parAvato~parAvat(ADJ,1)
parAvfj	1	vidyut:parAvfkta~parAvfj(verb,1)
parAyaRa	2	dcs:parAyaRa~parAyaRa(NOUN,2);dcs:parAyaRam~parAyaRa(ADJ,1)
parIkz	2	dcs:parIkzitaH~parIkzit(NOUN,4);dcs:parIkzito~parIkzit(NOUN,2)
parIkzit	1	dcs:parIkzitaM~parIkz(VERB,2)
para	11	dcs:parA~parA(ADP,299);dcs:parAM~parA(NOUN,2);dcs:parAsa~parAs(VERB,1);dcs:para~paras(ADV,21);dcs:paraM~param(ADV,328)
paraMtapa	1	dcs:paraMtapaH~paraMtapa(NOUN,2)
parama	3	dcs:paramA~paramA(NOUN,1);dcs:paramaM~parama(NOUN,2);dcs:paramezu~paramezu(NOUN,1)
paramatA	1	vidyut:paramatA~paramata(noun,1)
paramezWin	3	dcs:paramezWI~paramezWin(ADJ,8);dcs:paramezWin~paramezWin(NOUN,1);dcs:paramezWinaH~paramezWin(ADJ,1)
parampara	1	vidyut:paramparam~paramparam(ind,1)
paras	1	dcs:paras~para(PRON,8)
pare	1	dcs:pareta~pareta(ADJ,1)
pari	1	dcs:pari~pari(NOUN,24)
pariRamay	1	dcs:pariRamayitA~pariRamayitf(ADJ,1)
pariSiz	1	dcs:pariSizwa~pariSizwa(NOUN,1)
pariSrit	1	dcs:pariSrita~pariSri(VERB,2)
pariSru	1	dcs:pariSrutAH~pariSruta(ADJ,1)
pariSrut	1	vidyut:pariSrutAm~pariSruta(noun,2)
pariSuzka	1	dcs:pariSuzka~pariSuzka(NOUN,5)
paribADA	1	vidyut:paribADa~paribADa(noun,2)
paricArikA	1	vidyut:paricArikAyAm~paricArika(noun,1)
paricCad	1	vidyut:paricCad~paricCAdi(noun,7)
paricCid	1	dcs:paricCinnA~paricCinnA(NOUN,1)
paricar	1	dcs:paricaryAH~paricaryA(NOUN,1)
paricara	1	vidyut:paricara~paricarA(noun,3)
paricaryA	1	dcs:paricaryA~paricar(VERB,1)
parici	1	dcs:paricita~paricit(ADJ,4)
paridevita	1	dcs:paridevitam~paridevay(VERB,3)
parigA	1	dcs:paryaguH~paryagu(ADJ,1)
parihAray	1	dcs:parihArya~parihf(VERB,4)
parii	1	vidyut:paryAyin~paryAi(noun,2)
parijYA	1	dcs:parijYAtA~parijYAtf(ADJ,2)
parijman	1	dcs:parijmA~parijman(NOUN,2)
parikalpanA	1	vidyut:parikalpana~parikalpana(noun,2)
parikzit	1	dcs:parikzitaH~parikzi(VERB,1)
parimA	1	dcs:parimitA~aparimita(ADJ,4)
parimaRqala	2	dcs:parimaRqala~parimaRqala(NOUN,2);dcs:parimaRqalaH~parimaRqala(NOUN,1)
paripARa	1	dcs:paripARam~paripARa(ADJ,1)
paripf	3	dcs:paripUrRa~paripUrRa(ADJ,1);dcs:paripUrRaH~paripUrRa(ADJ,1);dcs:paripUrita~paripUray(VERB,2)
pariplu	1	dcs:pariplutA~pariplutA(NOUN,2)
pariraTyA	1	vidyut:pariraTya~pariraTya(noun,2)
parirakz	1	dcs:parirakzitA~parirakzitf(ADJ,5)
parisaMKyA	2	vidyut:parisaNKyAta~parisaMKyA(verb,1);vidyut:parisaNKyAya~parisaMKyA(ind,1)
parispfzwa	1	vidyut:parispfzwa~parspfS(verb,1)
parisru	3	dcs:parisruta~parisrut(NOUN,1);dcs:parisrutaH~parisrut(NOUN,3);dcs:parisrutam~parisrut(NOUN,9)
paritakmya	1	dcs:paritakmyA~paritakmyA(NOUN,1)
paritrAtf	1	dcs:paritrAtA~paritrA(VERB,1)
parityaj	2	dcs:parityajya~ityAdi(ADJ,1);dcs:parityaktA~parityaktf(ADJ,1)
parivAdinI	1	dcs:parivAdinI~parivAdin(ADJ,1)
parivah	1	dcs:paryUQA~paryUh(VERB,2)
parivedanA	1	vidyut:parivedana~parivedana(noun,2)
parivf	3	dcs:parivfta~parivfta(NOUN,1);dcs:parivftaM~parivfta(NOUN,1);dcs:parivftam~parivfta(NOUN,1)
parogavyUti	1	vidyut:parogavyUti~parogavyUti(ind,1)
paruza	8	dcs:paruzA~parus(NOUN,9);dcs:paruzARi~paruza(NOUN,10);dcs:paruza~paruza(NOUN,6);dcs:paruzaH~parus(NOUN,6);dcs:paruzaM~paruza(NOUN,14)
parv	2	vidyut:par~parvi(noun,7);vidyut:parvAt~parvi(noun,4)
parvata	5	dcs:parvatA~parvata(ADJ,1);dcs:parvatAn~parvata(ADJ,1);dcs:parvataH~parvata(ADJ,1);dcs:parvate~parvata(ADJ,1);dcs:parvatezu~parvata(ADJ,1)
parvatajA	1	vidyut:parvataja~parvataja(noun,2)
parvatya	1	dcs:parvatyA~parvatI(NOUN,1)
parviRI	2	vidyut:parviRI~parv(noun,4);vidyut:parviRI~parvi(noun,4)
paryAp	1	dcs:paryAptaM~paryApta(ADJ,1)
paryAvf	1	vidyut:paryAvft~paryAvft(noun,7)
paryAya	1	dcs:paryAyam~parI(VERB,5)
paryagni	1	dcs:paryagni~paryagni(NOUN,1)
paryanta	1	dcs:paryantaH~aparyanta(ADJ,1)
paryanuyuj	2	vidyut:paryanuyojya~paryanuyoji(noun,2);vidyut:paryanuyojya~paryanuyoji(ind,1)
paryanvezi	1	vidyut:paryanvezam~paryanviz(noun,9)
paryavasTA	1	dcs:paryavasTitam~paryavasTita(ADJ,1)
paryupaAs	2	vidyut:paryupAs~paryupaAsi(noun,7);vidyut:paryupAsyanta~paryupaAsi(verb,1)
parzaRi	3	vidyut:parzaRi~parzi(noun,2);vidyut:parzaRi~pfz(noun,1);vidyut:parzaRi~parz(noun,1)
parzad	1	dcs:parzad~pf(VERB,22)
pasas	1	dcs:pasaH~apas(ADJ,1)
pat	16	dcs:paptad~pat(VERB,1);dcs:pata~pati(NOUN,15);dcs:patat~pat(VERB,21);dcs:patitA~patita(ADJ,1);dcs:patitAH~patita(ADJ,2)
patAkin	2	dcs:patAkI~patAkin(NOUN,1);dcs:patAkinIm~patAkinI(NOUN,1)
pata	1	vidyut:patayatsu~pati(noun,2)
pataMga	1	vidyut:pataNgAnAm~pataMgA(noun,2)
patanIya	1	dcs:patanIya~pat(VERB,1)
patatrin	4	dcs:patatrI~patatrin(NOUN,3);dcs:patatri~patatrin(ADJ,5);dcs:patatriRAm~patatrin(ADJ,1);dcs:patatriRaH~patatrin(ADJ,3)
pati	3	dcs:pate~pat(VERB,1);dcs:patiH~iti(PART,1);vidyut:patayizRu~pata(noun,3)
pattrin	3	dcs:patrI~pattrin(ADJ,1);dcs:pattriBiH~pattrin(NOUN,7);dcs:pattriRA~pattrin(ADJ,1)
patvan	1	dcs:patvA~patvan(NOUN,2)
pavamAna	3	dcs:pavamAnAH~pU(VERB,2);dcs:pavamAnAya~pU(VERB,7);dcs:pavamAnaM~pU(VERB,7)
pavana	3	dcs:pavana~pavana(ADJ,4);dcs:pavanaH~pavana(ADJ,1);dcs:pavanaM~pavana(ADJ,2)
pavitra	8	dcs:pavitrA~pavitrA(NOUN,7);dcs:pavitrARi~pavitra(ADJ,2);dcs:pavitra~pavitra(ADJ,20);dcs:pavitraH~pavitra(NOUN,7);dcs:pavitraM~pavitra(ADJ,35)
pawu	2	dcs:pawu~pawu(ADJ,86);dcs:pawuH~pawu(NOUN,10)
pay	2	vidyut:b~Bas(noun,3);vidyut:b~BAsi(noun,3)
payasvinI	2	dcs:payasvinI~payasvin(ADJ,2);dcs:payasvinIM~payasvin(ADJ,1)
peSi	2	vidyut:peSya~piS(noun,4);vidyut:peSya~peS(noun,2)
pepIya	2	vidyut:pepIyamAna~pepi(noun,2);vidyut:pepIyamAna~pepI(noun,2)
peru	1	dcs:perum~peru(ADJ,1)
pezaRI	4	vidyut:pezaRi~pezaRi(noun,3);vidyut:pezaRi~pezi(noun,2);vidyut:pezaRi~piz(noun,1);vidyut:pezaRi~pez(noun,1)
pf	18	dcs:pUrRA~pUrRa(ADJ,18);dcs:pUrRAH~pUrRa(ADJ,11);dcs:pUrRAM~pUrRa(ADJ,8);dcs:pUrRAm~pUrRa(ADJ,4);dcs:pUrRAn~pUrRa(ADJ,1)
pfR	1	dcs:pfRan~pf(VERB,2)
pfSni	6	dcs:pfSnayaH~pfSni(ADJ,4);dcs:pfSni~pfSni(ADJ,21);dcs:pfSniH~pfSni(NOUN,7);dcs:pfSniM~pfSni(NOUN,5);dcs:pfSnim~pfSni(NOUN,2)
pfSnigu	1	vidyut:pfSnigu~pfSnigo(noun,3)
pfTak	1	dcs:pfTak~pfTak(NOUN,1)
pfTu	6	dcs:pfTU~pfTu(NOUN,1);dcs:pfToH~pfTu(ADJ,2);dcs:pfTu~pfTu(NOUN,28);dcs:pfTuH~pfTu(ADJ,19);dcs:pfTum~pfTu(NOUN,3)
pfTuSravas	1	vidyut:pfTuSravas~pfTuSrava(noun,1)
pfTuSroRI	1	vidyut:pfTuSroRi~pfTuSroRi(noun,3)
pfTujrayas	1	vidyut:pfTujrayas~pfTujraya(noun,1)
pfTvI	2	dcs:pfTvI~pfTu(ADJ,14);dcs:pfTvIm~pfTu(ADJ,8)
pfkz	3	dcs:pfkza~pfkza(ADJ,1);dcs:pfkzo~pfkza(ADJ,3);vidyut:pfkzas~pfkza(noun,2)
pfkza	1	dcs:pfkzam~pfkz(NOUN,1)
pftanAzAh	1	dcs:pftanAzAh~pftanAzAh(ADJ,1)
pfzWatas	3	dcs:pfzWata~pfzWa(NOUN,1);dcs:pfzWataH~pfzWa(NOUN,13);dcs:pfzWato~pfzWa(NOUN,17)
pfzat	2	dcs:pfzat~pfzant(NOUN,1);dcs:pfzatInAm~pfzatI(NOUN,1)
pfzatI	2	dcs:pfzatI~pfzat(ADJ,4);dcs:pfzatIr~pfzat(ADJ,1)
pfzata	1	dcs:pfzata~pfzata(ADJ,1)
piNgA	1	dcs:piNgA~piNga(ADJ,2)
piNga	3	dcs:piNga~piNga(NOUN,1);dcs:piNgaH~piNga(NOUN,2);dcs:piNgo~piNga(NOUN,1)
piNgalA	2	dcs:piNgalA~piNgala(ADJ,10);dcs:piNgalayA~piNgala(ADJ,3)
piNgala	4	dcs:piNgala~piNgala(NOUN,7);dcs:piNgalaH~piNgala(NOUN,8);dcs:piNgalaM~piNgala(ADJ,3);dcs:piNgalasya~piNgala(NOUN,2)
piS	2	dcs:piSA~piS(VERB,1);dcs:piSitA~piSitA(NOUN,2)
piSaNga	1	dcs:piSaNga~piSaNga(NOUN,1)
pinAkin	1	dcs:pinAkinaH~pinAkin(ADJ,1)
pinAkinI	2	vidyut:pinAkinI~pinAkin(noun,4);vidyut:pinAkinI~pinAki(noun,3)
pinah	1	dcs:pinadDa~pinadDa(ADJ,4)
pitfdevatA	1	vidyut:pitfdevatA~pitfdevata(noun,1)
pitfgaRA	1	vidyut:pitfgaRa~pitfgaRa(noun,2)
pitfvat	1	vidyut:pitfvat~pitfvat(ind,1)
pitrya	6	dcs:pitryA~pitryA(NOUN,1);dcs:pitryARi~pitrya(NOUN,5);dcs:pitrya~pitrya(NOUN,7);dcs:pitryaM~pitrya(NOUN,17);dcs:pitryam~pitrya(NOUN,7)
pitu	1	dcs:pitvo~pA(VERB,3)
pizwa	1	dcs:pizwa~piz(VERB,38)
plava	2	dcs:plava~plava(ADJ,2);dcs:plavam~plava(ADJ,3)
plavaMgamA	1	vidyut:plavaNgama~plavaMgama(noun,2)
plu	2	dcs:pluta~pluta(ADJ,8);dcs:plutaH~apluta(ADJ,1)
poTi	1	vidyut:poTita~puT(noun,2)
poplUya	1	vidyut:poplUyamAna~poplu(noun,2)
poza	1	dcs:pozam~puz(VERB,3)
pozaRa	1	dcs:pozaRam~pozaRa(ADJ,2)
prA	1	dcs:prA~pra(ADP,1)
prADva	2	dcs:prADvaM~prADva(NOUN,1);vidyut:prADvam~prADvam(ind,1)
prAMSu	2	dcs:prAMSu~prAMSu(NOUN,1);dcs:prAMSuH~prAMSu(NOUN,1)
prAR	1	dcs:prARato~prARa(NOUN,3)
prARa	3	dcs:prARA~prARa(ADJ,2);dcs:prARa~prARa(ADJ,2);dcs:prARam~DA(VERB,1)
prARaBft	4	dcs:prARaBft~prARaBft(NOUN,2);dcs:prARaBftAM~prARaBft(NOUN,5);dcs:prARaBftAm~prARaBft(NOUN,7);dcs:prARaBftaH~prARaBft(ADJ,7)
prARada	1	vidyut:prARada~prARadA(noun,4)
prARasama	1	vidyut:prARasama~prARasamA(noun,3)
prARin	2	dcs:prARi~prARin(ADJ,14);dcs:prARinAm~prARin(ADJ,1)
prATi	1	vidyut:praTi~praT(noun,6)
prAYc	7	dcs:prAN~prAk(ADV,22);dcs:prAcI~prAcI(NOUN,29);dcs:prAcIM~prAcI(NOUN,10);dcs:prAcIm~prAcI(NOUN,15);dcs:prAcyA~prAcya(ADJ,8)
prAcIna	1	dcs:prAcInaM~prAcIna(NOUN,1)
prAcya	2	dcs:prAcyAn~prAcya(NOUN,1);dcs:prAcya~prAcya(NOUN,2)
prAgjyotiza	1	dcs:prAgjyotizam~prAgjyotiza(ADJ,1)
prAguttarA	1	vidyut:prAguttarAm~prAguttara(noun,1)
prAjApatya	4	dcs:prAjApatya~prAjApatya(NOUN,19);dcs:prAjApatyaH~prAjApatya(NOUN,4);dcs:prAjApatyaM~prAjApatya(NOUN,38);dcs:prAjApatyam~prAjApatya(NOUN,17)
prAjYa	3	dcs:prAjYAH~prAjYa(NOUN,1);dcs:prAjYaH~prAjYa(NOUN,3);dcs:prAjYena~prAjYa(NOUN,2)
prAk	2	dcs:prAg~prAYc(ADJ,77);dcs:prAk~prAYc(ADJ,79)
prAkfta	4	dcs:prAkfta~prAkfta(NOUN,3);dcs:prAkftaH~prAkfta(NOUN,1);dcs:prAkftaM~prAkfta(NOUN,6);dcs:prAkftam~prAkfta(NOUN,1)
prAp	6	dcs:prApa~prApa(NOUN,1);dcs:prApaH~prApa(NOUN,1);dcs:prApam~prApa(NOUN,3);dcs:prAptA~prApta(ADJ,1);dcs:prApta~prApta(ADJ,2)
prApi	4	vidyut:prApayeya~praApi(verb,1);vidyut:prApayizyanti~praApi(noun,4);vidyut:prApayizyanti~prApi(verb,1);vidyut:prApayizyanti~praApi(verb,1)
prAptakAla	2	vidyut:prAptakAla~prAptakAlA(noun,3);vidyut:prAptakAlam~prAptakAlam(ind,1)
prArTay	1	dcs:prArTitaM~prArTita(NOUN,1)
prAsah	2	vidyut:prAsaham~prAsaha(noun,3);vidyut:prAsaham~prasah(verb,1)
prAtar	1	dcs:prAtA~prAti(NOUN,2)
prAv	2	dcs:prAvIr~prAvI(ADJ,1);dcs:prAvo~prAva(ADJ,1)
prAvAra	1	dcs:prAvAra~prAvAra(NOUN,1)
prAvf	2	dcs:prAvftA~prAvftA(NOUN,1);dcs:prAvfta~prAvfta(NOUN,1)
prAya	2	dcs:prAyAm~prayA(VERB,2);dcs:prAya~prAyas(ADV,11)
prAyaRAnta	1	vidyut:prAyaRAntam~prAyaRAntam(ind,1)
prAyaScitta	1	dcs:prAyaScitta~prAyaScitti(ADJ,4)
prAyaScitti	1	dcs:prAyaScitte~prAyaScitta(NOUN,10)
prAyas	1	dcs:prAyaH~prAya(NOUN,52)
prAyeRa	1	dcs:prAyeRa~prAya(NOUN,37)
prAyus	2	vidyut:prAyus~prA(verb,1);vidyut:prAyus~prayA(verb,1)
prI	2	vidyut:prayam~prayA(noun,3);vidyut:prezyan~praiz(noun,2)
prIRi	1	vidyut:prAyya~prI(noun,2)
prIti	1	dcs:prItim~api(PART,1)
prItida	1	vidyut:prItidAya~prItidAya(noun,2)
pra	2	dcs:pra~pra(NOUN,24);vidyut:pram~pram(ind,1)
praAp	2	vidyut:prAp~prApi(noun,7);vidyut:prAp~praApi(noun,7)
praAvarti	1	vidyut:prAvartayetAm~pravarti(verb,1)
praBA	4	dcs:praBAH~praBa(ADJ,1);dcs:praBAn~praBa(ADJ,1);dcs:praBAtAyAM~praBAta(ADJ,1);dcs:praBam~praBa(ADJ,1)
praBAta	1	dcs:praBAte~praBA(VERB,4)
praBAvatI	1	dcs:praBAvatI~praBAvat(ADJ,1)
praBAz	1	dcs:praBAzitam~praBAzita(NOUN,3)
praBUta	2	dcs:praBUtAni~praBU(VERB,1);dcs:praBUta~praBU(VERB,52)
praBUti	1	dcs:praBUtI~praBUti(NOUN,1)
praBaYjana	1	dcs:praBaYjanam~praBaYjana(ADJ,2)
praBadraka	1	dcs:praBadrakAH~praBadraka(ADJ,2)
praBava	5	dcs:praBava~praBava(ADJ,1);dcs:praBavaH~praBu(ADJ,4);dcs:praBavaM~praBava(ADJ,1);dcs:praBavas~praBu(ADJ,2);dcs:praBavataH~praBU(VERB,1)
praBf	3	dcs:praBftA~praBfti(NOUN,1);vidyut:praBare~praBf(verb,1);vidyut:praBftya~praBf(ind,1)
praBfti	1	dcs:praBfti~praBfti(NOUN,192)
praBoji	1	vidyut:praBojas~praBuj(noun,1)
praBu	10	dcs:praBU~praBu(NOUN,2);dcs:praBo~praBu(ADJ,229);dcs:praBoH~praBu(ADJ,25);dcs:praBu~praBu(NOUN,19);dcs:praBuH~praBu(ADJ,489)
praDAna	10	dcs:praDAnA~praDAna(NOUN,6);dcs:praDAnAH~praDAna(ADJ,32);dcs:praDAnAn~praDAna(NOUN,10);dcs:praDAna~praDAna(ADJ,42);dcs:praDAnaH~praDAna(NOUN,21)
praDAv	1	vidyut:praDAveta~prasf(verb,1)
praDarzi	2	vidyut:praDarzitAyAm~praDfz(noun,1);vidyut:praDarzita~praDfz(noun,2)
praDvaMs	1	vidyut:praDvaMsin~praDvaMsi(noun,2)
praGasA	2	vidyut:praGasa~praGasa(noun,2);vidyut:praGasa~praad(noun,2)
praIkz	1	vidyut:prekzyamARa~praIkzi(noun,2)
praKyA	2	dcs:praKyA~praKya(ADJ,1);dcs:praKyam~praKya(ADJ,8)
praRASana	1	dcs:praRASanam~praRASana(NOUN,7)
praRI	3	dcs:praRItaH~praRIta(NOUN,1);dcs:praRItam~praRIta(NOUN,1);dcs:praRIya~praRIya(ADJ,1)
praRItA	1	dcs:praRItA~praRI(VERB,15)
praRaS	1	vidyut:praRASin~praRASi(noun,2)
praRad	1	vidyut:praRadatAm~praRad(verb,1)
praRaya	1	dcs:praRaya~praRI(VERB,10)
praRayin	1	dcs:praRayinI~praRayinI(NOUN,2)
praRayita	1	dcs:praRayitA~praRayitf(ADJ,1)
praRetf	2	dcs:praRetA~praRI(VERB,2);dcs:praRetAraH~praRI(VERB,1)
praRipad	1	vidyut:praRipat~praRipat(noun,7)
praRipat	1	vidyut:praRipAtin~praRipAti(noun,2)
praRud	3	vidyut:praRud~praRu(noun,7);vidyut:praRudatAm~praRud(verb,3);vidyut:praRude~praRud(verb,1)
praSAmi	1	vidyut:praSAmyamAna~praSam(noun,2)
praSAstf	1	dcs:praSAstA~praSAs(VERB,4)
praSaMs	1	dcs:praSastaH~praSasta(ADJ,1)
praSamana	1	dcs:praSamana~praSamana(ADJ,3)
praSri	1	dcs:praSrita~praSrita(ADJ,1)
praSrita	1	dcs:praSritaM~praSri(VERB,1)
praT	3	dcs:praTitaH~praTita(NOUN,1);vidyut:prat~prATi(noun,7);vidyut:prat~pracCi(noun,7)
praTama	5	dcs:praTamA~praTamA(NOUN,10);dcs:praTamAm~praTamA(NOUN,2);dcs:praTamAyA~praTamA(NOUN,3);dcs:praTamaM~praTamam(ADV,259);dcs:praTamam~praTamam(ADV,85)
praTamajA	2	vidyut:praTamajA~praTamaja(noun,1);vidyut:praTamajAm~praTamaja(noun,1)
praTamaja	2	vidyut:praTamaja~praTamajA(noun,1);vidyut:praTamajam~praTamajA(noun,2)
praTamaviraha	1	vidyut:praTamavirahe~praTamavirahe(ind,1)
praTas	1	dcs:praTaH~praTA(NOUN,1)
praaYc	1	vidyut:prAktAt~praaYj(noun,2)
praan	1	vidyut:prAnyA~praAni(noun,1)
praarc	1	vidyut:prArcat~praarc(verb,2)
praav	5	vidyut:prAvad~praav(verb,1);vidyut:prAvita~prAvi(noun,2);vidyut:prAvita~praAvi(noun,2);vidyut:pravas~pru(noun,3);vidyut:pravas~pravA(noun,1)
prabAD	1	vidyut:prabADita~prabADi(noun,2)
prabala	2	dcs:prabalA~prabalA(NOUN,1);dcs:prabala~prabala(NOUN,3)
prabuD	4	dcs:prabudDA~prabudDA(NOUN,1);dcs:prabudDa~prabudDa(NOUN,1);dcs:prabudDaH~prabudDa(NOUN,2);vidyut:prabuDAm~prabuDa(noun,1)
pracC	6	dcs:apfcCan~apfcCat(ADJ,1);dcs:pfcCad~pracC(VERB,2);dcs:pfcCan~pracC(VERB,3);dcs:pfcCati~pfcCati(NOUN,1);dcs:pfzwa~pfzwa(NOUN,3)
pracCAdana	1	dcs:pracCAdanam~pracCAdana(ADJ,1)
pracCad	1	dcs:pracCannam~pracCanna(NOUN,1)
pracaRqa	1	dcs:pracaRqa~pracaRqa(NOUN,1)
pracal	1	vidyut:pracal~pracAli(noun,7)
pracetas	6	dcs:pracetA~pracetas(NOUN,7);dcs:pracetAH~pracetas(NOUN,11);dcs:pracetaH~pracetas(NOUN,1);dcs:pracetasaH~pracetas(ADJ,18);dcs:pracetasaM~pracetas(NOUN,5)
pradA	2	dcs:pradAya~prada(ADJ,12);vidyut:prayacCetAm~prayam(verb,1)
pradAtf	2	dcs:pradAtA~pradAtf(NOUN,22);dcs:pradAtf~pradAtf(NOUN,1)
pradah	1	vidyut:pradagDA~pradah(verb,2)
pradakziRa	1	dcs:pradakziRaM~pradakziRam(ADV,99)
pradakziRam	1	dcs:pradakziRam~pradakziRa(ADJ,157)
pradeya	1	dcs:pradeya~pradA(VERB,1)
pradiv	1	vidyut:pradivas~pradivas(ind,1)
pradru	1	vidyut:pradravatAm~pradru(verb,1)
pragalBa	1	dcs:pragalBA~pragalBA(NOUN,2)
pragfD	1	vidyut:pragarDin~pragarDi(noun,2)
pragrah	2	dcs:pragfhItam~pragfhIta(ADJ,1);dcs:pragfhya~pragfhya(ADJ,10)
prahA	2	vidyut:prahA~prahAyi(noun,6);vidyut:prahA~prahAvi(noun,6)
prahArin	1	dcs:prahAriRaH~prahArin(NOUN,1)
prahan	1	dcs:prahata~prahata(ADJ,1)
prahara	1	dcs:prahara~prahf(VERB,21)
praharaRa	1	dcs:praharaRAH~praharaRa(ADJ,2)
prahartf	1	dcs:prahartA~prahf(VERB,1)
prahas	1	dcs:prahasantI~prahasantI(NOUN,2)
prahf	1	vidyut:praharatAm~prahf(verb,2)
prahfz	2	dcs:prahfzwaH~aprahfzwa(ADJ,2);vidyut:praharzin~praharzi(noun,2)
prahi	2	dcs:prahIyante~prahA(VERB,1);dcs:prahitAM~prahit(NOUN,2)
prahlAdana	1	dcs:prahlAdana~prahlAdanA(NOUN,1)
prahu	1	dcs:prahuta~prahuta(NOUN,2)
prai	1	vidyut:pretavat~pretavat(ind,1)
prajA	2	dcs:prajA~apraja(ADJ,2);dcs:prajAyA~prajan(VERB,1)
prajAgara	2	dcs:prajAgarA~prajAgarA(NOUN,1);dcs:prajAgaraH~prajAgara(ADJ,2)
prajAvat	2	dcs:prajAvat~prajAvant(NOUN,1);dcs:prajAvatI~prajAvatI(NOUN,1)
prajYA	3	dcs:prajAnATa~prajAnATa(NOUN,2);dcs:prajYAya~prajYA(NOUN,1);dcs:prajYena~prajYa(ADJ,1)
prajYAna	1	dcs:prajYAna~prajYAna(ADJ,1)
prajan	3	dcs:prajAtA~prajAtA(NOUN,1);vidyut:prajanya~prajAni(noun,2);vidyut:prajanya~prajan(ind,1)
prajanana	2	dcs:prajanana~prajanana(ADJ,2);dcs:prajananam~prajanana(ADJ,13)
prakAS	2	dcs:prakASitam~prakASay(VERB,17);vidyut:prakASyamAna~prakASi(noun,6)
prakASa	8	dcs:prakASA~prakASa(NOUN,7);dcs:prakASAm~prakASa(ADJ,1);dcs:prakASa~prakASa(ADJ,32);dcs:prakASaH~prakASa(ADJ,16);dcs:prakASaM~prakASa(NOUN,33)
prakASaka	1	dcs:prakASakam~prakASaka(NOUN,1)
prakASay	1	dcs:prakASite~aprakASita(ADJ,1)
prakASi	1	vidyut:prakASanIya~prakAS(noun,4)
prakAri	2	vidyut:prakArin~prakf(noun,2);vidyut:prakArin~prakF(noun,2)
prakalpitA	1	vidyut:prakalpita~prakalpi(noun,2)
prakamp	1	dcs:prakampya~prakampay(VERB,1)
prakf	2	dcs:prakfta~prakfta(NOUN,9);dcs:prakftam~prakfta(NOUN,2)
prakfzwa	2	dcs:prakfzwAH~prakfz(VERB,3);dcs:prakfzwa~prakfz(VERB,7)
prakopay	1	dcs:prakopitA~prakopitf(ADJ,1)
prakrIq	1	vidyut:prakrIqita~prakrIqi(noun,2)
prak￞	2	dcs:prakIrRa~prakIrRa(NOUN,2);dcs:prakIrya~prakIrya(NOUN,2)
pralaB	1	dcs:pralabDA~pralabDf(ADJ,1)
pralamba	1	dcs:pralamba~pralamba(NOUN,12)
pralap	1	vidyut:pralap~pralaB(noun,7)
praluB	3	vidyut:praloBitA~praluB(verb,2);vidyut:praloBitA~praloBi(verb,2);vidyut:praloBitA~praloBi(noun,1)
pramA	4	dcs:prameya~prameya(NOUN,22);dcs:prameyam~prameya(NOUN,1);dcs:pramitam~pramita(NOUN,4);vidyut:pramAtavya~pramI(noun,2)
pramATin	2	dcs:pramATI~pramATin(NOUN,7);dcs:pramATi~pramATin(NOUN,1)
pramAda	1	dcs:pramAdam~apramAda(ADJ,2)
pramI	2	dcs:pramIta~pramIta(NOUN,1);vidyut:pramIyamARa~pramA(noun,4)
pramad	6	dcs:pramattA~apramatta(ADJ,1);dcs:pramatta~apramatta(ADJ,1);dcs:pramattaH~apramatta(ADJ,1);dcs:pramattasya~apramatta(ADJ,4);vidyut:pramad~pramaT(noun,7)
pramadvarA	1	vidyut:pramadvara~pramadvara(noun,2)
pramocana	1	dcs:pramocana~pramocana(ADJ,1)
pramuKa	1	dcs:pramuKe~pramuKa(ADJ,36)
prapUr	2	vidyut:prapUraRa~prapUri(noun,4);vidyut:prapUriRI~prapUri(noun,8)
prapUri	1	vidyut:prapUrita~prapUr(noun,2)
prapaTa	1	vidyut:prapaTa~prapaTA(noun,3)
prapad	1	vidyut:prapat~prapat(noun,7)
prarud	1	vidyut:prarudita~prarud(verb,1)
prasADaka	1	dcs:prasADakAH~prasADaka(NOUN,1)
prasADana	1	dcs:prasADanam~prasADana(ADJ,4)
prasADi	1	vidyut:prasADinI~prasAD(noun,4)
prasAdana	1	dcs:prasAdana~prasAdana(ADJ,2)
prasAdi	5	vidyut:prasAd~prasADi(noun,14);vidyut:prasAd~prasAD(noun,7);vidyut:prasAd~pras(noun,4);vidyut:prasAd~prAsi(noun,4);vidyut:prasAdaka~prasad(noun,4)
prasTA	4	dcs:prasTitAn~prasTita(NOUN,3);dcs:prasTitAnAm~prasTita(NOUN,1);dcs:prasTita~prasTita(NOUN,3);dcs:pratizWa~pratizWa(ADJ,2)
prasTApi	1	vidyut:prasTApayizyati~prasTApi(verb,1)
prasTa	1	dcs:prasTe~prasTa(ADJ,2)
prasU	5	dcs:prasUtA~prasUtA(NOUN,3);dcs:prasUtam~prasUta(NOUN,1);vidyut:prasUyaDvam~prasu(verb,3);vidyut:prasuvAna~prasu(noun,2);vidyut:prasvas~praas(verb,1)
prasaBam	1	dcs:prasaBaM~prasaBa(ADJ,1)
prasaMKyA	1	vidyut:prasaNKyAya~prasaMKyA(ind,1)
prasaYj	1	dcs:prasaktam~prasaktam(ADV,2)
prasad	6	dcs:prasannA~prasannA(NOUN,12);dcs:prasannAni~prasanna(ADJ,1);dcs:prasannaH~prasanna(ADJ,1);dcs:prasannena~prasanna(ADJ,1);dcs:prasanno~prasanna(ADJ,2)
prasamIkz	1	vidyut:prasamIkzita~prasamIkzi(noun,2)
prasannA	1	dcs:prasannayA~prasad(VERB,5)
prasara	1	dcs:prasara~prasf(VERB,3)
prasavantI	1	vidyut:prasavantIm~prasu(noun,1)
prasf	10	dcs:prasftA~prasftA(NOUN,2);dcs:prasftAH~prasfta(NOUN,2);dcs:prasfta~prasfta(NOUN,12);dcs:prasftaH~prasfta(NOUN,4);dcs:prasfte~prasfta(NOUN,2)
prasnA	1	vidyut:prasnAtI~prasnAvi(noun,12)
prasnApi	1	vidyut:prasnApayanti~prasnApi(verb,1)
prasravaRa	1	vidyut:prasravaRAnAm~prasru(noun,2)
prastu	1	dcs:prastutaM~prastuta(NOUN,2)
prasu	1	vidyut:prAsAvIt~prasU(verb,1)
prasvApana	1	dcs:prasvApanam~prasvApana(NOUN,1)
pratApavat	1	dcs:pratApavAn~pratApavant(NOUN,1)
pratI	3	dcs:pratItA~pratIta(ADJ,1);dcs:pratIta~pratIta(ADJ,2);dcs:pratItaH~pratIta(NOUN,1)
pratIcya	1	dcs:pratIcyAH~pratyaYc(ADJ,6)
pratIkz	1	dcs:pratIkze~pratIkza(ADJ,1)
pratIpa	4	dcs:pratIpa~pratIpa(NOUN,5);dcs:pratIpaH~pratIpa(ADJ,1);dcs:pratIpaM~pratIpa(NOUN,3);dcs:pratIpam~pratIpa(NOUN,1)
pratIvI	1	dcs:pratIvyaM~pratIvI(NOUN,1)
prataNk	2	vidyut:prataNka~prataNki(noun,8);vidyut:prataNka~prataNk(verb,1)
pratanu	1	dcs:pratanu~pratan(VERB,2)
pratap	1	vidyut:pratApin~pratApi(noun,2)
pratapat	1	vidyut:pratapat~pratap(noun,3)
pratara	1	dcs:pratara~pratf(VERB,1)
prataram	1	dcs:prataraM~pratara(NOUN,9)
pratatam	2	dcs:pratataM~pratan(VERB,4);dcs:pratatam~pratan(VERB,1)
prati	2	dcs:prati~prati(NOUN,10);dcs:praty~aprati(ADJ,1)
pratiBaya	4	dcs:pratiBaya~pratiBaya(NOUN,1);dcs:pratiBayaM~pratiBaya(NOUN,2);dcs:pratiBayam~pratiBaya(ADJ,1);dcs:pratiBaye~pratiBaya(NOUN,1)
pratiDA	1	vidyut:pratiDehi~pratidADA(verb,1)
pratiDI	2	vidyut:pratiDAyi~pratiDA(noun,3);vidyut:pratiDAyi~pratiDAyi(noun,3)
pratiIkz	1	vidyut:pratIkzin~pratiIkzi(noun,2)
pratiSru	3	dcs:pratiSrutaM~pratiSrut(NOUN,1);dcs:pratiSrutam~pratiSruta(NOUN,3);dcs:pratiSrute~pratiSruta(NOUN,2)
pratibanD	1	vidyut:pratibanDin~pratibanDi(noun,2)
pratiboDana	1	dcs:pratiboDanam~pratiboDana(ADJ,1)
pratibrU	5	vidyut:prativaktavya~prativac(noun,2);vidyut:prativaktf~prativac(noun,6);vidyut:prativakzyasi~prativac(verb,1);vidyut:prativakzyasi~prativah(verb,1);vidyut:pratyuvaca~prativac(verb,1)
pratibuD	1	dcs:pratibudDa~apratibudDa(ADJ,1)
praticakz	2	vidyut:praticakzi~praticakzi(noun,9);vidyut:praticakzyA~praticakzi(noun,1)
praticikIrza	1	vidyut:praticikIrzu~praticikIrzi(noun,3)
pratidADA	1	vidyut:pratyaDattam~pratiDA(verb,1)
pratidfS	1	vidyut:pratyadarSi~pratidarSi(verb,1)
pratigam	1	dcs:pratigantA~pratigantf(ADJ,1)
pratigrah	1	dcs:pratigfhRataH~apratigfhRat(ADJ,2)
pratigrahItf	1	dcs:pratigrahItA~pratigrah(VERB,6)
pratihan	1	vidyut:pratiGAtin~pratiGAti(noun,2)
pratihary	1	vidyut:pratiharyanti~pratihary(verb,1)
pratijan	2	vidyut:pratijanya~pratijAni(noun,2);vidyut:pratijanya~pratijan(ind,1)
pratikf	1	dcs:pratikfta~pratikfta(NOUN,1)
pratikfta	1	dcs:pratikftam~pratikf(VERB,3)
pratimA	3	dcs:pratimA~pratima(ADJ,4);dcs:pratimam~pratima(ADJ,32);dcs:pratime~pratima(ADJ,2)
pratima	1	dcs:pratimAn~pratimA(NOUN,3)
pratimit	1	vidyut:pratimitA~pratimA(noun,1)
pratinand	1	vidyut:pratinandita~pratinandi(noun,2)
pratipf	1	dcs:pratipUrRa~pratipUrRa(ADJ,1)
pratiprayA	1	vidyut:pratiprayAta~pratiprayA(verb,1)
pratipriya	1	dcs:pratipriyaM~pratipriya(NOUN,1)
pratipuruzam	1	dcs:pratipuruzaM~pratipuruza(NOUN,1)
pratirAvi	1	vidyut:pratirAva~pratiru(noun,2)
pratirUpa	5	dcs:pratirUpA~pratirUpA(NOUN,1);dcs:pratirUpARi~pratirUpa(NOUN,1);dcs:pratirUpa~pratirUpa(ADJ,2);dcs:pratirUpaM~pratirUpa(NOUN,3);dcs:pratirUpam~pratirUpa(NOUN,1)
pratisaMDA	2	vidyut:pratisanDAya~pratisaMDAyi(noun,8);vidyut:pratisanDAya~pratisaMDA(ind,2)
pratisaMDI	1	vidyut:pratisaMDIyete~pratisaMDA(verb,1)
pratisaMhan	1	vidyut:pratisaMhata~pratisaMhan(verb,1)
pratisaMhf	1	vidyut:pratisaMharate~pratisaMhf(verb,1)
pratisaMkram	1	vidyut:pratisaMkrama~pratisaMkrAmi(noun,8)
pratisaMvid	1	vidyut:pratisaMvedin~pratisaMvedi(noun,4)
pratisf	1	vidyut:pratiDAvatAt~pratiDAv(verb,2)
pratisrota	1	vidyut:pratisrotam~pratisrotam(ind,1)
pratitapsa	1	vidyut:pratitap~pratitapsi(noun,7)
prativah	1	dcs:pratyuhya~pratyUh(VERB,4)
prativarzi	2	vidyut:prativarza~prativfz(noun,6);vidyut:prativarza~prativfz(verb,1)
prativas	1	dcs:prativasati~prativasati(ADV,1)
prativiIkz	3	vidyut:prativIkzya~prativiIkzi(noun,2);vidyut:prativIkzya~prativiIkz(ind,1);vidyut:prativIkzya~prativiIkzi(ind,1)
pratiyA	1	vidyut:pratiyA~pratiyAvi(noun,6)
pratiyAc	1	vidyut:pratiyAcita~pratiyAci(noun,4)
pratiyAti	3	vidyut:pratiyAtam~pratiyA(noun,3);vidyut:pratiyAtam~pratiyat(noun,3);vidyut:pratiyAtam~pratiyA(verb,1)
pratiyam	1	vidyut:pratiyAmi~pratiyA(verb,1)
pratizWA	5	dcs:pratizWAM~apratizWa(ADJ,1);dcs:pratizWAyAM~pratizWa(ADJ,1);dcs:pratizWAya~pratizWA(NOUN,2);dcs:pratizWe~prasTA(VERB,1);dcs:pratizWitaH~pratizWita(NOUN,1)
pratnavat	1	vidyut:pratnavat~pratnavat(ind,1)
pratud	1	vidyut:pratodin~pratodi(noun,2)
pratyUha	1	dcs:pratyUha~pratyUh(VERB,2)
pratyaYc	9	dcs:pratIcI~pratIcI(NOUN,7);dcs:pratIcIM~pratIcI(NOUN,5);dcs:pratIcIm~pratIcI(NOUN,5);dcs:pratIcIr~pratIcI(NOUN,1);dcs:pratIcy~pratIcI(NOUN,1)
pratyagra	1	dcs:pratyagra~pratyagra(NOUN,1)
pratyakza	5	dcs:pratyakza~pratyakza(NOUN,94);dcs:pratyakzaM~pratyakza(NOUN,24);dcs:pratyakzam~pratyakza(NOUN,65);dcs:pratyakze~pratyakza(NOUN,7);dcs:pratyakzeRa~pratyakza(ADJ,6)
pratyakzatas	1	dcs:pratyakzataH~pratyakza(NOUN,2)
pratyamitra	1	dcs:pratyamitram~pratyamitra(ADJ,1)
pratyanIka	1	dcs:pratyanIka~pratyanIka(ADJ,3)
pratyanta	1	dcs:pratyanta~pratyanta(ADJ,1)
pratyanunI	1	vidyut:pratyanunaya~pratyanunI(verb,1)
pratyapAya	1	vidyut:pratyapAyAt~pratyapayA(verb,1)
pratyarc	1	vidyut:pratyarcita~pratyarci(noun,4)
pratyarpi	1	vidyut:pratyarpayizyati~pratyarpi(verb,1)
pratyavaIkzi	1	vidyut:pratyavekzyate~pratyavaIkz(verb,1)
pratyaya	1	dcs:pratyayAt~pratiyA(VERB,2)
pratyekam	2	dcs:pratyekaM~pratyeka(ADJ,97);dcs:pratyekam~pratyeka(ADJ,39)
pratyozi	2	vidyut:pratyoza~pratyuz(noun,6);vidyut:pratyoza~pratyuz(verb,1)
pratyudyA	2	dcs:pratyudyAtA~pratyudyAtf(ADJ,1);vidyut:pratyudyAta~pratyudyA(verb,1)
praukz	1	vidyut:prokzyamARa~praukzi(noun,2)
pravA	6	dcs:pravAta~pravAta(NOUN,6);vidyut:pravAs~pravAsi(noun,21);vidyut:pravAs~prave(noun,16);vidyut:pravAs~pravAyi(noun,16);vidyut:pravAs~pravApi(noun,16)
pravAhaRa	2	dcs:pravAhaRa~pravAhaRa(NOUN,3);dcs:pravAhaRaH~pravAhaRa(NOUN,5)
pravAsi	1	vidyut:pravAsaka~pravas(noun,2)
pravAta	1	dcs:pravAte~pravA(VERB,3)
pravAtejA	1	vidyut:pravAtejA~pravAteja(noun,1)
pravI	4	vidyut:pravIta~praaj(noun,2);vidyut:pravIta~pravI(verb,1);vidyut:pravaya~praaj(noun,6);vidyut:pravaya~prave(verb,1)
prava	1	dcs:pravA~pravA(NOUN,1)
pravaRa	4	dcs:pravaRA~pravaRa(NOUN,1);dcs:pravaRa~pravaRa(NOUN,3);dcs:pravaRaH~pravaRa(NOUN,3);dcs:pravaRe~pravaRa(NOUN,21)
pravac	3	dcs:pravAcyA~pravAcya(ADJ,1);vidyut:pravaktavya~prabrU(noun,2);vidyut:provaca~prabrU(verb,1)
pravaha	1	dcs:pravaha~pravah(VERB,1)
pravaktf	1	dcs:pravaktA~pravac(VERB,7)
pravara	9	dcs:pravarAH~pravara(NOUN,2);dcs:pravarAn~pravara(NOUN,2);dcs:pravara~pravara(NOUN,3);dcs:pravaraH~pravara(NOUN,4);dcs:pravaraM~pravara(NOUN,8)
pravartay	1	dcs:pravartitA~pravartitf(NOUN,2)
pravarti	1	vidyut:pravart~pravarDi(noun,7)
pravas	1	vidyut:pravasatAm~pravas(verb,1)
pravat	3	dcs:pravat~pravat(ADJ,1);dcs:pravatA~pravat(ADJ,2);vidyut:pravad~praav(noun,3)
pravayas	1	dcs:pravayA~pravA(NOUN,1)
prave	6	dcs:protaH~prota(ADJ,1);dcs:protaM~prota(ADJ,8);vidyut:pravAsya~pravAsi(noun,6);vidyut:pravAsya~pravA(noun,4);vidyut:pravAsya~pravAsi(ind,3)
pravedi	1	vidyut:pravetti~pravid(verb,1)
pravep	1	vidyut:pravepin~pravepi(noun,2)
pravepi	1	vidyut:pravepayanti~pravepi(verb,1)
pravezw	1	vidyut:pravezwita~pravezwi(noun,2)
pravf	3	dcs:prAvfRot~prAvf(VERB,1);vidyut:pravArya~pravAri(noun,2);vidyut:pravArya~pravAri(ind,1)
pravfD	3	dcs:pravfdDAH~pravfdDa(ADJ,1);dcs:pravfdDa~pravfdDa(ADJ,1);dcs:pravfdDam~pravfdDa(ADJ,1)
pravft	1	dcs:pravftte~apravftta(ADJ,1)
praviS	1	vidyut:praviSatAm~praviS(verb,1)
pravic	1	vidyut:pravikta~pravij(noun,2)
pravical	1	vidyut:pravicalita~pravicAli(noun,2)
pravid	2	dcs:praveda~praveda(NOUN,1);vidyut:pravid~pravyaD(noun,7)
pravivikza	2	vidyut:pravivikzu~pravivikzi(noun,6);vidyut:pravivikzu~pravivic(noun,3)
pravraj	3	dcs:pravrajitAn~pravrajita(NOUN,2);dcs:pravrajitaH~pravrajita(NOUN,1);dcs:pravrajite~pravrajita(NOUN,1)
pravrajita	1	dcs:pravrajita~pravraj(VERB,2)
pravyaTay	1	dcs:pravyaTita~pravyaT(VERB,2)
prayA	7	vidyut:prayA~preman(noun,2);vidyut:prayA~pra(noun,1);vidyut:prayA~prayAman(noun,1);vidyut:prayA~prI(noun,6);vidyut:prayA~prayAvi(noun,6)
prayAc	1	vidyut:prayAcita~prayAci(noun,4)
prayAma	1	dcs:prayAma~prayA(VERB,1)
prayAti	3	vidyut:prayAtAm~prayA(noun,3);vidyut:prayAtAm~prayA(verb,1);vidyut:prayAtAm~prayat(noun,1)
prayaj	1	vidyut:prayaja~prayaj(verb,1)
prayakz	1	dcs:prayakze~prayakza(ADJ,1)
prayam	1	dcs:prayata~aprayata(ADJ,1)
prayantf	1	dcs:prayantA~prayam(VERB,1)
prayas	5	dcs:prayAH~prayA(NOUN,1);dcs:prayastA~prayasta(ADJ,1);vidyut:prayAsyam~prayAsi(noun,3);vidyut:prayas~prI(noun,6);vidyut:prayas~prayA(noun,1)
prayat	2	vidyut:prayat~prI(noun,3);vidyut:prayat~prai(noun,3)
prayojay	2	dcs:prayojyAyAH~prayuj(VERB,2);dcs:prayojya~prayuj(VERB,7)
prayoji	1	vidyut:prayojayati~prayoji(verb,1)
prayoktf	2	dcs:prayoktf~prayoktf(NOUN,3);dcs:prayoktfBiH~prayoktf(ADJ,2)
prayu	1	dcs:prayutA~prayuta(ADJ,1)
prayuta	1	dcs:prayutaM~prayu(VERB,1)
pre	4	dcs:prayatI~prayati(NOUN,1);dcs:pretam~preta(NOUN,2);dcs:pretasya~preta(NOUN,12);dcs:prete~preta(NOUN,2)
prekz	3	dcs:prekzaRIya~prekzaRIya(ADJ,1);dcs:prekzaRIyaH~prekzaRIya(ADJ,1);dcs:prekzita~prekzita(NOUN,2)
prekzA	1	dcs:prekzA~prekz(VERB,1)
prekzaRaka	1	dcs:prekzaRaka~prekzaRaka(ADJ,1)
prekzaka	1	dcs:prekzakAH~prekzaka(ADJ,1)
prer	1	dcs:preryamARaH~preray(VERB,2)
preta	6	dcs:pretA~pre(VERB,5);dcs:pretAH~pre(VERB,3);dcs:pretAn~pre(VERB,2);dcs:preta~pre(VERB,40);dcs:pretaH~pre(VERB,12)
preyas	3	dcs:preyAn~pre(VERB,2);dcs:preyasI~preyasI(NOUN,1);dcs:preyasi~preyasI(NOUN,2)
prez	2	dcs:prezA~preza(NOUN,1);dcs:prezya~prezya(NOUN,53)
prezay	1	dcs:prezita~prez(VERB,2)
prezya	1	dcs:prezyA~prezyA(NOUN,3)
prezyatA	2	vidyut:prezyatA~prI(noun,2);vidyut:prezyatA~praiz(noun,2)
priyA	1	dcs:priyABiH~priya(ADJ,1)
priya	17	dcs:priyA~priyA(NOUN,110);dcs:priyAH~priyA(NOUN,3);dcs:priyAM~priyA(NOUN,14);dcs:priyARi~priya(NOUN,4);dcs:priyAm~priyA(NOUN,22)
priyaMvada	1	dcs:priyaMvadA~priyaMvadA(NOUN,3)
priyadarSana	1	vidyut:priyadarSane~priyadarSanA(noun,14)
priyakAmyA	2	vidyut:priyakAmyA~priyakAmya(noun,1);vidyut:priyakAmyayA~priyakAmya(noun,1)
priyatama	1	dcs:priyatamA~priyatamA(NOUN,3)
proTa	1	dcs:proTa~pruT(VERB,1)
prota	3	dcs:protA~prota(NOUN,1);dcs:prota~prave(VERB,4);dcs:protam~prave(VERB,6)
psA	2	vidyut:psA~Bas(noun,3);vidyut:psA~BAsi(noun,3)
puMnAman	1	vidyut:punnAman~punnAman(noun,3)
puMs	3	dcs:puMs~puMs(NOUN,27);dcs:puMsa~puMsa(NOUN,7);dcs:pum~puMs(NOUN,4)
puMsi	6	vidyut:pun~puRq(noun,7);vidyut:pun~puRw(noun,7);vidyut:pun~punT(noun,7);vidyut:pun~puRwi(noun,7);vidyut:pun~punTi(noun,7)
puRqarIkavant	1	dcs:puRqarIkavAn~puRqarIkavat(ADJ,2)
puRya	15	dcs:puRyA~puRya(NOUN,8);dcs:puRyAH~puRya(NOUN,8);dcs:puRyAM~puRyA(NOUN,1);dcs:puRyAm~puRya(NOUN,1);dcs:puRyAn~puRya(NOUN,2)
puRyaSloka	2	dcs:puRyaSloka~puRyaSloka(ADJ,1);dcs:puRyaSlokasya~puRyaSloka(ADJ,1)
puRyaganDi	2	vidyut:puRyaganDi~puRyaganDin(noun,3);vidyut:puRyaganDinA~puRyaganDin(noun,2)
puRyodakA	1	vidyut:puRyodakA~puRyodaka(noun,1)
pulakita	1	dcs:pulakita~pulakay(VERB,2)
puloman	2	dcs:pulomA~pulomA(NOUN,13);vidyut:puloman~pulomat(noun,1)
punar	1	dcs:puna~puna(ADJ,1)
punarBava	1	dcs:punarBavaH~punarBava(ADJ,1)
punarnava	1	dcs:punarnava~punarnava(NOUN,1)
pur	1	dcs:pUH~pU(ADJ,10)
purA	3	dcs:purA~pura(NOUN,11);vidyut:purAsu~pura(noun,2);vidyut:purAsu~pur(noun,1)
purARa	12	dcs:purARA~purARa(NOUN,1);dcs:purARAH~purARa(NOUN,1);dcs:purARAn~purARa(NOUN,1);dcs:purARAnAm~purARa(ADJ,4);dcs:purARAya~purARa(NOUN,1)
purAtana	2	dcs:purAtanam~purAtana(NOUN,9);dcs:purAtane~purAtana(ADJ,3)
pura	5	dcs:purARAM~purARa(ADJ,1);dcs:pura~puras(ADV,36);vidyut:purARAm~purARa(noun,3);vidyut:purARAm~purA(noun,2);vidyut:purARAm~pur(noun,3)
puraHsara	5	dcs:puraHsarA~puraHsara(NOUN,5);dcs:puraHsarAH~puraHsara(NOUN,5);dcs:puraHsarAn~puraHsara(NOUN,1);dcs:puraHsaraH~puraHsara(NOUN,4);dcs:puraHsaram~puraHsara(NOUN,6)
puraMDi	2	dcs:puraMDiH~puraMDi(ADJ,1);dcs:puranDiM~puranDi(NOUN,2)
puranDi	1	dcs:puranDir~puraMDi(NOUN,7)
puras	4	dcs:puraH~pur(NOUN,52);dcs:puraS~pur(NOUN,1);dcs:puras~pur(NOUN,1);dcs:puro~pur(NOUN,34)
puratas	1	dcs:purataH~pura(NOUN,1)
puroDA	1	dcs:puroDA~puroDas(NOUN,11)
purogA	2	dcs:purogA~puroga(ADJ,1);dcs:purogAm~puroga(ADJ,1)
puroga	1	dcs:purogAH~purogA(NOUN,4)
purohita	6	dcs:purohitAH~puroDA(VERB,3);dcs:purohita~puroDA(VERB,2);dcs:purohitaH~puroDA(VERB,7);dcs:purohitam~puroDA(VERB,2);dcs:purohite~puroDA(VERB,1)
puru	4	dcs:pUrvIH~pUrva(PRON,2);dcs:pUrvIr~pUrva(PRON,5);dcs:pUrvIz~pUrva(PRON,1);dcs:puru~puru(NOUN,3)
purudaMsas	1	vidyut:purudaMsas~purudaMsa(noun,1)
purunizWa	1	vidyut:purunizWa~purunizWA(noun,1)
puruzAda	1	dcs:puruzAdAnAM~puruzAda(NOUN,1)
puruzAyita	1	dcs:puruzAyita~puruzAyita(NOUN,1)
puruza	1	dcs:puruzo~apuruza(ADJ,1)
puruzadveziRI	1	vidyut:puruzadveziRI~puruzadvezin(noun,4)
puruzatA	1	vidyut:puruzatA~puruzatA(ind,1)
puruzwuta	1	dcs:puruzwutaH~puruzwuta(ADJ,1)
purvaYc	2	dcs:purUcI~purUcI(NOUN,1);dcs:purUcIH~purUcI(NOUN,2)
putrI	2	dcs:putrI~putrin(ADJ,11);dcs:putri~putrin(ADJ,2)
putrIyA	1	vidyut:putrIyA~putrIya(noun,2)
putra	1	dcs:putraH~aputra(ADJ,2)
putrin	1	dcs:putriRI~putriRI(NOUN,10)
puz	4	dcs:puzwAni~puzwa(NOUN,3);dcs:puzwa~puzwa(NOUN,9);dcs:puzwam~puzwa(NOUN,10);dcs:puzyAt~puzya(NOUN,1)
puzkala	3	dcs:puzkalA~puzkala(NOUN,2);dcs:puzkalAm~puzkalA(NOUN,1);dcs:puzkala~puzkala(NOUN,3)
puzkariRI	2	dcs:puzkariRI~puzkarin(ADJ,3);dcs:puzkariRIm~puzkarin(ADJ,2)
puzp	1	vidyut:puzpin~puzpi(noun,2)
puzpahAsA	1	vidyut:puzpahAsa~puzpahAsa(noun,2)
puzpaja	1	vidyut:puzpaja~puzpajA(noun,3)
puzpavat	1	dcs:puzpavatI~puzpavatI(NOUN,3)
puzpitAgrA	1	vidyut:puzpitAgra~puzpitAgra(noun,2)
puzpitAgra	1	vidyut:puzpitAgrARAm~puzpitAgrA(noun,2)
puzpita	1	dcs:puzpitA~puzpitA(NOUN,1)
puzwa	2	dcs:puzwaM~puz(VERB,10);dcs:puzwe~puz(VERB,1)
puzwimat	1	vidyut:puzwimati~puzwimati(noun,3)
rA	2	dcs:rA~ara(NOUN,1);dcs:rAti~rAti(NOUN,1)
rAD	4	vidyut:rADyAsma~rADi(verb,2);vidyut:rADya~rADi(noun,4);vidyut:rADya~raD(noun,2);vidyut:rADya~rAD(verb,1)
rADa	1	dcs:rADAnAm~rADA(NOUN,1)
rANkava	1	dcs:rANkava~rANkava(NOUN,2)
rAgi	1	vidyut:ragI~rag(noun,3)
rAgin	2	dcs:rAgI~rAgin(NOUN,2);dcs:rAgiRaH~rAgin(NOUN,1)
rAj	4	dcs:rAjase~rAjasa(ADJ,1);dcs:rAjatA~rAjatA(NOUN,3);dcs:rAjate~rAjata(ADJ,17);dcs:rAw~rAj(VERB,1)
rAjIvalocanA	2	vidyut:rAjIvalocanAm~rAjIvalocana(noun,1);vidyut:rAjIvalocana~rAjIvalocana(noun,2)
rAjaDarma	1	vidyut:rAjaDarme~rAjaDarman(noun,4)
rAjaka	1	dcs:rAjakam~rAjaka(ADJ,2)
rAjan	2	dcs:rAjan~rAj(VERB,6);dcs:rAjann~rAj(VERB,1)
rAjanya	2	dcs:rAjanyA~rAjanyA(NOUN,7);dcs:rAjanya~rAjanya(ADJ,3)
rAjaputrA	2	vidyut:rAjaputrA~rAjaputra(noun,1);vidyut:rAjaputre~rAjaputra(noun,9)
rAjaputra	1	vidyut:rAjaputrAn~rAjaputrA(noun,1)
rAjarzi	1	vidyut:rAjarzizu~rAjarzin(noun,2)
rAjasUya	1	dcs:rAjasUyam~rAjasUya(ADJ,4)
rAjasa	1	dcs:rAjasaH~rAjasa(NOUN,2)
rAjasutA	3	vidyut:rAjasutA~rAjasuta(noun,1);vidyut:rAjasutAm~rAjasuta(noun,1);vidyut:rAjasuta~rAjasuta(noun,2)
rAjata	3	dcs:rAjata~rAjata(NOUN,9);dcs:rAjataH~rAjan(NOUN,5);dcs:rAjataM~rAjata(NOUN,5)
rAjavat	1	vidyut:rAjavat~rAjavat(ind,1)
rAji	3	vidyut:rAjini~rAjin(noun,4);vidyut:rAjini~rAj(noun,4);vidyut:raYjanIya~raYj(noun,4)
rAjya	1	dcs:rAjya~rAjya(ADJ,1)
rAkzasI	3	dcs:rAkzasI~rAkzasa(ADJ,7);dcs:rAkzasIm~rAkzasa(ADJ,5);dcs:rAkzasyA~rAkzasa(ADJ,2)
rAkzasa	9	dcs:rAkzasAH~rAkzasa(ADJ,1);dcs:rAkzasAn~rAkzasa(ADJ,4);dcs:rAkzasAnAM~rAkzasa(ADJ,1);dcs:rAkzasa~rAkzasa(ADJ,8);dcs:rAkzasaH~rAkzasa(ADJ,16)
rAmA	2	dcs:rAmA~rAma(ADJ,3);dcs:rAmAm~rAma(ADJ,1)
rAmI	2	vidyut:rAmyA~rAmyA(noun,3);vidyut:rAmyA~rAmi(noun,1)
rAma	6	dcs:rAma~rAma(ADJ,7);dcs:rAmaM~rAma(ADJ,1);dcs:rAmam~rAma(ADJ,8);dcs:rAmasya~rAma(ADJ,1);dcs:rAme~rAma(ADJ,2)
rAmaRIyaka	1	dcs:rAmaRIyaka~rAmaRIyaka(NOUN,1)
rAmi	1	vidyut:ramayatAm~rAmi(verb,4)
rAti	1	dcs:rAtiH~rAti(ADJ,6)
rAvaRa	2	dcs:rAvaRaH~rAvaRa(ADJ,10);dcs:rAvaRam~rAvaRa(ADJ,6)
rAzwrin	1	dcs:rAzwrI~rAzwrI(NOUN,7)
rE	1	dcs:rAya~rA(VERB,1)
rUkza	2	dcs:rUkzA~rUkzA(NOUN,1);dcs:rUkzAH~rUkzA(NOUN,1)
rUpAjIvA	1	vidyut:rUpAjIva~rUpAjIva(noun,2)
rUpa	1	dcs:rUpam~mad(PRON,1)
rUpakA	1	dcs:rUpakA~rUpaka(ADJ,1)
rUpavat	1	dcs:rUpavatI~rUpavatI(NOUN,1)
ra	4	dcs:ra~ra(ADV,2);vidyut:rasya~rasyA(noun,3);vidyut:rasya~rasya(noun,2);vidyut:rasya~rasi(noun,4)
raB	2	vidyut:rap~rap(noun,7);vidyut:rap~raP(noun,7)
raBasa	4	dcs:raBasa~raBasa(ADJ,13);dcs:raBasaH~raBasa(NOUN,2);dcs:raBasam~raBasa(ADJ,6);dcs:raBaso~raBasa(NOUN,2)
raGu	3	dcs:raGU~raGu(NOUN,1);dcs:raGu~raGu(ADJ,10);dcs:raGuH~raGu(ADJ,2)
raMh	2	vidyut:raMhya~raMhi(noun,4);vidyut:raMhyam~raMhi(noun,6)
raR	2	dcs:raRita~raRita(NOUN,6);dcs:raRyati~ran(VERB,2)
raRa	2	dcs:raRA~ran(VERB,1);dcs:raRa~ran(VERB,4)
raRva	1	dcs:raRva~raRv(VERB,3)
raRya	1	dcs:raRyAni~raRya(NOUN,1)
raSmimant	1	dcs:raSmimAn~raSmimat(ADJ,1)
raSmivat	1	dcs:raSmivAn~raSmivant(NOUN,6)
raTI	2	dcs:raTIH~raTI(NOUN,1);dcs:raTIr~raTI(NOUN,1)
raTasTA	3	vidyut:raTasTAm~raTasTa(noun,1);vidyut:raTasTa~raTasTa(noun,2);vidyut:raTasTe~raTasTa(noun,9)
raTasTa	1	vidyut:raTasTAn~raTasTA(noun,1)
raTezWa	1	vidyut:raTezWa~raTezWA(noun,1)
raTin	7	dcs:raTI~raTin(ADJ,19);dcs:raTinAm~raTin(ADJ,1);dcs:raTinaH~raTin(ADJ,9);dcs:raTinaM~raTin(ADJ,1);dcs:raTino~raTin(ADJ,5)
raTyA	2	dcs:raTyA~raTya(ADJ,16);dcs:raTyAH~raTya(ADJ,2)
raTya	2	dcs:raTyaM~raTI(ADJ,2);dcs:raTye~raTI(ADJ,1)
raYjaka	1	dcs:raYjaka~raYjaka(NOUN,3)
rad	5	dcs:radA~rada(NOUN,1);vidyut:rad~raD(noun,7);vidyut:rad~f(noun,4);vidyut:rat~raD(noun,7);vidyut:rat~f(noun,4)
rag	3	vidyut:raga~rAgi(noun,4);vidyut:raga~rAji(noun,2);vidyut:raga~rag(verb,1)
rahas	1	dcs:raha~raha(NOUN,1)
rahasya	4	dcs:rahasyAni~rahasya(ADJ,3);dcs:rahasya~rahasya(ADJ,17);dcs:rahasyaM~rahasya(ADJ,17);dcs:rahasyam~rahasya(ADJ,8)
rahita	4	dcs:rahitA~rah(VERB,3);dcs:rahita~rah(VERB,2);dcs:rahitam~rah(VERB,4);dcs:rahite~rah(VERB,4)
rajas	3	dcs:rajasA~rajasa(ADJ,1);dcs:rajasa~rajasa(ADJ,2);dcs:sattvarajastamoBiH~sattva(NOUN,1)
rajasvalA	3	dcs:rajasvalA~rajasvala(ADJ,7);dcs:rajasvalAM~rajasvala(ADJ,2);dcs:rajasvalAm~rajasvala(ADJ,4)
rajata	2	dcs:rajata~rajata(ADJ,1);dcs:rajataM~rajata(ADJ,3)
rakta	8	dcs:raktA~raktA(NOUN,23);dcs:rakta~rakta(NOUN,776);dcs:raktaH~raYj(VERB,18);dcs:raktaM~rakta(ADJ,137);dcs:raktam~rakta(ADJ,59)
rakz	6	dcs:arakzatAm~arakzat(ADJ,1);dcs:rakza~rakzas(NOUN,35);dcs:rakzasi~rakzas(NOUN,4);dcs:rakzyamARA~arakzyamARa(ADJ,1);vidyut:rakzin~rakzi(noun,2)
rakzA	2	dcs:rakzA~rakz(VERB,28);dcs:rakzAH~rakza(ADJ,3)
rakzaRa	3	dcs:rakzaRaM~rakzaRa(ADJ,2);dcs:rakzaRam~rakzaRa(ADJ,3);dcs:rakzaRe~rakzaRa(ADJ,1)
rakzas	6	dcs:rakzas~rakz(VERB,2);dcs:rakzasAm~rakzas(ADJ,1);dcs:rakzasaH~rakzas(ADJ,1);dcs:rakzasas~rakzas(ADJ,1);dcs:rakzase~rakz(VERB,4)
rakzi	1	vidyut:rakzayati~rakzi(verb,1)
rakzitf	1	dcs:rakzitA~rakz(VERB,50)
ram	4	dcs:rama~rama(NOUN,2);dcs:rataH~rata(ADJ,3);dcs:ratam~rata(NOUN,19);dcs:ratasya~rata(NOUN,5)
ramA	1	dcs:ramA~rama(ADJ,1)
rama	1	dcs:ramo~rama(ADJ,1)
ramaRI	1	dcs:ramaRI~ramaRa(ADJ,1)
ramaRIya	7	dcs:ramaRIyA~ram(VERB,4);dcs:ramaRIyAni~ram(VERB,6);dcs:ramaRIya~ram(VERB,2);dcs:ramaRIyaH~ram(VERB,1);dcs:ramaRIyaM~ram(VERB,7)
ramaRa	1	dcs:ramaRa~ramaRa(ADJ,1)
ramay	1	dcs:ramitam~ramita(NOUN,1)
ramya	5	dcs:ramyA~ramyA(NOUN,8);dcs:ramyAM~ramyA(NOUN,1);dcs:ramya~ram(VERB,6);dcs:ramyaH~ramya(NOUN,3);dcs:ramyo~ramya(NOUN,3)
ran	2	dcs:raRanti~raR(VERB,1);dcs:raRyanti~raR(VERB,1)
ranDi	2	vidyut:aranDayas~ranD(verb,1);vidyut:ranDIs~ranD(noun,2)
rasAyana	1	dcs:rasAyana~rasAyana(ADJ,3)
rasa	2	dcs:rasAH~arasa(ADJ,1);dcs:rasAn~ras(VERB,1)
rasajYa	3	dcs:rasajYA~rasajYa(ADJ,1);dcs:rasajYa~rasajYa(NOUN,3);dcs:rasajYaH~rasajYa(NOUN,2)
rasavant	1	dcs:rasavad~rasavat(ADJ,3)
rasika	1	dcs:rasika~rasika(NOUN,1)
rasita	1	dcs:rasita~ras(VERB,2)
rata	3	dcs:ratAni~ram(VERB,1);dcs:rata~ram(VERB,17);dcs:rate~ram(VERB,5)
ratikara	1	vidyut:ratikara~ratikarA(noun,3)
ratipriyA	1	vidyut:ratipriya~ratipriya(noun,2)
ratnaDA	1	vidyut:ratnaDA~ratnaDa(noun,1)
ratnottamA	1	vidyut:ratnottama~ratnottama(noun,2)
rava	1	dcs:ravA~ravA(NOUN,1)
rayi	1	vidyut:rayI~revi(noun,3)
rayida	1	vidyut:rayida~rayidA(noun,1)
rayizWa	1	vidyut:rayizWa~rayizWA(noun,1)
re	1	dcs:re~re(NOUN,1)
reBa	2	dcs:reBAH~reBa(ADJ,1);dcs:reBa~reBa(ADJ,1)
reRu	1	dcs:reRuH~ran(VERB,2)
recay	1	dcs:recita~recita(NOUN,1)
retin	1	vidyut:retinas~revi(noun,4)
revat	5	dcs:revatIH~revatI(NOUN,2);dcs:revatIr~revatI(NOUN,5);dcs:revata~revata(NOUN,1);dcs:revataH~revata(NOUN,2);dcs:revati~revatI(NOUN,3)
revatI	3	dcs:revatI~revat(ADJ,20);dcs:revatInAm~revat(ADJ,1);dcs:revatyaH~revat(ADJ,1)
ric	1	dcs:riktaH~rikta(NOUN,4)
ripu	6	dcs:ripave~ripu(ADJ,4);dcs:ripavo~ripu(ADJ,1);dcs:ripoH~ripu(ADJ,1);dcs:ripor~ripu(ADJ,1);dcs:ripum~ripu(ADJ,2)
riz	2	dcs:rizaH~riz(VERB,1);dcs:rizwam~rizwa(NOUN,2)
rizwa	1	dcs:rizwa~riz(VERB,2)
roDana	1	dcs:roDanA~roDana(ADJ,1)
roDas	1	dcs:roDas~roDa(NOUN,2)
roDasvatI	1	vidyut:roDasvatI~roDasvat(noun,4)
roDi	1	vidyut:rod~rodi(noun,7)
rocamAna	3	dcs:rocamAnAya~ruc(VERB,1);dcs:rocamAna~ruc(VERB,1);dcs:rocamAnasya~ruc(VERB,2)
rocanA	2	dcs:rocanA~rocana(NOUN,37);dcs:rocanAH~rocana(ADJ,2)
rocana	6	dcs:rocanAnAm~rocana(ADJ,1);dcs:rocanAt~rocanA(NOUN,1);dcs:rocana~rocana(NOUN,9);dcs:rocanaH~rocana(NOUN,5);dcs:rocanaM~rocana(NOUN,10)
rocay	1	dcs:rocayad~rocay(VERB,1)
rohiRI	4	dcs:rohiRI~rohita(ADJ,24);dcs:rohiRIm~rohita(ADJ,4);dcs:rohiRIzu~rohita(ADJ,2);dcs:rohiRyA~rohita(ADJ,4)
rohit	1	dcs:rohit~rohit(NOUN,2)
rohita	7	dcs:rohiRIH~rohiRI(NOUN,2);dcs:rohitA~rohita(NOUN,2);dcs:rohita~rohita(ADJ,19);dcs:rohitaH~rohita(NOUN,13);dcs:rohitam~rohit(NOUN,3)
romaSa	2	dcs:romaSA~romaSA(NOUN,4);dcs:romaSaM~romaSa(ADJ,1)
romaharzaRa	1	dcs:romaharzaRam~romaharzaRa(NOUN,5)
ropay	1	dcs:ropya~ropya(ADJ,1)
rorUya	1	vidyut:rorUyamARa~roru(noun,4)
ru	1	vidyut:rAvin~rAvi(noun,4)
ruDira	3	dcs:ruDira~ruDira(ADJ,2);dcs:ruDiraM~ruDira(ADJ,1);dcs:ruDiram~ruDira(ADJ,1)
ruSamA	1	vidyut:ruSama~ruSama(noun,2)
ruc	4	dcs:rocamAnaH~rocamAna(NOUN,6);dcs:rucaH~ruca(ADJ,1);dcs:ruce~ruc(VERB,7);dcs:rucitaM~rucita(NOUN,1)
rucira	3	dcs:rucirA~rucirA(NOUN,4);dcs:rucira~rucira(NOUN,1);dcs:ruciraM~rucira(NOUN,7)
rucya	1	dcs:rucyA~ruci(NOUN,8)
rud	5	dcs:ruda~ruda(NOUN,1);dcs:rudantIM~rudantI(NOUN,2);dcs:rudantyaH~rudantI(NOUN,1);dcs:rudatI~rudatI(NOUN,1);dcs:ruditena~rudita(NOUN,1)
rudantI	2	dcs:rudantI~rud(VERB,13);dcs:rudantyA~rud(VERB,1)
rudita	1	dcs:rudita~rud(VERB,4)
rudra	5	dcs:rudrA~rudra(ADJ,11);dcs:rudrAya~iti(PART,1);dcs:rudra~rudra(ADJ,4);dcs:rudraH~rudra(ADJ,1);dcs:rudro~etad(PRON,1)
rudriya	3	dcs:rudriyA~rudriya(NOUN,1);dcs:rudriyAya~rudriya(NOUN,1);dcs:rudriyam~rudriya(NOUN,1)
rugRa	1	dcs:rugRam~ruj(VERB,1)
ruh	3	dcs:ruhaH~ruha(ADJ,2);dcs:ruham~ruha(ADJ,1);dcs:ruho~ruha(ADJ,1)
ruha	1	dcs:ruha~ruh(VERB,1)
ruj	2	dcs:ruja~ruj(NOUN,1);dcs:rujam~rujA(NOUN,21)
rukma	1	dcs:rukmezu~rukmezu(NOUN,1)
rukmin	1	dcs:rukmI~rukmin(ADJ,1)
rumA	1	vidyut:ruma~ruma(noun,2)
ruru	1	dcs:ruroH~ru(VERB,1)
ruta	3	dcs:ruta~ru(VERB,1);dcs:rutam~ru(VERB,3);dcs:rutasya~ru(VERB,1)
ruz	3	dcs:ruzam~ruzA(NOUN,1);vidyut:ruzAm~ruzA(noun,2);vidyut:ruzAm~ray(noun,2)
sA	2	dcs:sAt~sAt(NOUN,1);dcs:zyA~tya(PRON,2)
sABra	1	vidyut:sABre~sABri(noun,2)
sADAraRa	1	dcs:sADAraRa~sADAraRa(NOUN,1)
sADaka	5	dcs:sADaka~sADaka(ADJ,11);dcs:sADakaH~sADaka(ADJ,37);dcs:sADakaM~sADaka(NOUN,5);dcs:sADakasya~sADaka(ADJ,1);dcs:sADake~sADaka(ADJ,3)
sADana	6	dcs:sADanAni~sADana(ADJ,1);dcs:sADana~sADana(ADJ,1);dcs:sADanaH~sADana(NOUN,19);dcs:sADanaM~sADana(ADJ,3);dcs:sADanam~sADana(ADJ,33)
sADay	5	dcs:sADya~sADya(NOUN,57);dcs:sADyaM~sADya(NOUN,4);dcs:sADyam~sADya(NOUN,3);dcs:sADyasya~sADya(NOUN,3);dcs:sADyatAm~asADyatA(NOUN,1)
sADi	1	vidyut:sADyamAna~sAD(noun,2)
sADu	20	dcs:sADUn~sADu(NOUN,10);dcs:sADUnAM~sADu(NOUN,24);dcs:sADUnAm~sADu(NOUN,7);dcs:sADavaH~sADu(NOUN,10);dcs:sADavo~sADu(NOUN,5)
sADudevI	1	vidyut:sADudevI~sADudevin(noun,1)
sADumat	1	vidyut:sADumatA~sADumata(noun,1)
sADya	5	dcs:sADyA~sADay(VERB,33);dcs:sADyAH~sADay(VERB,39);dcs:sADyAn~sADay(VERB,9);dcs:sADyAnAm~sADay(VERB,9);dcs:sADyena~sAD(VERB,2)
sAMKya	3	dcs:sAMKya~sAMKya(ADJ,2);dcs:sAMKye~sAMKya(ADJ,1);dcs:sAMKyena~sAMKya(ADJ,1)
sAMkftI	1	vidyut:sANkfti~sAMkfti(noun,3)
sAMpratam	2	dcs:sAMpratam~sAmprata(ADJ,4);dcs:sAmpratam~sAmprata(ADJ,2)
sAMtapana	1	dcs:sAMtapana~sAMtapana(ADJ,1)
sANguzWA	1	vidyut:sANguzWa~sANguzWa(noun,2)
sAdi	1	vidyut:sAditam~sad(noun,3)
sAdin	5	dcs:sAdI~sAdin(NOUN,1);dcs:sAdi~sad(VERB,2);dcs:sAdiBiH~sAdin(ADJ,4);dcs:sAdinAm~sAdin(ADJ,1);dcs:sAdinaH~sAdin(ADJ,3)
sAgarameKalA	1	vidyut:sAgarameKalA~sAgarameKala(noun,1)
sAhasa	2	dcs:sAhasa~sAhasa(ADJ,1);dcs:sAhasaM~sAhasa(ADJ,1)
sAhasika	1	dcs:sAhasika~sAhasika(NOUN,2)
sAhasra	3	dcs:sAhasrAH~sAhasra(NOUN,2);dcs:sAhasra~sAhasra(NOUN,24);dcs:sAhasre~sAhasra(NOUN,4)
sAhi	1	vidyut:sAhizImahi~sah(verb,1)
sAkzin	4	dcs:sAkzI~sAkzin(ADJ,32);dcs:sAkzi~sAkzin(ADJ,28);dcs:sAkziBiH~sAkzin(ADJ,2);dcs:sAkziRaH~sAkzin(ADJ,23)
sAla	1	dcs:sAlA~sAlA(NOUN,1)
sAmAnya	5	dcs:sAmAnyAt~sAmAnya(ADJ,5);dcs:sAmAnya~sAmAnya(NOUN,87);dcs:sAmAnyam~sAmAnya(NOUN,25);dcs:sAmAnye~sAmAnya(ADJ,11);dcs:sAmAnyena~sAmAnyena(ADV,16)
sAmAnyalakzaRA	1	vidyut:sAmAnyalakzaRe~sAmAnyalakzaRa(noun,9)
sAmAnyatas	2	dcs:sAmAnyatas~sAmAnya(NOUN,1);dcs:sAmAnyato~sAmAnya(NOUN,1)
sAmIpya	1	dcs:sAmIpyAt~sAmIpya(ADJ,1)
sAman	2	dcs:sAmA~sAma(ADJ,7);dcs:sAma~sAma(ADJ,9)
sAmi	1	vidyut:samayante~samay(verb,1)
sAmrAjya	3	dcs:sAmrAjyaM~sAmrAjya(ADJ,1);dcs:sAmrAjyasya~sAmrAjya(NOUN,1);dcs:sAmrAjyena~sAmrAjya(ADJ,1)
sAmudra	1	dcs:sAmudra~sAmudra(ADJ,7)
sAmudrika	1	vidyut:sAmudrika~sAmudrikA(noun,3)
sAmya	3	dcs:sAmya~sAmya(ADJ,1);dcs:sAmyaM~sAmya(ADJ,3);dcs:sAmyam~sAmya(ADJ,3)
sAnanda	1	vidyut:sAnanda~sAnandA(noun,3)
sAni	8	vidyut:sAnas~san(noun,26);vidyut:sAnas~so(noun,1);vidyut:sAnas~as(noun,1);vidyut:sAnas~sE(noun,1);vidyut:sAnena~san(noun,4)
sAntvay	1	dcs:sAntvayitA~sAntvayitf(ADJ,1)
sAnumant	1	dcs:sAnumAn~sAnumat(ADJ,4)
sApatna	1	dcs:sApatnaH~sApatna(NOUN,1)
sApi	1	vidyut:sApi~sap(noun,3)
sArDam	2	dcs:sArDaM~sArDa(ADJ,10);dcs:sArDam~sArDa(ADJ,1)
sArTa	2	dcs:sArTa~sArTa(ADJ,1);dcs:sArTaH~sArTa(ADJ,2)
sAra	4	dcs:sAra~sAra(ADJ,13);dcs:sAraM~sAra(ADJ,4);dcs:sAram~sAra(ADJ,1);dcs:sArataH~sAratas(ADV,1)
sAraGa	1	dcs:sAraGeRa~sAraGa(ADJ,2)
sAraNga	1	dcs:sAraNgam~sAraNga(NOUN,1)
sArasvata	4	dcs:sArasvata~sArasvata(NOUN,5);dcs:sArasvataH~sArasvata(ADJ,6);dcs:sArasvatam~sArasvata(NOUN,3);dcs:sArasvatasya~sArasvata(NOUN,4)
sArcis	1	vidyut:sArcis~sArci(noun,2)
sArikA	1	dcs:sArikA~sArika(ADJ,2)
sArika	1	dcs:sArikAH~sArikA(NOUN,3)
sArpa	1	dcs:sArpa~sArpa(NOUN,1)
sArvasenI	1	vidyut:sArvasenI~sArvaseni(noun,6)
sAsad	2	vidyut:sAsad~sAsadya(noun,21);vidyut:sAsad~sAsA(noun,10)
sAsah	1	vidyut:sAsahyAt~sAsahya(noun,6)
sAsahvas	1	vidyut:sAsahvas~sAsah(verb,3)
sAsahya	1	vidyut:sAsaha~sAsah(noun,12)
sAsi	1	vidyut:sAsi~sas(noun,3)
sAti	1	dcs:sAti~sAt(NOUN,1)
sAtmya	3	dcs:sAtmyAt~sAtmya(ADJ,1);dcs:sAtmya~sAtmya(ADJ,14);dcs:sAtmyam~sAtmya(ADJ,4)
sAttvika	3	dcs:sAttvikI~sAttvikI(NOUN,1);dcs:sAttvika~sAttvika(NOUN,1);dcs:sAttvikaH~sAttvika(NOUN,2)
sAtvatI	2	dcs:sAtvatI~sAtvata(ADJ,1);vidyut:sAtvatyA~sAtvat(noun,1)
sAtvata	3	dcs:sAtvata~sAtvata(ADJ,2);dcs:sAtvataM~sAtvata(ADJ,4);dcs:sAtvatam~sAtvata(ADJ,5)
sAvajYa	1	vidyut:sAvajYam~sAvajYam(ind,1)
sAvitrI	3	dcs:sAvitrI~sAvitra(ADJ,1);dcs:sAvitrIm~sAvitra(ADJ,4);dcs:sAvitryA~sAvitra(ADJ,3)
sAvitra	2	dcs:sAvitra~sAvitra(NOUN,6);dcs:sAvitreRa~sAvitra(ADJ,5)
sAyam	2	dcs:sAyaM~sAya(NOUN,41);dcs:sAyam~sAya(NOUN,23)
sImantinI	1	vidyut:sImantinIm~sImantin(noun,1)
sIra	1	dcs:sIrA~sIrA(NOUN,6)
sIv	1	dcs:syUta~syUta(NOUN,1)
sKal	1	dcs:sKalita~sKalita(NOUN,4)
sPAra	1	dcs:sPAra~sPAra(NOUN,12)
sPAwika	2	dcs:sPAwika~sPAwika(NOUN,9);dcs:sPAwikaM~sPAwika(NOUN,1)
sPUrj	1	vidyut:sPUrjati~sPUrj(verb,1)
sPic	1	dcs:sPic~sPic(ADV,5)
sPowi	1	vidyut:sPowya~sPuw(noun,6)
sPur	3	dcs:sPurati~sPurati(NOUN,2);dcs:sPurita~sPurita(NOUN,1);vidyut:sPuratAm~sPur(verb,1)
sTA	9	dcs:atizWaH~atizWA(ADJ,2);dcs:sTAtA~sTAtf(ADJ,4);dcs:sTitA~sTitA(NOUN,1);dcs:sTitam~sTita(NOUN,2);dcs:sTite~sTita(NOUN,1)
sTARu	3	dcs:sTARu~sTARu(ADJ,14);dcs:sTARuH~sTARu(ADJ,1);dcs:sTARum~sTARu(ADJ,1)
sTAna	1	dcs:sTAne~sTAne(ADV,45)
sTApanA	1	dcs:sTApanA~sTApana(ADJ,2)
sTApay	1	dcs:sTApitA~sTApitf(ADJ,1)
sTAtf	1	dcs:sTAtar~sTAtf(NOUN,3)
sTAvara	3	dcs:sTAvarARi~sTAvara(NOUN,2);dcs:sTAvara~sTAvara(NOUN,8);dcs:sTAvarezu~sTAvara(NOUN,2)
sTUlAkzA	1	vidyut:sTUlAkza~sTUlAkza(noun,2)
sTUla	4	dcs:sTUlA~sTUlA(NOUN,4);dcs:sTUlAH~sTUlA(NOUN,1);dcs:sTUla~sTUla(NOUN,3);dcs:sTUlaH~sTUla(NOUN,2)
sTUri	1	dcs:sTUri~sTUri(NOUN,1)
sTa	5	dcs:sTA~sTA(NOUN,14);dcs:sTAm~sTA(VERB,3);dcs:sTAni~asTa(NOUN,2);dcs:sTAya~sTA(VERB,1);dcs:sTaH~as(VERB,66)
sTalajA	1	vidyut:sTalaja~sTalaja(noun,2)
sTavira	5	dcs:sTavirA~sTavirA(NOUN,2);dcs:sTavirAn~sTavira(NOUN,1);dcs:sTavira~sTavira(NOUN,8);dcs:sTaviraH~sTavira(NOUN,1);vidyut:sTavirayA~sTavirA(noun,2)
sTira	8	dcs:sTirA~sTirA(NOUN,39);dcs:sTirAH~sTirA(NOUN,2);dcs:sTirAm~sTirA(NOUN,4);dcs:sTira~sTira(NOUN,1);dcs:sTiraH~sTira(NOUN,5)
sU	5	dcs:suvati~suvati(NOUN,1);dcs:suzAva~su(VERB,5);vidyut:asozwa~su(verb,1);vidyut:sUyamAna~su(noun,6);vidyut:sUyante~su(verb,3)
sUcaka	1	dcs:sUcaka~sUcaka(NOUN,1)
sUci	2	vidyut:sUcinA~sUcin(noun,2);vidyut:sUcinA~sUcI(noun,1)
sUdi	1	vidyut:sUdita~sUd(noun,2)
sUkzma	7	dcs:sUkzmA~sUkzmA(NOUN,15);dcs:sUkzmAM~sUkzmA(NOUN,2);dcs:sUkzma~sUkzma(NOUN,1);dcs:sUkzmaH~sUkzma(NOUN,6);dcs:sUkzmam~sUkzma(NOUN,1)
sUnftA	3	dcs:sUnftA~sUnfta(ADJ,10);dcs:sUnftAH~sUnfta(ADJ,2);dcs:sUnftayA~sUnfta(ADJ,2)
sUnfta	2	dcs:sUnftAm~sUnftA(NOUN,1);dcs:sUnfta~sUnfta(NOUN,1)
sUra	2	dcs:sUraH~svar(NOUN,7);dcs:sUre~svar(NOUN,2)
sUrya	1	dcs:sUryA~sUryA(NOUN,23)
sUryajA	1	vidyut:sUryaja~sUryaja(noun,2)
sUryatvac	1	vidyut:sUryatvacA~sUryatvaca(noun,1)
sUryatvaca	1	vidyut:sUryatvacam~sUryatvac(noun,2)
sUta	6	dcs:sUtAH~sU(VERB,1);dcs:sUtAya~sU(VERB,2);dcs:sUta~sU(VERB,20);dcs:sUtaH~sU(VERB,3);dcs:sUtam~sU(VERB,1)
sUtrin	1	dcs:sUtrI~sUtrI(NOUN,2)
saBAgatA	3	vidyut:saBAgatA~saBAgata(noun,1);vidyut:saBAgatAm~saBAgata(noun,1);vidyut:saBAgata~saBAgata(noun,2)
saBAsad	1	vidyut:saBAsadas~saBAsada(noun,1)
saBa	1	dcs:saBa~saBA(NOUN,1)
saBya	3	dcs:saByAnAM~saBya(ADJ,1);dcs:saBya~saBya(ADJ,4);dcs:saByaH~asaBya(ADJ,2)
saDamAd	2	dcs:saDamAda~saDamAda(NOUN,3);dcs:saDamAdaH~saDamAda(NOUN,1)
saDamAda	1	dcs:saDamAdam~saDamAd(ADJ,2)
saDasTa	1	dcs:saDasTe~saDasTa(ADJ,1)
saKI	3	dcs:saKInAM~saKi(NOUN,4);dcs:saKInAm~saKi(NOUN,7);dcs:saKyA~saKi(NOUN,31)
saMBAvi	5	vidyut:samBAvayati~saMBAvi(verb,2);vidyut:samBAvitA~saMBU(verb,1);vidyut:samBAvitA~samas(verb,1);vidyut:samBAvitA~samBAvita(noun,1);vidyut:samBAvitA~saMBAvi(noun,2)
saMBAz	3	vidyut:saMBAza~saMBAzi(noun,8);vidyut:saMBAzyamARa~saMBAzi(noun,2);vidyut:samBAzyamARa~saMBAzi(noun,2)
saMBU	9	vidyut:saMBUta~samas(noun,2);vidyut:saMBUtam~samas(noun,3);vidyut:saMBavAm~samas(noun,3);vidyut:saMBavanti~saMBU(verb,1);vidyut:saMBavas~samas(noun,3)
saMBf	2	vidyut:samBaranti~saMBf(verb,1);vidyut:samBftya~saMBf(ind,2)
saMBoji	1	vidyut:saMBojAni~saMBuj(noun,3)
saMBuj	1	vidyut:samBuYjate~saMBuj(verb,1)
saMDA	12	dcs:saMhita~saMhita(ADJ,1);dcs:saMhitam~saMhita(NOUN,3);dcs:saMhite~saMhita(NOUN,1);vidyut:sanDA~saMDa(noun,1);vidyut:sanDA~saMDUni(noun,6)
saMDAri	1	vidyut:sanDArayate~saMDAri(verb,2)
saMDAtf	1	dcs:saMDAtA~saMDAtf(NOUN,1)
saMDf	1	vidyut:samaDfta~samaDfta(noun,2)
saMDyA	2	dcs:saMDye~saMDya(ADJ,1);vidyut:sanDya~saMDya(noun,2)
saMKyA	6	dcs:saMKyA~saMKya(ADJ,1);dcs:saMKyAtA~saMKyAtf(ADJ,1);dcs:saMKyAta~saMKyAta(NOUN,1);dcs:saNKyA~asaMKya(ADJ,2);vidyut:saNKyAsyAmi~saMcakz(verb,1)
saMKyAta	3	vidyut:saNKyAta~saMKyAtA(noun,3);vidyut:saNKyAta~saMKyA(verb,1);vidyut:saNKyAta~saMKyA(noun,2)
saMKya	1	dcs:saMKya~saMKya(NOUN,2)
saMSI	2	dcs:saMSayitaH~saMSayita(ADJ,1);dcs:saMSayite~saMSayita(ADJ,1)
saMSam	1	dcs:saMSAmya~saMSAmay(VERB,7)
saMSamana	1	dcs:saMSamanam~saMSamana(NOUN,4)
saMSaya	2	dcs:saMSayaH~ja(ADJ,1);dcs:saMSayaM~asaMSaya(ADJ,1)
saMSita	1	dcs:saMSita~saMSA(VERB,3)
saMSo	1	vidyut:saMSA~saMSAyi(noun,12)
saMSrava	1	dcs:saMSravam~saMSrava(NOUN,1)
saMSraya	2	dcs:saMSraya~saMSri(VERB,1);dcs:saMSraye~saMSri(VERB,1)
saMSri	1	dcs:saMSrita~saMSrita(NOUN,1)
saMbAD	1	vidyut:saMbADA~saMbADi(noun,7)
saMbanD	3	vidyut:saMbanDaka~saMbanDi(noun,4);vidyut:saMbanDin~saMbanDi(noun,2);vidyut:sambanDin~saMbanDi(noun,2)
saMboDi	3	vidyut:samboDitA~saMbuD(noun,4);vidyut:samboDitA~saMbuD(verb,4);vidyut:samboDitA~saMboDi(noun,3)
saMbuD	1	vidyut:saMboDana~saMboDi(noun,6)
saMcAli	1	vidyut:saYcAlitA~saMcAli(noun,1)
saMcAriRI	3	vidyut:saYcAriRI~saMcArin(noun,4);vidyut:saYcAriRI~saMcar(noun,4);vidyut:saYcAriRI~saMcAri(noun,4)
saMcArin	1	dcs:saMcAriRI~saMcAriRI(NOUN,1)
saMcal	1	vidyut:saYcalita~saMcAli(noun,2)
saMcar	5	vidyut:saYcaranti~saMcar(verb,1);vidyut:saYcarate~saMcar(verb,1);vidyut:saYcarati~saMcar(verb,1);vidyut:saYcarizyanti~saMcar(verb,1);vidyut:saYcarizyati~saMcar(verb,1)
saMcara	1	dcs:saMcara~saMcar(VERB,1)
saMcareRya	1	dcs:saMcareRyam~saMcar(VERB,1)
saMcft	1	vidyut:saMcfta~saMcft(verb,1)
saMdA	2	vidyut:saMdA~saMdo(noun,9);vidyut:saMdAtf~saMdo(noun,6)
saMdIpi	1	vidyut:sandIpayati~saMdIpi(verb,1)
saMdfS	4	dcs:saMdfSaH~saMdfSa(ADJ,3);dcs:saMdfSe~saMdfS(NOUN,2);vidyut:sampaSya~saMdfS(verb,1);vidyut:sandfSya~saMdfS(ind,1)
saMdiS	2	vidyut:saMdeSya~saMdeSi(noun,2);vidyut:saMdeSya~saMdeSi(ind,1)
saMdih	3	dcs:saMdigDa~saMdigDa(ADJ,6);vidyut:saMdehya~saMdehi(noun,2);vidyut:saMdehya~saMdehi(ind,1)
saMgAmi	3	vidyut:saNgamanI~saMgam(noun,1);vidyut:saNgamya~saMgam(noun,2);vidyut:saNgamya~saMgam(ind,1)
saMgIta	1	dcs:saMgIta~saMgA(VERB,1)
saMga	1	dcs:saMge~saNga(NOUN,2)
saMgam	6	dcs:saMgatA~asaMgata(ADJ,1);dcs:saMgatAni~saMgata(NOUN,4);dcs:saMgata~saMgata(ADJ,1);dcs:saMgataH~asaMgata(ADJ,1);dcs:saMgatam~saMgata(NOUN,12)
saMgamana	2	dcs:saMgamanaH~saMgamana(NOUN,1);dcs:saMgamanaM~saMgamana(NOUN,2)
saMgata	5	vidyut:saNgatAn~saMgam(noun,1);vidyut:saNgatAni~saMgam(noun,3);vidyut:saNgata~saMgam(noun,2);vidyut:saNgatam~saMgam(noun,5);vidyut:saNgatezu~saMgam(noun,2)
saMgir	1	dcs:saMgiraH~saMgira(ADJ,1)
saMgrahaRa	2	dcs:saMgrahaRa~saMgrahaRa(ADJ,1);vidyut:saNgrahaRe~saMgrah(noun,5)
saMhan	2	dcs:saMhatAH~saMhata(ADJ,1);dcs:saMhatAn~saMhata(ADJ,1)
saMhanana	3	dcs:saMhananaH~saMhanana(ADJ,1);dcs:saMhananam~saMhanana(ADJ,1);dcs:saMhanane~saMhanana(NOUN,1)
saMhitA	2	dcs:saMhitA~saMDA(VERB,24);dcs:saMhitAm~saMDA(VERB,10)
saMhitezu	3	vidyut:saMhitezu~saMhita(noun,2);vidyut:saMhitezu~saMhi(noun,2);vidyut:saMhitezu~saMDA(noun,2)
saMjAni	1	vidyut:saYjanayanti~saMjAni(verb,1)
saMjIv	5	vidyut:saYjIvatAm~saMjIv(verb,1);vidyut:saYjIvita~saMjIvi(noun,2);vidyut:saYjIvya~saMjIvi(noun,2);vidyut:saYjIvya~saMjIv(ind,1);vidyut:saYjIvya~saMjIvi(ind,1)
saMjIvanI	2	vidyut:saYjIvanI~saMjIv(noun,1);vidyut:saYjIvanI~saMjIvi(noun,1)
saMjIvana	2	vidyut:saYjIvana~saMjIv(noun,2);vidyut:saYjIvana~saMjIvi(noun,2)
saMjIvi	1	vidyut:saYjIvayati~saMjIvi(verb,1)
saMjYA	5	vidyut:saYjYAm~saMjYa(noun,1);vidyut:saYjYa~saMjYa(noun,2);vidyut:saYjYayA~saMjYa(noun,1);vidyut:saYjajYe~saMjan(verb,4);vidyut:saYjajYire~saMjan(verb,2)
saMjYApi	1	vidyut:saYjYApya~saMjYApi(ind,1)
saMjalp	2	vidyut:saYjalpanAt~saMjalpi(noun,2);vidyut:saYjalpatAm~saMjalp(verb,1)
saMjan	3	vidyut:saYjanitA~saMjan(verb,2);vidyut:saYjanitA~saMjAni(verb,1);vidyut:saYjanitA~saMjAni(noun,1)
saMjaya	1	dcs:saMjaya~saMji(VERB,1)
saMkF	1	vidyut:saYcakAra~saMskf(verb,2)
saMkIrRA	2	vidyut:saNkIrRA~saMkIrRa(noun,2);vidyut:saNkIrRA~saMkF(noun,1)
saMkIrRa	2	vidyut:saNkIrRa~saMkIrRA(noun,3);vidyut:saNkIrRa~saMkF(noun,2)
saMkalpi	1	vidyut:saMkalpAnAm~saMkfp(noun,9)
saMkawa	2	dcs:saMkawa~saMkawa(ADJ,3);vidyut:saNkawa~saMkawA(noun,3)
saMkf	1	dcs:saMkIrRa~saMkIrRa(ADJ,1)
saMkfp	4	vidyut:saMkalpaka~saMkalpi(noun,4);vidyut:saNkalpaka~saMkalpi(noun,4);vidyut:saNkalpya~saMkalpi(noun,2);vidyut:saNkalpya~saMkalpi(ind,1)
saMkfz	1	vidyut:saNkfzya~saMkfz(ind,2)
saMkoci	1	vidyut:saNkocayati~saMkoci(verb,1)
saMkrAntA	3	vidyut:saNkrAnta~saMkram(noun,2);vidyut:saNkrAnte~saMkrAnti(noun,2);vidyut:saNkrAnte~saMkram(noun,13)
saMkrandana	1	dcs:saMkrandanaH~saMkrandana(NOUN,1)
saMkuc	4	vidyut:saMkocinI~saMkoci(noun,4);vidyut:saNkocya~saMkoci(noun,2);vidyut:saNkocya~saMkoci(ind,1);vidyut:saNkucitA~saMkuc(verb,2)
saMkula	4	dcs:saMkula~saMkula(NOUN,2);vidyut:saNkula~saMkul(noun,2);vidyut:saNkulam~saMkul(noun,5);vidyut:saNkule~saMkul(noun,12)
saMkzip	6	dcs:saMkzipta~saMkzipta(NOUN,2);dcs:saMkziptaH~saMkzipta(NOUN,1);vidyut:saNkzepsyate~saMkzip(verb,3);vidyut:saNkzipate~saMkzip(verb,1);vidyut:saNkzipya~saMkzip(verb,1)
saMmA	6	vidyut:saMmAtA~saMmA(verb,4);vidyut:saMmAtA~saMmi(noun,2);vidyut:saMmAtA~saMmi(verb,2);vidyut:sammAya~saMmi(noun,6);vidyut:sammAya~saMmA(ind,2)
saMmAni	1	vidyut:sammAnitA~saMmAni(noun,1)
saMman	2	vidyut:sammAnya~saMmAni(noun,2);vidyut:sammAnya~saMmAni(ind,1)
saMmantr	3	vidyut:sammantrya~saMmantr(ind,2);vidyut:sammantrya~saMmantri(noun,2);vidyut:sammantrya~saMmantri(ind,2)
saMmfj	4	vidyut:saMmArjanI~saMmArji(noun,1);vidyut:sammfjya~saMmfj(ind,1);vidyut:sammfzwa~saMmfS(noun,2);vidyut:sammfzwa~saMmfj(verb,1)
saMnAmi	2	vidyut:saMnama~saMnam(noun,6);vidyut:saMnama~saMnam(verb,1)
saMnI	3	vidyut:saMnaya~saMnI(verb,1);vidyut:saMnyas~saMnyas(noun,7);vidyut:sannyas~saMnyas(noun,7)
saMnah	4	vidyut:sannadDA~saMnah(verb,2);vidyut:sannahya~saMnah(verb,1);vidyut:sannahyatAm~saMnah(noun,2);vidyut:sannahyate~saMnah(verb,2)
saMnam	1	vidyut:saMnamatAm~saMnam(verb,1)
saMnati	1	vidyut:sannatim~saMnam(noun,2)
saMniDA	1	dcs:saMnihita~saMnihita(ADJ,5)
saMnikfzwa	1	dcs:saMnikfzwe~saMnikfz(VERB,4)
saMnivarti	1	vidyut:sannivartya~saMnivarti(ind,1)
saMniviS	2	vidyut:sanniveSya~saMniveSi(noun,2);vidyut:sanniveSya~saMniveSi(ind,1)
saMniyuj	1	vidyut:sanniyokzyate~saMniyuj(verb,2)
saMnyas	3	vidyut:saMnyAsin~saMnyAsi(noun,2);vidyut:saMnyAsinAm~saMnyAsi(noun,2);vidyut:sannyasya~saMnyas(verb,1)
saMpAdi	2	vidyut:saMpAdayati~saMpAdi(verb,1);vidyut:saMpAdi~saMpad(noun,3)
saMpAti	2	vidyut:saMpAti~saMpAyi(noun,6);vidyut:saMpAti~saMpat(noun,3)
saMpAyi	2	vidyut:saMpAya~saMpA(noun,6);vidyut:saMpAya~saMpA(ind,1)
saMpIqi	1	vidyut:sampIqya~saMpIqi(ind,2)
saMpad	1	vidyut:saMpAdinI~saMpAdi(noun,4)
saMparikram	2	vidyut:saMparikramya~saMparikrAmi(noun,2);vidyut:saMparikramya~saMparikram(ind,1)
saMparivarti	1	vidyut:samparivartya~saMparivarti(ind,1)
saMpat	3	vidyut:saMpAtin~saMpAti(noun,2);vidyut:sampAtin~saMpAti(noun,2);vidyut:sampatanti~saMpat(verb,1)
saMpiz	1	vidyut:saMpiMzanti~saMpiz(verb,1)
saMpraAkruS	1	vidyut:samprAkroSan~saMpraAkruS(verb,1)
saMpraAp	8	vidyut:saMprAp~saMpraApi(noun,7);vidyut:saMprApnuvanti~saMpraAp(verb,1);vidyut:saMprAptA~saMpraAp(verb,2);vidyut:saMprApte~saMpraApi(noun,4);vidyut:saMprApya~saMpraApi(noun,2)
saMpraApi	1	vidyut:saMprApyate~saMpraAp(verb,1)
saMpraDf	2	vidyut:saMpraDArya~saMpraDAri(noun,2);vidyut:saMpraDArya~saMpraDAri(ind,1)
saMpraIkz	3	vidyut:saMprekzya~saMpraIkzi(noun,2);vidyut:saMprekzya~saMpraIkz(ind,1);vidyut:saMprekzya~saMpraIkzi(ind,1)
saMpraRaS	2	vidyut:sampraRaSyanti~saMpraRaS(verb,1);vidyut:sampraRaSyati~saMpraRaS(verb,1)
saMpradA	3	vidyut:saMpradAsyati~saMpradA(verb,2);vidyut:saMprayacCanti~saMpradA(verb,1);vidyut:saMprayacCati~saMpradA(verb,1)
saMpradfS	1	vidyut:saMpradfSya~saMpradfS(ind,1)
saMprahAri	1	vidyut:saMprahAra~saMprahf(noun,2)
saMprahf	1	vidyut:saMpraharizyati~saMprahf(verb,1)
saMprai	1	vidyut:saMprAyAt~saMprayA(verb,1)
saMpraiz	2	vidyut:samprezita~saMprezi(noun,2);vidyut:samprezyamARa~saMprezi(noun,2)
saMpramozi	1	vidyut:saMpramoza~saMpramuz(noun,6)
saMprasAdi	1	vidyut:saMprasAda~saMprasad(noun,4)
saMprasf	1	vidyut:sampraDAvatsu~saMpraDAv(noun,2)
saMpratiSru	2	vidyut:sampratiSrAvya~saMpratiSrAvi(noun,2);vidyut:sampratiSrAvya~saMpratiSrAvi(ind,1)
saMpratii	1	vidyut:sampratIta~saMpratii(verb,1)
saMpratyAyi	1	vidyut:saMpratyAyaka~saMpratii(noun,2)
saMprayA	2	vidyut:saMprayAta~saMprayA(verb,1);vidyut:samprayAta~saMprayA(verb,1)
saMprayoji	1	vidyut:samprayojitA~saMprayoji(noun,1)
saMprayuj	2	vidyut:samprayojya~saMprayoji(noun,2);vidyut:samprayojya~saMprayoji(ind,1)
saMprezay	1	dcs:saMprezita~saMprez(VERB,1)
saMraB	7	dcs:saMrabDA~saMrabDa(ADJ,1);dcs:saMrabDa~saMrabDa(ADJ,1);dcs:saMrabDaH~saMrabDa(ADJ,3);dcs:saMrabDaM~saMrabDa(ADJ,6);dcs:saMrabDam~saMrabDa(ADJ,6)
saMrakz	1	vidyut:saMrakzaRIya~saMrakzi(noun,2)
saMruD	2	vidyut:saMroDya~saMroDi(noun,2);vidyut:saMroDya~saMroDi(ind,2)
saMruh	1	dcs:saMrUQa~saMrUQa(ADJ,1)
saMsTA	2	dcs:saMsTA~saMsTa(ADJ,15);dcs:saMsTAH~saMsTa(ADJ,19)
saMsTa	3	dcs:saMsTa~saMsTa(NOUN,1);dcs:saMsTaH~saMsTA(NOUN,8);dcs:saMsTe~saMsTA(NOUN,4)
saMsam	1	vidyut:saMsamaka~saMsamya(noun,8)
saMsf	1	vidyut:saMsara~saMsf(verb,1)
saMsfj	1	dcs:saMsfzwam~saMsfzwa(NOUN,1)
saMsfp	1	vidyut:saMsarpati~saMsfp(verb,1)
saMskf	5	dcs:saMskfta~saMskfta(NOUN,5);dcs:saMskftaM~saMskfta(NOUN,10);dcs:saMskftam~saMskfta(NOUN,3);dcs:saMskfte~saMskfta(NOUN,1);dcs:saMskftena~saMskfta(NOUN,2)
saMsmf	1	dcs:saMsmara~saMsmara(ADJ,1)
saMsrAvi	1	vidyut:saMsrA~sAsrA(noun,3)
saMstamB	2	vidyut:saMstamBanIya~saMstamBi(noun,2);vidyut:saMstamBinI~saMstamBi(noun,4)
saMstamBi	1	vidyut:saMstamBayitA~saMstamBi(noun,1)
saMtAnikA	1	vidyut:santAnikA~saMtAnika(noun,3)
saMtApana	1	vidyut:santApana~saMtApi(noun,2)
saMtApi	2	vidyut:santApayanti~saMtApi(verb,1);vidyut:santApayati~saMtApi(verb,1)
saMtF	2	vidyut:santara~saMtF(verb,1);vidyut:santarati~saMtF(verb,1)
saMtam	2	vidyut:santAmyati~saMtam(verb,1);vidyut:santama~saMtAmi(noun,8)
saMtan	1	dcs:saMtatA~saMtata(ADJ,3)
saMtani	1	dcs:saMtani~saMtani(NOUN,2)
saMtap	3	vidyut:santApinI~saMtApi(noun,4);vidyut:santapa~saMtap(verb,1);vidyut:santapsyati~saMtap(verb,1)
saMtarj	5	vidyut:saMtarjita~saMtarji(noun,2);vidyut:saMtarjya~saMtarji(noun,2);vidyut:saMtarjya~saMtarj(ind,1);vidyut:saMtarjya~saMtarji(ind,1);vidyut:santarjyamAna~saMtarji(noun,2)
saMtarjana	2	vidyut:santarjana~saMtarj(noun,2);vidyut:santarjana~saMtarji(noun,2)
saMtarpi	2	vidyut:santarpayizyati~saMtarpi(verb,2);vidyut:santarpya~saMtarpi(ind,2)
saMtata	1	dcs:saMtata~saMtan(VERB,15)
saMtati	1	vidyut:santatim~saMtan(noun,2)
saMtud	1	vidyut:saMtodin~saMtodi(noun,2)
saMtuz	5	dcs:saMtuzwo~saMtuzwa(NOUN,1);vidyut:santozin~saMtozi(noun,2);vidyut:santozya~saMtozi(noun,2);vidyut:santozya~saMtozi(ind,1);vidyut:santuzya~saMtuz(verb,1)
saMtvar	1	vidyut:santvarita~saMtvAri(noun,2)
saMtyaj	3	vidyut:santyaja~saMtyaj(verb,1);vidyut:santyajanti~saMtyaj(verb,1);vidyut:santyajati~saMtyaj(verb,1)
saMtyajya	1	vidyut:santyajya~saMtyaj(ind,1)
saMvAhinI	2	vidyut:saMvAhinI~saMvah(noun,4);vidyut:saMvAhinI~saMvAhi(noun,4)
saMvad	1	dcs:samudite~samudi(VERB,3)
saMvah	1	dcs:samUQam~samUh(VERB,4)
saMvanana	1	dcs:saMvananam~saMvanana(ADJ,2)
saMvant	1	dcs:saMvad~saMvat(NOUN,1)
saMvaraRa	1	vidyut:saMvaraRAni~saMvf(noun,3)
saMvartaka	1	dcs:saMvartaka~saMvartaka(ADJ,1)
saMvedi	1	vidyut:saMvedayate~saMvedi(verb,1)
saMvf	6	dcs:saMvftaH~saMvfta(NOUN,1);dcs:saMvftaM~asaMvfta(ADJ,1);dcs:saMvftam~saMvft(ADJ,1);dcs:saMvfte~saMvfta(NOUN,1);vidyut:saMvft~saMvfD(noun,7)
saMviDA	4	vidyut:saMviDA~saMviD(noun,3);vidyut:saMviDA~saMvyaD(noun,3);vidyut:saMviDAm~saMviD(noun,3);vidyut:saMviDAm~saMvyaD(noun,3)
saMvid	1	vidyut:saMvedanIya~saMvedi(noun,2)
saMvraj	1	vidyut:saMvrajati~saMvraj(verb,1)
saMvye	1	dcs:saMvItA~saMvIta(NOUN,1)
saMyA	1	dcs:saMyAti~saMyAti(NOUN,1)
saMyam	3	dcs:saMyata~saMyat(NOUN,2);dcs:saMyataH~saMyat(ADJ,4);dcs:saMyatam~saMyat(ADJ,4)
saMyama	1	dcs:saMyamaH~saMyam(VERB,2)
saMyamanI	1	dcs:saMyamanI~saMyamana(ADJ,1)
saMyamana	1	dcs:saMyamanena~saMyamana(NOUN,1)
saMyamin	1	dcs:saMyamI~saMyamin(NOUN,1)
saMyat	4	dcs:saMyati~sami(VERB,1);vidyut:saMyatAm~saMyata(noun,1);vidyut:saMyatAm~sami(noun,2);vidyut:samayAti~saMyAti(verb,1)
saMyuj	2	dcs:saMyuktA~saMyuktA(NOUN,1);dcs:saMyukta~saMyukta(NOUN,1)
saMyuta	1	dcs:saMyutaH~saMyu(VERB,5)
saNga	1	dcs:saNga~asaNga(ADJ,2)
saPena	1	dcs:saPena~saPa(NOUN,1)
saSabda	1	vidyut:saSabdam~saSabdam(ind,1)
saYj	1	dcs:sakta~sakta(ADJ,1)
sabAD	2	dcs:sabADa~sabADas(ADJ,2);dcs:sabADaH~sabADas(ADJ,2)
sabala	2	dcs:sabalaH~sabala(NOUN,1);dcs:sabalasya~sabala(NOUN,1)
sac	2	dcs:saScato~saScant(NOUN,1);vidyut:sAcya~sAci(noun,4)
sad	3	dcs:sIdat~sad(VERB,6);dcs:sad~as(VERB,92);dcs:sannaM~sanna(ADJ,1)
sadA	1	dcs:sadA~sadas(NOUN,2)
sadAgati	1	dcs:sadAgati~sadAgati(NOUN,1)
sadAnvA	1	vidyut:sadAnva~sadAnva(noun,2)
sadam	1	dcs:sadam~sad(ADJ,23)
sadana	1	dcs:sadane~sadana(ADJ,1)
sadas	3	dcs:sadaH~sad(ADJ,31);dcs:sadasi~sad(VERB,1);dcs:sado~sad(VERB,2)
sadasant	1	dcs:sadasat~sadasat(ADJ,5)
sadvftta	1	vidyut:sadvftte~sadvftti(noun,2)
sadvidyA	1	vidyut:sadvidyA~sadvidya(noun,1)
sadyas	2	dcs:sadya~sadya(NOUN,10);dcs:sadyo~sadya(NOUN,4)
sagadgada	1	vidyut:sagadgadam~sagadgadam(ind,1)
sagara	2	dcs:sagaraH~sagara(ADJ,1);dcs:sagareRa~sagara(ADJ,1)
sagotra	1	dcs:sagotra~sagotra(NOUN,1)
sah	5	dcs:sahamAnA~sahamAnA(NOUN,1);dcs:sahamAnAm~sahamAnA(NOUN,1);dcs:sahasva~sahasvat(ADJ,2);dcs:sahe~sahA(NOUN,5);dcs:sahya~sahya(NOUN,26)
sahA	1	dcs:sahA~saha(ADJ,17)
sahAva	1	dcs:sahAvAn~sahAvat(ADJ,1)
sahAvan	1	vidyut:sahAvan~sahAvat(noun,1)
sahAya	3	dcs:sahAya~saha(ADJ,2);dcs:sahAyena~asahAya(ADJ,2);dcs:sahAyo~asahAya(ADJ,4)
saha	2	dcs:saha~sahas(NOUN,33);dcs:sahaH~sahas(NOUN,75)
sahaDarmacAriRI	2	vidyut:sahaDarmacAriRI~sahaDarmacArin(noun,4);vidyut:sahaDarmacAriRIm~sahaDarmacArin(noun,1)
sahacArin	1	dcs:sahacAriRaH~sahacArin(NOUN,1)
sahacara	1	dcs:sahacara~sahacara(ADJ,2)
sahaja	3	dcs:sahajA~sahajA(NOUN,3);dcs:sahaja~sahaja(NOUN,5);dcs:sahajaH~sahaja(NOUN,1)
sahas	5	dcs:sahasA~sahasA(ADV,526);dcs:sahasa~sah(VERB,1);dcs:sahasaH~sahas(ADJ,1);dcs:sahase~sah(VERB,3);dcs:saho~sah(VERB,1)
sahasra	1	dcs:sahasrA~sahasrA(NOUN,1)
sahasraBuja	1	vidyut:sahasraBuja~sahasraBujA(noun,3)
sahasraDArA	2	vidyut:sahasraDArA~sahasraDAra(noun,2);vidyut:sahasraDArAm~sahasraDAra(noun,2)
sahasraDAra	2	vidyut:sahasraDAra~sahasraDArA(noun,3);vidyut:sahasraDAre~sahasraDArA(noun,14)
sahasraSIrza	2	vidyut:sahasraSIrza~sahasraSIrzA(noun,3);vidyut:sahasraSIrza~sahasraSIrzan(noun,3)
sahasradA	1	vidyut:sahasradA~sahasrada(noun,2)
sahasrada	1	vidyut:sahasrada~sahasradA(noun,1)
sahasrakARqA	1	vidyut:sahasrakARqa~sahasrakARqa(noun,2)
sahasrapoza	1	vidyut:sahasrapoza~sahasrapozA(noun,3)
sahasrasaMKyA	2	vidyut:sahasrasaNKyA~sahasrasaMKya(noun,1);vidyut:sahasrasaNKya~sahasrasaMKya(noun,2)
sahasravIryA	1	vidyut:sahasravIrya~sahasravIrya(noun,2)
sahasrin	2	dcs:sahasrI~sahasrin(NOUN,1);dcs:sahasriRaH~sahasrin(NOUN,1)
sahasvat	1	dcs:sahasvAn~sahasvant(NOUN,2)
sahasya	1	dcs:sahasya~saha(NOUN,3)
sahita	3	dcs:sahitaH~sahita(NOUN,2);dcs:sahitaM~sahita(NOUN,1);dcs:sahitam~sahita(NOUN,2)
sahizRu	1	dcs:sahizRuH~sahizRu(ADJ,6)
sajAta	6	dcs:sajAtA~sajAta(ADJ,2);dcs:sajAtAH~sajAta(ADJ,2);dcs:sajAtAn~sajAta(ADJ,3);dcs:sajAtAnAm~sajAta(ADJ,3);dcs:sajAta~sajAta(ADJ,7)
sajj	3	vidyut:sajjanti~sajj(verb,1);vidyut:sajjati~sajj(verb,1);vidyut:sajjyantAm~sajji(verb,1)
sajoza	1	dcs:sajozAs~sajozas(ADJ,1)
sajyotis	1	vidyut:sajyotis~sajyotis(ind,1)
sakASa	1	dcs:sakASAt~sakASAt(ADV,39)
sakala	3	dcs:sakalA~sakala(NOUN,1);dcs:sakala~sakala(NOUN,5);dcs:sakalaM~sakala(NOUN,1)
salila	2	dcs:salila~salila(ADJ,2);dcs:salilaH~salila(NOUN,5)
sam	3	dcs:saM~saM(ADV,15);dcs:sami~sami(NOUN,1);vidyut:samyA~sAmi(noun,2)
samADA	3	dcs:samAhitaM~samAhita(ADJ,5);dcs:samAhitam~samAhita(ADJ,15);dcs:samAhite~samAhita(ADJ,5)
samAavai	1	vidyut:samAveta~samAavai(verb,1)
samAdA	1	vidyut:samAdA~samAdi(noun,7)
samAgama	1	dcs:samAgamaH~samAgam(VERB,1)
samAhita	7	dcs:samAhitA~samADA(VERB,10);dcs:samAhitAH~samADA(VERB,23);dcs:samAhitAn~samADA(VERB,2);dcs:samAhita~samADA(VERB,6);dcs:samAhitaH~samADA(VERB,37)
samAhvaya	1	dcs:samAhvaye~samAhvA(VERB,2)
samAna	12	dcs:samAnAH~samAna(NOUN,3);dcs:samAnAnAm~samAna(NOUN,1);dcs:samAnAt~samAna(NOUN,1);dcs:samAnI~samAnI(NOUN,1);dcs:samAna~samAna(NOUN,42)
samAnarUpA	1	vidyut:samAnarUpa~samAnarUpa(noun,2)
samAnavarcas	1	vidyut:samAnavarcasA~samAnavarcasa(noun,1)
samAni	1	vidyut:samAnaka~saman(noun,4)
samAnyA	1	dcs:samAnyA~samAna(ADJ,3)
samAp	2	vidyut:samAp~samApi(noun,7);vidyut:samApin~samApi(noun,2)
samApanA	3	vidyut:samApana~samApana(noun,2);vidyut:samApana~samAp(noun,2);vidyut:samApana~samApi(noun,2)
samApi	2	vidyut:samApitA~samApi(noun,1);vidyut:samApyeran~samAp(verb,1)
samAropi	1	vidyut:samAropayat~samAropi(verb,1)
samAsAdi	1	vidyut:samAsAdayat~samAsAdi(verb,2)
samAsAt	1	dcs:samAsAt~samAsa(NOUN,8)
samAsa	1	dcs:samAsam~samas(VERB,1)
samAsatas	1	dcs:samAsataH~samAsa(NOUN,11)
samAsena	1	dcs:samAsena~samAsa(NOUN,48)
samAsi	1	vidyut:samAsita~samAs(noun,2)
samAti	2	vidyut:samAta~samat(verb,3);vidyut:samAta~samat(noun,2)
samAvarti	1	vidyut:samAvartayat~samAvarti(verb,1)
samAyA	1	dcs:samAyAt~samAya(NOUN,1)
samBU	2	dcs:saMBava~samBava(NOUN,6);dcs:samBavanti~vikAra(NOUN,1)
samBf	1	dcs:saMBftA~samBfti(NOUN,6)
samBram	1	dcs:saMBrAntaH~saMBrAnta(NOUN,1)
samIkz	1	dcs:samIkzya~samIkzya(NOUN,2)
samIpa	1	dcs:samIpa~samIpa(ADJ,1)
samIpatas	1	dcs:samIpataH~samIpa(NOUN,13)
samIraRa	1	dcs:samIraRaH~samIraRa(ADJ,3)
samUha	1	dcs:samUha~samUh(VERB,2)
samUla	1	dcs:samUlaM~samUla(NOUN,1)
sama	16	dcs:samA~samA(NOUN,101);dcs:samAH~samA(NOUN,177);dcs:samAM~samA(NOUN,13);dcs:samAm~samA(NOUN,28);dcs:samAn~sama(ADJ,3)
samaBUmi	1	vidyut:samaBUmi~samaBUmi(ind,1)
samaBisaMDA	1	vidyut:samaBisanDAya~samaBisaMDA(ind,1)
samaNga	1	dcs:samaNgaH~samaNga(NOUN,1)
samaYj	1	vidyut:samaYje~samaYji(noun,30)
samaYjasa	1	vidyut:samaYjasa~samaYjasA(noun,3)
samad	1	vidyut:samAdin~samAdi(noun,2)
samaj	3	vidyut:saMvivyAna~saMvye(noun,2);vidyut:saMvivya~saMvye(verb,1);vidyut:samajyate~samaYj(verb,1)
samamati	2	vidyut:samamati~samam(verb,1);vidyut:samamati~samam(noun,2)
samanA	1	dcs:samanA~samanA(NOUN,4)
samanta	2	dcs:samantam~samanta(NOUN,1);dcs:samante~samanta(NOUN,2)
samantataH	1	dcs:samantataH~samanta(ADJ,1)
samanuvarti	1	vidyut:samanuvartinI~samanuvft(noun,4)
samanuvft	1	vidyut:samanuvartana~samanuvarti(noun,2)
samanvaya	1	dcs:samanvayAt~samanuyA(VERB,2)
samaryAda	1	vidyut:samaryAdam~samaryAdam(ind,1)
samarya	1	dcs:samarye~samarya(ADJ,1)
samas	2	vidyut:saMBUya~saMBU(ind,1);vidyut:samasyatAm~samas(noun,2)
samasta	1	dcs:samastAm~samas(VERB,1)
samat	2	vidyut:samAtya~samAti(noun,2);vidyut:samAtya~samAti(ind,1)
samayA	1	dcs:samayA~samaya(NOUN,5)
sambADa	1	dcs:saMbADe~asaMbADa(ADJ,1)
sambanDaka	1	dcs:saMbanDakaM~sambanDaka(NOUN,3)
sambanDin	1	dcs:sambanDi~sambanDi(NOUN,1)
sambanDitA	2	vidyut:sambanDitA~saMbanDi(verb,2);vidyut:sambanDitA~saMbanDi(noun,1)
samfD	1	dcs:samfdDaH~samfdDa(NOUN,1)
samfdDi	1	dcs:samfdDI~samfdDin(ADJ,1)
samiD	3	dcs:samiD~samiD(ADJ,2);dcs:samiDaM~saminD(VERB,1);dcs:samid~samiD(ADJ,2)
saminD	1	dcs:samiDe~samiD(NOUN,1)
samitiMjaya	1	dcs:samitiMjaya~samitiMjaya(ADJ,1)
sammIlya	1	vidyut:sammIlya~sammIlya(ind,1)
sammUQA	2	vidyut:sammUQAm~sammUQa(noun,1);vidyut:sammUQa~sammUQa(noun,2)
sammanas	1	vidyut:sammanas~saMman(noun,3)
sammatA	2	vidyut:sammatA~sammata(noun,2);vidyut:sammatA~saMman(noun,1)
sammata	8	vidyut:sammatAn~sammatA(noun,1);vidyut:sammatAn~saMman(noun,1);vidyut:sammata~sammatA(noun,3);vidyut:sammata~saMman(noun,2);vidyut:sammatam~saMman(noun,3)
sammita	3	vidyut:sammite~sammiti(noun,2);vidyut:sammite~saMmi(noun,16);vidyut:sammite~saMmA(noun,13)
samoha	1	vidyut:samoham~samoham(ind,1)
samokas	2	vidyut:samokas~samuc(noun,2);vidyut:samokas~samoci(noun,1)
sampad	2	dcs:sampannaH~sampanna(NOUN,1);dcs:sampannam~sampanna(ADJ,3)
sampradA	1	dcs:sampradAya~sampradAya(NOUN,15)
samudAhf	2	vidyut:samudAhara~samudAhf(verb,1);vidyut:samudAhfta~samudAhf(verb,1)
samudAyi	1	vidyut:samude~saMvad(noun,3)
samudDan	1	dcs:samudDatam~samudData(ADJ,2)
samudIr	1	vidyut:samudIryamARa~samudIri(noun,4)
samudga	1	dcs:samudga~samudga(ADJ,1)
samudi	3	vidyut:samudAyin~samudAi(noun,2);vidyut:samudAyin~samuday(noun,2);vidyut:samudAyin~samudAyi(noun,2)
samudrAnta	2	vidyut:samudrAnta~samudrAntA(noun,3);vidyut:samudrAnte~samudrAntA(noun,14)
samudra	1	dcs:samudrAH~sarva(PRON,1)
samudraraSanA	1	vidyut:samudraraSanA~samudraraSana(noun,1)
samudravasanA	1	vidyut:samudravasanA~samudravasana(noun,1)
samujjihIrza	1	vidyut:samujjihIrzu~samujjihIrzi(noun,3)
samukz	1	vidyut:samukzita~samukzi(noun,2)
samunnam	1	dcs:samunnata~samunnata(ADJ,1)
samupaAgam	3	vidyut:samupAgacCat~samupaAgam(verb,1);vidyut:samupAgama~samupaAgAmi(noun,8);vidyut:samupAgata~samupaAgam(verb,1)
samupaAhf	1	vidyut:samupAhfta~samupaAhf(verb,1)
samupaAraB	1	vidyut:samupArabDa~samupaAraB(verb,1)
samupaAs	1	vidyut:samupAsyata~samupaAsi(verb,1)
samupaIkz	1	vidyut:samupekzita~samupaIkzi(noun,2)
samutTA	1	dcs:samutTAya~samutTa(ADJ,1)
samyaYc	1	dcs:samIcI~samIcI(NOUN,3)
samyak	3	dcs:samyaN~samyaYc(ADJ,2);dcs:samyag~samyaYc(ADJ,3);dcs:samyak~samyaYc(ADJ,20)
san	4	dcs:sanA~sana(ADJ,6);dcs:sanam~sana(ADJ,1);dcs:sanat~sanat(ADV,2);dcs:sanitA~sanitf(ADJ,6)
sanABi	1	dcs:sanABayaH~sanABi(NOUN,1)
sanAtana	5	dcs:sanAtanAH~sanAtana(NOUN,1);dcs:sanAtanI~sanAtanI(NOUN,1);dcs:sanAtana~sanAtana(NOUN,7);dcs:sanAtanaH~sanAtana(NOUN,46);dcs:sanAtanam~sanAtana(NOUN,17)
sana	1	dcs:sana~sana(NOUN,3)
sanaka	2	dcs:sanakAt~sanaka(NOUN,1);dcs:sanaka~sanaka(ADJ,1)
sanandI	1	vidyut:sanandi~sananda(noun,1)
sanava	1	vidyut:sanavAni~san(verb,1)
sanemi	1	dcs:sanemi~sanemi(ADJ,1)
sani	3	dcs:sani~san(NOUN,8);dcs:saniM~sani(ADJ,2);dcs:sanim~sani(ADJ,15)
sapatna	1	dcs:sapatnAH~asapatna(ADJ,1)
sapiRqa	1	dcs:sapiRqa~sapiRqa(ADJ,1)
sapraTas	1	vidyut:sapraTas~sapraTa(noun,2)
saptaSIrzan	1	vidyut:saptaSIrza~saptaSIrza(noun,2)
saptaSivA	1	vidyut:saptaSiva~saptaSiva(noun,2)
saptadaSan	1	dcs:saptadaSa~saptadaSa(ADJ,35)
saptadvIpA	1	vidyut:saptadvIpa~saptadvIpa(noun,2)
saptaha	1	vidyut:saptahA~saptahan(noun,1)
saptamI	1	dcs:saptamI~saptama(ADJ,39)
saptan	2	dcs:sapta~sapta(NOUN,3);dcs:saptasu~pA(VERB,1)
saptanAmA	1	vidyut:saptanAmA~saptanAman(noun,2)
sarIsfpa	1	dcs:sarIsfpam~sarIsfpa(ADJ,2)
sara	2	dcs:sarA~sarA(NOUN,4);dcs:sara~sara(NOUN,10)
saraRyu	1	dcs:saraRyuBiH~saraRyu(NOUN,1)
saraTa	2	vidyut:saraTa~sf(verb,1);vidyut:saraTam~saraTam(ind,1)
saraha	1	vidyut:sarahasya~sarahasya(noun,2)
saralA	1	dcs:saralA~sarala(ADJ,6)
sarala	3	dcs:saralAH~sarala(NOUN,1);dcs:sarala~sarala(ADJ,10);dcs:sarale~sarala(NOUN,2)
saras	5	dcs:saraH~sara(ADJ,42);dcs:saras~sara(ADJ,1);dcs:sarasAm~sarasa(ADJ,1);dcs:sarasaH~sarasa(ADJ,4);dcs:saro~sara(ADJ,17)
sarasa	2	dcs:sarasa~saras(NOUN,5);dcs:sarasam~sarasa(NOUN,1)
sarasvant	1	dcs:sarasvAn~sarasvat(ADJ,3)
sarasvatI	2	dcs:sarasvatI~sarasvat(ADJ,3);dcs:sarasvatIm~sarasvat(ADJ,1)
sarat	1	vidyut:sarad~sf(noun,3)
sarayu	1	vidyut:sarayu~sarayU(noun,5)
sarb	3	vidyut:sarp~sarbi(noun,7);vidyut:sarp~sarpi(noun,7);vidyut:sarp~sarBi(noun,7)
sarpAsyA	1	vidyut:sarpAsya~sarpAsya(noun,2)
sarpa	1	dcs:sarpa~sfp(VERB,5)
sarpi	3	dcs:sarpi~sarpin(ADJ,1);vidyut:sarpI~sarpI(noun,9);vidyut:sarpI~sfp(noun,1)
sarv	1	vidyut:sarvaka~sarvi(noun,4)
sarvArTa	1	vidyut:sarvArTam~sarvArTam(ind,1)
sarvAstrA	1	vidyut:sarvAstra~sarvAstra(noun,2)
sarvAtman	1	dcs:sarvAtmA~sarvAtman(ADJ,2)
sarvAyus	1	vidyut:sarvAyus~sarvAyu(noun,2)
sarva	12	dcs:sarvAByo~eva(PART,1);dcs:sarvAn~sarva(NOUN,1);dcs:sarva~sarva(NOUN,8);dcs:sarvaH~sarva(NOUN,11);dcs:sarvaM~sarva(NOUN,6)
sarvaBakzA	2	vidyut:sarvaBakzA~sarvaBakza(noun,1);vidyut:sarvaBakza~sarvaBakza(noun,2)
sarvaDA	1	vidyut:sarvaDA~sarvaDAman(noun,1)
sarvaga	1	dcs:sarvaga~sarvaga(NOUN,5)
sarvahfd	1	vidyut:sarvahfdA~sarvahfdA(ind,1)
sarvahuta	1	vidyut:sarvahutam~sarvahut(noun,2)
sarvajYa	3	dcs:sarvajYa~sarvajYa(NOUN,9);dcs:sarvajYaH~sarvajYa(NOUN,8);dcs:sarvajYaM~sarvajYa(NOUN,1)
sarvaprayatna	1	vidyut:sarvaprayatnena~sarvaprayatnena(ind,1)
sarvaratnA	1	vidyut:sarvaratna~sarvaratna(noun,2)
sarvaratna	1	vidyut:sarvaratnAnAm~sarvaratnA(noun,2)
sarvasaMsTA	1	vidyut:sarvasaMsTa~sarvasaMsTa(noun,2)
sarvasaha	1	vidyut:sarvasaha~sarvasahA(noun,3)
sarvatas	2	dcs:sarvata~sarvata(ADJ,2);dcs:sarvato~sarva(NOUN,2)
sarvatoBadra	2	dcs:sarvatoBadra~sarvatoBadra(ADJ,2);dcs:sarvatoBadre~sarvatoBadra(NOUN,1)
sarvatomuKa	2	dcs:sarvatomuKa~sarvatomuKa(ADJ,1);dcs:sarvatomuKam~sarvatomuKa(NOUN,4)
sarvatraga	1	dcs:sarvatragaH~sarvatraga(NOUN,1)
sarvavedas	1	vidyut:sarvavedas~sarvaveda(noun,2)
sarvavedasa	1	dcs:sarvavedasa~sarvavedasa(NOUN,2)
sarvavidyA	3	vidyut:sarvavidyA~sarvavidya(noun,1);vidyut:sarvavidyAsu~sarvavidya(noun,1);vidyut:sarvavidya~sarvavidya(noun,2)
sas	1	vidyut:sasti~sas(verb,1)
sasattvA	1	vidyut:sasattva~sasattva(noun,2)
saspfha	1	vidyut:saspfham~saspfham(ind,1)
sasvana	1	vidyut:sasvane~svan(verb,4)
sasvara	1	vidyut:sasvaram~sasvaram(ind,1)
sasvedA	1	vidyut:sasveda~sasveda(noun,2)
sat	6	dcs:sadBiH~as(VERB,23);dcs:sat~as(VERB,549);dcs:satAM~as(VERB,95);dcs:satAm~as(VERB,43);dcs:satsu~as(VERB,34)
satI	1	dcs:satIm~as(VERB,14)
satatam	2	dcs:satataM~satata(ADJ,18);dcs:satatam~satata(ADJ,3)
satkArya	1	dcs:satkArya~satkf(VERB,1)
satkf	2	dcs:satkftaH~satkfta(NOUN,1);dcs:satkftaM~satkfta(NOUN,1)
satrA	1	dcs:satrA~sattra(NOUN,1)
satrAjit	1	dcs:satrAjito~satrAjit(ADJ,1)
sattA	1	dcs:sattA~sattf(ADJ,2)
satvan	2	dcs:satvA~satvan(ADJ,1);dcs:satvaBiH~satvan(ADJ,1)
satya	14	dcs:satyA~satyA(NOUN,17);dcs:satyAH~satya(NOUN,10);dcs:satyAn~satya(NOUN,2);dcs:satyAnAm~satya(ADJ,1);dcs:satya~satya(NOUN,769)
satyaDarma	2	vidyut:satyaDarma~satyaDarman(noun,3);vidyut:satyaDarme~satyaDarman(noun,4)
satyanAman	1	dcs:satyanAmA~satyanAmA(NOUN,1)
satyaraTA	1	vidyut:satyaraTa~satyaraTa(noun,2)
satyasaMDa	2	vidyut:satyasanDa~satyasaMDA(noun,3);vidyut:satyasanDe~satyasaMDA(noun,14)
satyavant	2	dcs:satyavAn~satyavat(ADJ,9);dcs:satyavataH~satyavat(ADJ,1)
satyavatI	2	dcs:satyavatI~satyavat(ADJ,2);dcs:satyavatIm~satyavat(ADJ,1)
savAsas	1	vidyut:savAsas~savAsa(noun,1)
sava	2	dcs:savAn~savat(ADJ,1);dcs:sava~sU(VERB,1)
savarRa	2	dcs:savarRA~savarRA(NOUN,6);dcs:savarRa~savarRa(NOUN,1)
saviSeza	1	vidyut:saviSezam~saviSezam(ind,1)
savitarka	1	vidyut:savitarkam~savitarkam(ind,1)
savya	1	dcs:savyaM~savya(NOUN,2)
savyasAcin	1	dcs:savyasAcI~savyasAcin(ADJ,1)
savyatas	1	dcs:savyataH~savya(ADJ,2)
sayuj	1	dcs:sayujA~sayuj(NOUN,1)
seDA	1	dcs:seDA~siD(VERB,2)
sena	1	vidyut:senayos~senA(noun,4)
sev	5	dcs:seva~seva(NOUN,1);dcs:seve~sevA(NOUN,1);dcs:sevitA~sevitf(ADJ,3);dcs:sevyA~sevyA(NOUN,1);dcs:sevya~sevya(NOUN,8)
sevaka	1	dcs:sevaka~sevaka(ADJ,1)
sevi	6	vidyut:sevanIya~siv(noun,2);vidyut:sevanIya~sev(noun,2);vidyut:sevin~siv(noun,2);vidyut:sevin~sev(noun,2);vidyut:sevinI~siv(noun,4)
sf	5	dcs:asaram~asara(ADJ,1);dcs:sarat~sarat(NOUN,1);dcs:sfta~sfta(NOUN,1);vidyut:DAvad~DAv(noun,3);vidyut:sasruzI~srE(noun,4)
sfRya	1	dcs:sfRyA~sfRi(NOUN,1)
sfj	6	dcs:asfjaH~asfj(NOUN,1);dcs:sfjA~asfj(NOUN,4);dcs:sfja~sfja(NOUN,2);dcs:sfjad~sfj(VERB,8);dcs:sfjat~sfj(VERB,21)
sfp	2	vidyut:sfp~sfB(noun,7);vidyut:sfp~sfmB(noun,3)
siD	9	dcs:seDa~seDa(NOUN,1);dcs:sidDA~sidDa(NOUN,86);dcs:sidDaH~sidDa(NOUN,80);dcs:sidDaM~sidDa(NOUN,11);dcs:sidDam~sidDa(ADJ,7)
sic	2	dcs:sicaH~sic(VERB,1);dcs:siktA~siktA(NOUN,3)
sidDArTa	4	dcs:sidDArTA~sidDArTA(NOUN,1);dcs:sidDArTAH~sidDArTa(NOUN,2);dcs:sidDArTa~sidDArTa(ADJ,9);dcs:sidDArTena~sidDArTa(ADJ,1)
sidDa	4	dcs:sidDAH~siD(VERB,49);dcs:sidDAnAM~siD(VERB,5);dcs:sidDAnAm~siD(VERB,7);dcs:sidDa~siD(VERB,208)
simA	1	dcs:simA~sima(PRON,1)
sima	1	vidyut:sima~simA(noun,3)
sinDuja	2	vidyut:sinDujAn~sinDujA(noun,1);vidyut:sinDuja~sinDujA(noun,3)
sinv	3	vidyut:sinvanti~si(noun,3);vidyut:sinvanti~si(verb,1);vidyut:sinvanti~sinv(verb,1)
sirA	2	dcs:SirA~Siras(NOUN,3);vidyut:sira~sira(noun,2)
sitA	1	dcs:sitA~sita(ADJ,29)
sita	5	dcs:sitAH~sA(VERB,3);dcs:sitAn~sitA(NOUN,3);dcs:sita~sita(NOUN,29);dcs:sitaH~asita(NOUN,10);dcs:sitam~sitA(NOUN,12)
siv	1	vidyut:sevitavya~sev(noun,2)
sizAsa	1	vidyut:sizAsata~sisaniza(verb,2)
sizAsi	3	vidyut:asizAsan~sizAsa(verb,2);vidyut:asizAsan~sisanizi(verb,2);vidyut:asizAsan~sisaniza(verb,2)
skanda	1	dcs:skanda~skand(VERB,2)
skandatA	1	vidyut:skandatA~skand(noun,2)
smArta	1	dcs:smArta~smArta(NOUN,2)
sma	1	dcs:sma~as(VERB,48)
smara	2	dcs:smara~smf(VERB,43);dcs:smaraH~smara(ADJ,5)
smaratA	1	dcs:smaratAm~smf(VERB,1)
smat	1	dcs:smad~mad(PRON,1)
smera	1	dcs:smera~smera(NOUN,4)
smf	2	dcs:smare~smara(NOUN,3);dcs:smftam~smfta(NOUN,1)
smita	4	dcs:smitA~smi(VERB,1);dcs:smita~smi(VERB,24);dcs:smitam~smi(VERB,3);dcs:smitena~smi(VERB,1)
snA	6	dcs:snAta~snAta(NOUN,2);dcs:snAtaH~snAta(NOUN,1);dcs:snAtasya~snAta(NOUN,4);vidyut:sasnuzA~snE(noun,2);vidyut:snA~snE(noun,12)
snE	1	vidyut:snAyamAna~snA(noun,2)
snas	1	vidyut:snAsyam~snAsi(noun,3)
sneha	1	dcs:snehaH~sTUla(ADJ,1)
snigDa	8	dcs:snigDA~snigDA(NOUN,1);dcs:snigDAm~snih(VERB,1);dcs:snigDa~snih(VERB,42);dcs:snigDaH~snih(VERB,5);dcs:snigDaM~snih(VERB,25)
so	1	vidyut:syat~syand(noun,3)
sodarya	1	dcs:sodaryAH~sodarI(NOUN,1)
somI	2	vidyut:somi~soma(noun,3);vidyut:somi~somin(noun,3)
soma	1	dcs:somaM~soma(ADJ,1)
somaja	1	vidyut:somajA~somajA(noun,2)
somapA	1	vidyut:somapAm~somapa(noun,2)
somapIti	1	vidyut:somapIti~somapItin(noun,3)
somavat	1	vidyut:somavat~somavat(ind,1)
sotf	1	dcs:sotA~su(VERB,1)
sotkaRWa	1	vidyut:sotkaRWam~sotkaRWam(ind,1)
sotseDa	1	vidyut:sotseDam~sotseDam(ind,1)
spaS	1	vidyut:spaSam~spaSa(noun,3)
spandana	1	dcs:spandanA~spandanA(NOUN,1)
sparD	2	vidyut:sparDin~sparDi(noun,2);vidyut:sparDinA~sparDi(noun,5)
sparDya	1	dcs:sparDya~spfD(VERB,5)
spazwa	1	dcs:spazwam~paS(VERB,5)
spf	1	dcs:spfDi~spfD(NOUN,1)
spfD	2	dcs:spfDaH~spfD(ADJ,1);dcs:spfDo~spfD(ADJ,3)
spfS	5	dcs:spfS~spfS(NOUN,1);dcs:spfSa~spfSa(ADJ,1);dcs:spfSat~spfS(VERB,1);dcs:spfzwa~spfzwa(ADJ,1);dcs:sprazwavya~sprazwavya(NOUN,1)
sraMsana	1	dcs:sraMsanaM~sraMsana(ADJ,3)
srajA	1	dcs:srajAm~sraj(NOUN,1)
srava	1	dcs:sravAH~srava(ADJ,4)
sravantI	2	dcs:sravantI~sru(VERB,2);dcs:sravantIm~sru(VERB,2)
sravat	2	dcs:sravataH~sru(VERB,4);dcs:sravato~sru(VERB,3)
srazwf	1	dcs:srazwA~sfj(VERB,2)
srotasya	1	vidyut:srotasya~srota(noun,2)
sru	3	dcs:srava~srava(NOUN,3);dcs:sravati~sravati(NOUN,2);dcs:srutA~srut(ADJ,2)
stAri	1	vidyut:stAra~stf(noun,2)
stamB	1	dcs:stabDaH~stabDa(ADJ,5)
stamBana	1	dcs:stamBana~stamBana(ADJ,1)
stamBi	1	vidyut:stamBitAsu~stamB(noun,1)
stan	1	vidyut:stanatAm~stan(verb,1)
stana	3	dcs:stanAH~stana(ADJ,3);dcs:stanAnAm~stana(NOUN,1);dcs:stana~stan(VERB,1)
stanaTa	1	vidyut:stanaTa~stan(verb,1)
stanapa	1	vidyut:stanapa~stanapA(noun,1)
stani	3	vidyut:stan~stamBi(noun,14);vidyut:stan~stamB(noun,11);vidyut:stan~stAmi(noun,7)
stanya	1	dcs:stanya~stanya(ADJ,1)
starya	1	dcs:staryaH~starI(NOUN,2)
stavat	1	dcs:stavAn~stava(NOUN,1)
stf	2	dcs:astfta~astfta(ADJ,1);dcs:star~stf(VERB,1)
stimita	1	dcs:stimita~stimita(NOUN,1)
stoBa	1	dcs:stoBa~stuB(VERB,1)
stoka	3	dcs:stoka~stoka(ADJ,6);dcs:stokaM~stoka(ADJ,4);dcs:stokam~stoka(ADJ,2)
stoma	1	dcs:stomA~stoma(ADJ,1)
stotf	5	dcs:stotA~stotf(NOUN,2);dcs:stotAram~stotf(NOUN,1);dcs:stotFRAm~stotf(NOUN,1);dcs:stotfByaH~stotf(NOUN,1);dcs:stotfByo~stotf(NOUN,1)
stotra	1	dcs:stotre~stotf(ADJ,10)
stotriya	1	dcs:stotriyA~stotriya(NOUN,2)
strI	1	dcs:strIRAM~samAkarzay(VERB,1)
stu	6	dcs:stavA~stava(NOUN,2);dcs:stave~stava(NOUN,1);dcs:stuta~stuta(NOUN,21);dcs:stutaH~stut(NOUN,5);dcs:stutaS~stut(NOUN,1)
stukA	1	vidyut:stuka~stuka(noun,2)
stuti	1	dcs:stutyA~stutyA(NOUN,3)
styE	2	dcs:styAna~styAna(NOUN,6);dcs:styAnam~styAna(NOUN,2)
su	12	dcs:sU~sU(NOUN,2);dcs:su~su(NOUN,15);dcs:sunoti~sunoti(NOUN,1);dcs:sunvantaM~sunvant(NOUN,1);dcs:sunvataH~sunvant(NOUN,1)
suBAgA	1	vidyut:suBAga~suBAga(noun,2)
suBAzita	1	dcs:suBAzitam~suBAzita(ADJ,2)
suBIma	1	vidyut:suBIma~suBImA(noun,3)
suBUzaRa	1	vidyut:suBUzaRa~suBUzaRA(noun,3)
suBaga	8	dcs:suBagA~suBagA(NOUN,21);dcs:suBagAM~suBagA(NOUN,3);dcs:suBagAya~suBaga(NOUN,1);dcs:suBaga~suBaga(NOUN,1);dcs:suBagaH~suBaga(NOUN,2)
suBrU	1	dcs:suBru~suBru(ADJ,5)
suBujA	1	vidyut:suBuja~suBuja(noun,2)
suDA	1	vidyut:suDAsyati~suDA(verb,1)
suDI	3	dcs:suDIH~suDI(NOUN,4);dcs:suDyaH~suDI(NOUN,1);vidyut:suDi~suDA(noun,3)
suDanvan	1	dcs:suDanvAnam~suDanvan(NOUN,1)
suDarman	1	dcs:suDarmA~suDarmA(NOUN,8)
suDft	1	vidyut:suDfti~suDfti(noun,3)
suDur	1	vidyut:suDurA~suDura(noun,2)
suKArTa	1	vidyut:suKArTam~suKArTam(ind,1)
suKa	11	dcs:suKA~suKa(NOUN,3);dcs:suKAni~suKa(ADJ,11);dcs:suKAt~suKa(ADJ,3);dcs:suKa~suKa(ADJ,477);dcs:suKaH~suKa(NOUN,16)
suKada	1	vidyut:suKade~suKadA(noun,14)
suKita	4	dcs:suKitA~suKay(VERB,7);dcs:suKitAH~suKay(VERB,1);dcs:suKita~suKay(VERB,1);dcs:suKitaH~suKay(VERB,3)
suKozitA	1	vidyut:suKozita~suKozita(noun,2)
suPala	1	vidyut:suPala~suPalA(noun,3)
suSIlA	1	dcs:suSIlA~suSIla(ADJ,2)
suSIta	1	dcs:suSIta~suSIta(NOUN,1)
suSravas	2	dcs:suSravasam~suSravas(ADJ,1);vidyut:suSravas~suSrava(noun,1)
suSroRI	1	dcs:suSroRi~suSroRi(ADJ,1)
suSrut	2	vidyut:suSrutA~suSruta(noun,2);vidyut:suSruti~suSruti(noun,3)
subahu	1	vidyut:subahu~subahu(ind,1)
sucarita	1	vidyut:sucarita~sucaritA(noun,3)
sucitrA	1	vidyut:sucitrAm~sucitra(noun,2)
sucitra	1	vidyut:sucitra~sucitrA(noun,3)
sudA	2	vidyut:sudA~sudAman(noun,2);vidyut:sudAsu~sudAman(noun,2)
sudAru	1	vidyut:sudAruRA~sudAruRa(noun,1)
sudAruRa	1	vidyut:sudAruRe~sudAru(noun,2)
sudAs	1	dcs:sudAse~sudAs(ADJ,2)
sudAsa	1	dcs:sudAsaH~sudAs(NOUN,3)
sudIrGA	1	vidyut:sudIrGa~sudIrGa(noun,2)
sudaMzwra	1	vidyut:sudaMzwra~sudaMzwrA(noun,3)
sudakziRA	2	vidyut:sudakziRA~sudakziRa(noun,2);vidyut:sudakziRAyAm~sudakziRa(noun,2)
sudarSa	1	dcs:sudarSaH~sudarSa(NOUN,1)
sudarSana	1	dcs:sudarSanam~sudarSana(ADJ,3)
sudat	2	dcs:sudatI~sudatI(NOUN,2);dcs:sudatIM~sudatI(NOUN,1)
sudfQa	1	vidyut:sudfQam~sudfQam(ind,1)
sudfS	1	dcs:sudfSaH~sudfSa(NOUN,1)
sudiv	1	vidyut:sudivas~sudiva(noun,1)
suduHKa	1	vidyut:suduHKam~suduHKam(ind,1)
sudurjaya	2	vidyut:sudurjayAn~sudurjayA(noun,1);vidyut:sudurjaya~sudurjayA(noun,3)
suga	5	dcs:sugA~suga(ADJ,4);dcs:sugAni~suga(NOUN,1);dcs:sugaM~suga(ADJ,2);dcs:sugam~suga(ADJ,3);dcs:sugena~suga(NOUN,1)
sugaR	2	vidyut:sugaRA~sugaRA(noun,3);vidyut:sugaRA~sugaRa(noun,2)
suganDA	1	dcs:suganDA~suganDa(ADJ,9)
suganDa	3	dcs:suganDAH~suganDa(NOUN,2);dcs:suganDa~suganDa(NOUN,15);dcs:suganDaH~suganDa(NOUN,4)
suganDi	2	dcs:suganDi~suganDi(NOUN,12);dcs:suganDinA~suganDi(NOUN,1)
sugati	1	vidyut:sugatim~sugam(noun,2)
sugrIva	1	dcs:sugrIvaM~sugrIva(ADJ,1)
suguptA	1	vidyut:sugupta~sugupta(noun,2)
sugupta	1	vidyut:suguptam~suguptam(ind,1)
suhfd	1	dcs:suhfdaM~suhfd(ADJ,1)
suhitA	3	vidyut:suhita~suhita(noun,2);vidyut:suhita~suh(noun,2);vidyut:suhita~suDA(noun,2)
sujAtA	1	dcs:sujAtA~sujAta(ADJ,1)
sujAta	3	dcs:sujAta~sujAta(NOUN,1);dcs:sujAtaH~sujAta(ADJ,1);vidyut:sujAtAs~sujAtA(noun,5)
sukalpi	1	vidyut:sukalpam~sukfp(noun,9)
sukara	1	dcs:sukaram~sukara(NOUN,1)
sukeSa	3	dcs:sukeSI~sukeSI(NOUN,1);dcs:sukeSa~sukeSa(ADJ,2);vidyut:sukeSA~sukeSan(noun,1)
sukft	2	dcs:sukftAm~sukftA(NOUN,2);vidyut:sukftas~sukfta(noun,3)
sukftA	1	dcs:sukftA~sukft(ADJ,2)
sukfta	3	dcs:sukftaM~sukft(ADJ,1);dcs:sukftam~sukft(ADJ,1);dcs:sukfte~sukft(ADJ,3)
sukfti	2	vidyut:sukftyA~sukftyA(noun,3);vidyut:sukftyA~sukftya(noun,3)
sukftya	2	vidyut:sukftya~sukftyA(noun,3);vidyut:sukftyayA~sukftyA(noun,2)
sukratu	1	dcs:sukratur~sukratu(NOUN,2)
sukumAra	4	dcs:sukumArI~sukumArI(NOUN,8);dcs:sukumAra~sukumAra(NOUN,7);dcs:sukumAraH~sukumAra(NOUN,4);dcs:sukumAram~sukumAra(NOUN,1)
sulaBa	1	dcs:sulaBA~sulaBA(NOUN,12)
sulalita	1	vidyut:sulalitam~sulalitam(ind,1)
sulocana	1	vidyut:sulocana~sulocanA(noun,3)
sulohita	1	vidyut:sulohita~sulohitA(noun,3)
sumaDyamA	1	vidyut:sumaDyama~sumaDyama(noun,2)
sumahat	1	vidyut:sumahat~sumahat(ind,1)
sumanas	5	dcs:sumanA~sumanA(NOUN,16);dcs:sumanAH~sumanas(NOUN,13);dcs:sumanasa~sumanas(ADJ,2);dcs:sumanasaH~sumanas(NOUN,25);dcs:sumanaso~sumanas(ADJ,13)
sumanasy	1	dcs:sumanasyamAnAH~sumanasyamAna(ADJ,7)
sumanasyamAna	2	dcs:sumanasyamAnA~sumanasy(VERB,2);dcs:sumanasyamAnaH~sumanasy(VERB,4)
sumanoharA	1	vidyut:sumanohara~sumanohara(noun,2)
sumanoramA	1	vidyut:sumanorama~sumanorama(noun,2)
sumantu	1	dcs:sumantu~sumantu(NOUN,3)
sumati	3	dcs:sumatI~sumati(ADJ,1);dcs:sumati~sumati(ADJ,1);dcs:sumatiH~sumati(ADJ,4)
sumeDas	4	dcs:sumeDA~sumeDas(NOUN,2);dcs:sumeDAH~sumeDas(NOUN,1);dcs:sumeDasaH~sumeDas(NOUN,1);vidyut:sumeDas~sumeDa(noun,1)
sumna	2	dcs:sumnA~asumna(ADJ,1);dcs:sumne~sumna(ADJ,1)
sumuKA	1	dcs:sumuKI~sumuKI(NOUN,2)
sumuKa	1	dcs:sumuKa~sumuKa(ADJ,1)
sunITa	1	dcs:sunITa~sunITa(ADJ,1)
sunIla	1	vidyut:sunIla~sunIlA(noun,3)
sunakzatra	1	vidyut:sunakzatra~sunakzatrA(noun,3)
sunanda	1	vidyut:sunandAm~sunandA(noun,2)
sunasA	1	vidyut:sunasa~sunasa(noun,2)
sunayana	1	vidyut:sunayana~sunayanA(noun,3)
sundarI	3	dcs:sundarI~sundara(ADJ,19);dcs:sundarIRAm~sundara(ADJ,1);dcs:sundari~sundara(ADJ,9)
sundara	1	dcs:sundara~sundara(NOUN,4)
supASA	1	vidyut:supASayA~supASa(noun,1)
supArA	1	vidyut:supArA~supAra(noun,2)
supeSas	1	vidyut:supeSas~supeSa(noun,2)
supraBAtA	1	vidyut:supraBAtA~supraBAta(noun,2)
supraBAta	1	vidyut:supraBAta~supraBAtA(noun,3)
suprajas	1	vidyut:suprajas~supraja(noun,1)
suprasAda	1	vidyut:suprasAda~suprasAdA(noun,3)
supratIka	1	dcs:supratIkam~supratIka(NOUN,1)
supratizWA	1	vidyut:supratizWA~supratizWa(noun,2)
surAman	2	vidyut:surAma~surAma(noun,2);vidyut:surAma~sur(verb,1)
surAnandA	1	vidyut:surAnanda~surAnanda(noun,2)
surApin	1	dcs:surApI~surApa(ADJ,2)
surAzwra	1	vidyut:surAzwrARAm~surAzwrA(noun,2)
surUpa	4	dcs:surUpA~surUpA(NOUN,7);dcs:surUpAya~surUpa(NOUN,1);dcs:surUpa~surUpa(NOUN,2);dcs:surUpaH~surUpa(NOUN,3)
suraBi	4	dcs:suraBi~suraBi(NOUN,29);dcs:suraBiH~suraBi(NOUN,35);dcs:suraBim~suraBi(NOUN,2);dcs:suraByAH~suraBi(NOUN,1)
suraRa	1	vidyut:suraRa~suraRA(noun,3)
suraTa	1	vidyut:suraTAn~suraTA(noun,1)
surocanA	1	vidyut:surocanA~surocana(noun,3)
surottama	1	vidyut:surottamAn~surottamA(noun,1)
suruc	1	vidyut:suruci~suruci(noun,6)
susnigDA	1	vidyut:susnigDa~susnigDa(noun,2)
sutAra	1	vidyut:sutArAm~sutArA(noun,2)
suta	14	dcs:sutAn~sU(VERB,1);dcs:sutAnAM~su(VERB,3);dcs:sutAnAm~su(VERB,12);dcs:sutAt~su(VERB,2);dcs:suta~su(VERB,62)
sutasomA	1	vidyut:sutasomA~sutasoma(noun,2)
sutasoma	1	vidyut:sutasoma~sutasomA(noun,3)
sutyaja	1	vidyut:sutyajam~sutyaj(noun,2)
suvAc	1	vidyut:suvAcas~suvAcas(noun,5)
suvAsas	1	vidyut:suvAsas~suvAsa(noun,1)
suvIrya	2	vidyut:suvIrya~suvIryA(noun,3);vidyut:suvIrye~suvIryA(noun,14)
suvarRA	1	dcs:suvarRA~suvarRa(ADJ,4)
suvarRa	6	dcs:suvarRAni~suvarRa(ADJ,1);dcs:suvarRa~suvarRa(ADJ,22);dcs:suvarRaM~suvarRa(ADJ,3);dcs:suvarRam~suvarRa(ADJ,3);dcs:suvarRasya~suvarRa(ADJ,2)
suvarRavarRa	1	vidyut:suvarRavarRa~suvarRavarRA(noun,3)
suvarRavat	1	vidyut:suvarRavat~suvarRavat(ind,1)
suvarcas	4	dcs:suvarcA~suvarcas(NOUN,2);dcs:suvarcAH~suvarcas(NOUN,5);dcs:suvarcasaH~suvarcasa(NOUN,2);dcs:suvarcasam~suvarcas(ADJ,1)
suvastrA	1	vidyut:suvastra~suvastra(noun,2)
suvegA	1	vidyut:suvega~suvega(noun,2)
suvfD	1	vidyut:suvfDA~suvfDa(noun,1)
suvfDa	1	vidyut:suvfDam~suvfD(noun,2)
suvfkti	2	dcs:suvfktiBiH~suvfkti(ADJ,1);dcs:suvfktim~suvfkti(ADJ,4)
suvftta	3	vidyut:suvfttAm~suvfttA(noun,2);vidyut:suvfttAn~suvfttA(noun,1);vidyut:suvftta~suvfttA(noun,3)
suvidatra	1	dcs:suvidatram~suvidatra(NOUN,1)
suvinItA	1	vidyut:suvinIta~suvinIta(noun,2)
suvita	2	dcs:suvitA~suvita(ADJ,1);dcs:suvitaM~suvita(ADJ,1)
suvrata	2	dcs:suvratA~suvratA(NOUN,8);dcs:suvrataH~suvrata(NOUN,4)
suyama	1	vidyut:suyama~suyamA(noun,3)
suzira	2	dcs:suzira~suzira(ADJ,2);dcs:suziram~suzira(NOUN,3)
suzomA	2	vidyut:suzomA~suzoma(noun,1);vidyut:suzoma~suzoma(noun,2)
suzumnA	1	dcs:suzumnA~suzumna(ADJ,3)
suzumna	1	dcs:suzumna~suzumna(NOUN,1)
suzupsa	1	vidyut:suzup~suzupsi(noun,7)
suzupta	1	dcs:suzupta~suzupta(ADJ,1)
suzwuB	1	dcs:suzwuBA~suzwuB(NOUN,1)
svAdu	2	dcs:svAdu~svAdu(NOUN,1);dcs:svAdvI~svAdvI(NOUN,1)
svAduPalA	1	vidyut:svAduPala~svAduPala(noun,2)
svAhA	1	dcs:svAhA~svAhA(NOUN,130)
svAhAkf	1	dcs:svAhAkfta~svAhAkft(ADJ,1)
svAhAkftI	2	vidyut:svAhAkfti~svAhAkft(noun,3);vidyut:svAhAkfti~svAhAkfti(noun,3)
svAhAkfta	1	dcs:svAhAkftam~svAhAkf(VERB,1)
svAni	2	vidyut:svan~svaYji(noun,7);vidyut:svan~svaYj(noun,4)
svApi	1	vidyut:svApI~svap(noun,1)
svArAjya	1	dcs:svArAjyam~svArAjya(ADJ,1)
svAra	1	dcs:svAra~svAra(NOUN,1)
svAti	1	dcs:svAti~svAti(ADJ,1)
svAyamBuva	3	dcs:svAyaMBuvasya~svAyamBuva(ADJ,1);dcs:svAyamBuva~svAyamBuva(ADJ,4);dcs:svAyamBuvaH~svAyamBuva(ADJ,1)
svF	2	vidyut:sasvara~svf(verb,2);vidyut:sasvara~sasvara(noun,2)
svIyA	1	vidyut:svIyA~svIya(noun,2)
sva	16	dcs:svA~sva(NOUN,1);dcs:svAH~sva(NOUN,7);dcs:svAm~sva(NOUN,1);dcs:svAn~sva(NOUN,2);dcs:svAnAM~sva(NOUN,4)
svaSakti	1	vidyut:svaSaktyA~svaSaktyA(ind,1)
svacCa	2	dcs:svacCA~svacCA(NOUN,1);dcs:svacCa~svacCa(NOUN,1)
svacCandA	1	dcs:svacCandA~svacCanda(ADJ,2)
svacCanda	1	dcs:svacCanda~svacCanda(NOUN,2)
svad	1	dcs:svaditam~svaday(VERB,6)
svaja	1	vidyut:svaja~svajA(noun,4)
svaka	2	dcs:svakam~svaka(NOUN,1);dcs:svake~svaka(NOUN,1)
svan	1	vidyut:sasvana~sasvana(noun,2)
svap	6	dcs:supta~supta(NOUN,6);dcs:suptaM~supta(NOUN,5);dcs:suptam~supta(NOUN,2);dcs:supte~supta(NOUN,2);dcs:svapa~svapa(NOUN,1)
svapasyA	1	vidyut:svapasyA~svapasya(noun,1)
svapnayA	1	dcs:svapnayA~svapna(NOUN,1)
svar	6	dcs:sUraS~sUra(NOUN,2);dcs:suvar~svar(ADV,11);dcs:svaH~sva(ADJ,30);dcs:svaS~svar(ADV,1);dcs:svar~svar(ADV,151)
svarAj	4	dcs:svarAja~svarAj(ADJ,1);dcs:svarAjaH~svarAj(NOUN,1);dcs:svarAw~svarAj(ADJ,4);vidyut:svarAjA~svarAjan(noun,1)
svara	1	dcs:svara~svar(VERB,4)
svarga	2	dcs:svargaH~svarga(ADJ,1);dcs:svargam~svarga(ADJ,2)
svargin	1	dcs:svargI~svargin(ADJ,1)
svasara	1	dcs:svasaram~svasf(NOUN,1)
svastidA	1	vidyut:svastidA~svastida(noun,1)
svastimat	1	dcs:svastimatI~svastimatI(NOUN,1)
svastivAcya	1	vidyut:svastivAcya~svastivAcya(ind,1)
svastyayana	2	dcs:svastyayanaH~svastyayana(ADJ,1);dcs:svastyayanaM~svastyayana(ADJ,2)
svatantra	1	dcs:svatantra~svatantra(NOUN,2)
svatas	1	dcs:svataH~sva(ADJ,8)
svavftta	1	vidyut:svavftte~svavftti(noun,4)
svayaMBU	1	dcs:svayaMBu~svayamBu(NOUN,1)
svayam	1	dcs:svayaM~tu(PART,1)
svayamBU	1	vidyut:svayamBUs~svayamBu(noun,2)
svayamBu	3	dcs:svayaMBU~svayaMBU(ADJ,1);dcs:svayaMBUH~svayaMBU(ADJ,2);dcs:svayamBu~svayamBu(ADJ,2)
svayampraBa	1	dcs:svayampraBA~svayampraBA(NOUN,1)
sveda	1	dcs:svedam~svid(VERB,2)
svizwakft	4	dcs:svizwakfd~svizwakft(NOUN,1);dcs:svizwakft~svizwakft(NOUN,30);dcs:svizwakfta~svizwakft(NOUN,1);dcs:svizwakftaH~svizwakft(NOUN,6)
syam	2	vidyut:syama~syAmi(noun,4);vidyut:syama~syam(verb,1)
syand	1	vidyut:syandin~syandi(noun,2)
syandana	2	dcs:syandana~syandana(ADJ,1);dcs:syandanaM~syandana(ADJ,1)
syati	1	dcs:syati~sA(VERB,2)
syona	3	dcs:syona~syona(NOUN,2);dcs:syonaM~syona(NOUN,1);dcs:syonam~syona(NOUN,1)
t	1	dcs:taH~atas(ADV,20)
tA	1	dcs:tA~tad(PRON,1570)
tAlaDvajA	1	vidyut:tAlaDvaja~tAlaDvaja(noun,2)
tAlamAtra	1	vidyut:tAlamAtram~tAlamAtram(ind,1)
tAmasa	3	dcs:tAmasI~tAmasI(NOUN,10);dcs:tAmasa~tAmasa(NOUN,1);dcs:tAmasaH~tAmasa(NOUN,5)
tAmisra	1	dcs:tAmisra~tAmisra(ADJ,1)
tAmrA	1	dcs:tAmrA~tAmra(ADJ,12)
tAmrAruRa	1	vidyut:tAmrAruRa~tAmrAruRA(noun,3)
tAmra	3	dcs:tAmrARi~tAmra(ADJ,5);dcs:tAmra~tAmra(ADJ,220);dcs:tAmram~tAmra(ADJ,15)
tAmravarRA	1	vidyut:tAmravarRa~tAmravarRa(noun,2)
tAmrikA	1	vidyut:tAmrika~tAmrika(noun,2)
tAni	2	vidyut:tAnana~tan(noun,2);vidyut:tAnitAni~tan(noun,3)
tAntava	2	dcs:tAntava~tAntava(NOUN,2);dcs:tAntavaM~tAntava(NOUN,2)
tApana	2	dcs:tApana~tApana(ADJ,1);dcs:tApanam~tApana(NOUN,5)
tApasa	3	dcs:tApasaH~tApasa(ADJ,1);dcs:tApasaM~tApasa(ADJ,1);dcs:tApasam~tApasa(ADJ,2)
tApi	2	vidyut:tApayamAna~tap(noun,4);vidyut:tApayizRu~tap(noun,3)
tApya	1	dcs:tApya~tApay(VERB,2)
tAqa	1	dcs:tAqam~tAqa(ADJ,1)
tAqay	1	dcs:tAqita~tAqita(ADJ,1)
tAqi	2	vidyut:tAq~taq(noun,7);vidyut:tAq~tAwi(noun,7)
tAra	2	dcs:tAra~tAra(ADJ,3);dcs:tAraM~tAra(ADJ,4)
tAt	1	dcs:tAt~tAt(NOUN,1)
tAvat	2	dcs:tAvad~tAvat(ADJ,46);dcs:tAvat~tAvat(ADJ,180)
tF	1	dcs:tF~tF(ADV,1)
tIkzRa	7	dcs:tIkzRA~tIkzRA(NOUN,7);dcs:tIkzRAnAm~tIkzRa(NOUN,4);dcs:tIkzRa~tIkzRa(NOUN,175);dcs:tIkzRaH~tIkzRa(NOUN,3);dcs:tIkzRaM~tIkzRa(ADJ,107)
tIrTavatI	1	vidyut:tIrTavatI~tIrTavat(noun,4)
tIvra	2	dcs:tIvrA~tIvrA(NOUN,4);dcs:tIvraM~tIvra(NOUN,2)
tURI	1	dcs:tURI~tURi(NOUN,9)
tUrRam	2	dcs:tUrRaM~tUrRa(ADJ,4);dcs:tUrRam~tUrRa(ADJ,8)
tUrya	3	dcs:tUrya~tUrya(ADJ,2);vidyut:tUryARAm~tUr(noun,3);vidyut:tUryARAm~tUri(noun,3)
taTA	1	dcs:taTA~taTA(NOUN,28)
taTAgata	4	dcs:taTAgata~taTAgata(ADJ,1);dcs:taTAgatam~taTAgata(ADJ,19);dcs:taTAgate~taTAgata(ADJ,5);dcs:taTAgato~taTAgata(ADJ,1)
taTya	3	dcs:taTyaM~taTya(NOUN,9);dcs:taTyam~taTya(NOUN,12);dcs:taTyena~taTya(ADJ,1)
taYc	1	vidyut:takti~tak(noun,6)
tad	19	dcs:sa~sa(ADV,14866);dcs:saH~saH(ADV,22);dcs:so~saH(ADV,7);dcs:tABiH~tA(NOUN,2);dcs:tAByo~as(VERB,1)
tadA	1	dcs:tadA~vA(CONJ,1)
tadanantara	1	vidyut:tadanantaram~tadanantaram(ind,1)
tadarTa	1	vidyut:tadarTam~tadarTam(ind,1)
tadbalA	1	vidyut:tadbala~tadbala(noun,2)
taddina	1	vidyut:taddinam~taddinam(ind,1)
tadvat	2	dcs:tadvan~tadvat(NOUN,1);dcs:tadvat~tadvat(ADJ,7)
takz	1	dcs:takzan~takzan(NOUN,4)
tam	1	vidyut:tatama~tatama(noun,1)
tamAlaka	1	vidyut:tamAlaka~tamAlakA(noun,3)
tamonuda	1	dcs:tamonudam~tamonud(NOUN,1)
tan	5	dcs:tanoti~tanoti(NOUN,1);dcs:tanv~tanu(ADJ,1);dcs:tataM~tata(NOUN,4);dcs:tatananta~tan(VERB,1);vidyut:tanvatAm~tan(verb,1)
tanU	3	dcs:tanUnAM~tanu(NOUN,2);dcs:tanvaH~tanu(NOUN,35);dcs:tanvam~tanu(ADJ,1)
tana	1	dcs:tana~tan(NOUN,2)
tanaya	10	dcs:tanayAya~tanaya(NOUN,9);dcs:tanaya~tanaya(ADJ,1);dcs:tanayaH~tanaya(ADJ,2);dcs:tanayaM~tanaya(ADJ,6);dcs:tanayam~tanaya(ADJ,2)
tanman	1	vidyut:tanmayA~tanmaya(noun,1)
tantu	1	dcs:tantum~tan(VERB,1)
tanu	8	dcs:tanUni~tanu(NOUN,1);dcs:tanavaH~tanu(ADJ,7);dcs:tanu~tanu(NOUN,102);dcs:tanuH~tanu(ADJ,27);dcs:tanuM~tanu(ADJ,8)
tanumaDyA	1	vidyut:tanumaDyA~tanumaDya(noun,2)
tanumaDya	1	vidyut:tanumaDya~tanumaDyA(noun,3)
tanvI	3	dcs:tanvI~tanu(ADJ,16);dcs:tanvi~tanu(ADJ,3);dcs:tanvyA~tanu(NOUN,4)
tap	5	dcs:tapA~tapa(NOUN,3);dcs:tape~tapa(NOUN,1);dcs:taptA~taptf(NOUN,1);dcs:tapta~tapta(ADJ,1);dcs:taptaM~atapta(ADJ,1)
tapa	1	dcs:tapasya~tapasya(NOUN,2)
tapanIya	1	dcs:tapanIya~tap(VERB,1)
tapana	2	dcs:tapana~tapana(ADJ,2);dcs:tapanaH~tapana(ADJ,4)
tapas	2	dcs:tapa~tap(VERB,22);dcs:tapasi~tap(VERB,3)
tapasvinI	1	dcs:tapasvini~tapasvin(NOUN,3)
tapasya	1	dcs:tapasyA~tapasyA(NOUN,1)
tapatI	2	dcs:tapatI~tap(VERB,2);dcs:tapatIM~tap(VERB,1)
tapoDana	3	dcs:tapoDanA~tapoDanA(NOUN,3);dcs:tapoDanAH~tapoDana(NOUN,1);dcs:tapoDanaH~tapoDana(NOUN,3)
tapus	1	dcs:tapuH~tapu(ADJ,1)
tarI	1	dcs:tarI~tarin(ADJ,1)
tara	1	dcs:taram~tara(ADJ,1)
taraMgiRI	1	dcs:taraNgiRI~taraMgin(ADJ,1)
taraRi	2	dcs:taraRi~taraRi(ADJ,3);dcs:taraRiH~taraRi(NOUN,6)
tarala	1	dcs:taralA~taralA(NOUN,1)
taranta	1	dcs:taranta~tf(VERB,1)
taras	2	dcs:taraH~tara(ADJ,3);dcs:tarase~tf(VERB,2)
tarasvin	2	dcs:tarasvI~tarasvin(NOUN,3);dcs:tarasvinAm~tarasvin(NOUN,2)
tarda	1	dcs:tarda~tfd(VERB,4)
tardi	1	vidyut:tard~tard(noun,7)
tarji	4	vidyut:tarjyamAna~tarj(noun,2);vidyut:tark~tarj(noun,7);vidyut:tark~tark(noun,7);vidyut:tark~tarki(noun,7)
tark	3	vidyut:tarkaya~tarki(verb,1);vidyut:tarkayitavya~tarki(noun,2);vidyut:tarkin~tarki(noun,2)
tarpaRa	2	dcs:tarpaRa~tarpaRa(ADJ,5);dcs:tarpaRam~tarpaRa(ADJ,6)
tarpi	2	vidyut:tarpayAYcakrire~tfp(verb,2);vidyut:tarpyamARa~tfp(noun,2)
taruRI	1	dcs:taruRI~taruRa(ADJ,20)
taruRa	8	dcs:taruRa~taruRa(NOUN,4);dcs:taruRaH~taruRa(NOUN,3);dcs:taruRaM~taruRa(NOUN,1);dcs:taruRam~taruRa(NOUN,5);dcs:taruRo~taruRa(NOUN,3)
tarutf	1	vidyut:tarutrA~tarutra(noun,1)
taruza	1	dcs:taruzaH~tarus(NOUN,1)
tasmAt	4	dcs:tasmAc~tad(PRON,29);dcs:tasmAd~tad(PRON,760);dcs:tasmAn~tad(PRON,133);dcs:tasmAt~tad(PRON,1781)
tatas	6	dcs:tatA~tan(VERB,1);dcs:tata~tan(VERB,23);dcs:tataH~tatas(NOUN,16);dcs:tataS~tatas(NOUN,2);dcs:tatas~tata(NOUN,1)
tatkzaRa	2	vidyut:tatkzaRAt~tatkzaRAt(ind,1);vidyut:tatkzaRam~tatkzaRam(ind,1)
tatpUrva	1	vidyut:tatpUrvam~tatpUrvam(ind,1)
tatra	1	dcs:tatra~tf(VERB,25)
tavas	3	dcs:tavasA~tavas(NOUN,1);dcs:tavase~tavas(NOUN,1);vidyut:tavas~tu(noun,3)
taviza	2	dcs:taviza~taviza(NOUN,1);dcs:tavizaM~taviza(ADJ,1)
tavyas	1	vidyut:tavyas~tu(noun,1)
tazwf	1	dcs:tazwA~takz(VERB,2)
tejas	1	dcs:tejasA~prasah(VERB,1)
tejasvin	3	dcs:tejasvI~tejasvin(NOUN,3);dcs:tejasvinI~tejasvinI(NOUN,8);dcs:tejasvinaH~tejasvin(NOUN,1)
tepi	2	vidyut:tepi~tep(noun,9);vidyut:tepi~tip(noun,3)
tetij	1	dcs:tetikte~tetikte(NOUN,1)
tf	3	dcs:tara~tara(NOUN,7);dcs:tarantaH~taranta(NOUN,1);dcs:tira~tiras(ADV,33)
tfMh	1	vidyut:tfMhat~tfh(noun,3)
tfkzi	1	vidyut:tfkzi~tfkz(noun,9)
tfp	5	dcs:atfpyan~atfpyat(ADJ,1);dcs:tfpta~atfpta(ADJ,1);vidyut:tarpaka~tarpi(noun,16);vidyut:tfp~tfP(noun,7);vidyut:tfp~tfmP(noun,3)
tftIyA	1	dcs:tftIyAyAm~tftIya(ADJ,5)
tftIya	7	dcs:tftIyA~tftIyA(NOUN,49);dcs:tftIyAm~tftIyA(NOUN,5);dcs:tftIya~tftIya(NOUN,2);dcs:tftIyaM~tftIyam(ADV,9);dcs:tftIyam~tftIyam(ADV,60)
tfzwa	1	dcs:tfzwa~tfz(VERB,1)
tiTi	1	dcs:tiTiH~atiTi(NOUN,20)
tikta	1	dcs:tikta~tikta(NOUN,2)
timira	3	dcs:timira~timira(ADJ,3);dcs:timiram~timira(ADJ,1);dcs:timire~timira(ADJ,4)
tiraScI	1	dcs:tiraScyA~tiryaYc(ADJ,3)
tiryagyoni	1	dcs:tiryagyoni~tiryagyoni(ADJ,2)
titarIza	1	vidyut:titIrzu~titarIzi(noun,3)
titikzu	1	dcs:titikzuH~titikzu(NOUN,2)
toyaDArA	1	vidyut:toyaDArA~toyaDAra(noun,1)
trA	2	dcs:trAta~trAta(NOUN,1);dcs:trAtu~trAtu(NOUN,4)
trApi	1	vidyut:atrApi~trap(verb,1)
trAsi	1	vidyut:trAsyamAna~trE(noun,4)
trAtf	1	dcs:trAtA~trA(VERB,13)
trayI	2	dcs:trayI~traya(ADJ,15);dcs:trayIm~traya(ADJ,1)
traya	4	dcs:trayAH~traya(NOUN,1);dcs:traya~tri(NUM,133);dcs:trayaM~traya(ADJ,5);dcs:trayam~traya(ADJ,4)
trayodaSI	3	dcs:trayodaSI~trayodaSa(ADJ,3);dcs:trayodaSIm~trayodaSa(ADJ,4);dcs:trayodaSyAm~trayodaSa(ADJ,1)
trayodaSan	1	dcs:trayodaSa~trayodaSa(ADJ,9)
treDA	1	dcs:treDA~prajA(NOUN,1)
tri	6	dcs:trI~tris(ADV,11);dcs:trayARAM~traya(NOUN,1);dcs:trayARAm~traya(NOUN,2);dcs:trayaH~traya(ADJ,10);dcs:trayo~traya(ADJ,5)
triSIrzan	1	vidyut:triSIrza~triSIrza(noun,2)
triSiras	1	dcs:triSirAH~triSiras(ADJ,1)
tridaSa	3	dcs:tridaSA~tridaSa(ADJ,1);dcs:tridaSAH~tridaSa(ADJ,1);dcs:tridaSa~tridaSa(ADJ,3)
triguRa	5	dcs:triguRAni~triguRa(NOUN,1);dcs:triguRAt~triguRa(NOUN,2);dcs:triguRa~triguRa(NOUN,28);dcs:triguRaM~triguRa(NOUN,3);dcs:triguRam~triguRa(NOUN,3)
trijawa	1	vidyut:trijawa~trijawA(noun,3)
trika	2	dcs:trikA~trikA(NOUN,1);dcs:trika~trika(ADJ,6)
trimuKA	1	vidyut:trimuKa~trimuKa(noun,2)
tripadA	1	dcs:tripadA~tripad(ADJ,1)
tripadI	1	dcs:tripadI~tripada(ADJ,1)
tris	3	dcs:triH~atri(NOUN,8);dcs:trir~atri(NOUN,7);dcs:tris~atri(NOUN,1)
trivft	7	dcs:trivft~trivft(ADJ,157);dcs:trivftA~trivftA(NOUN,36);dcs:trivfta~trivft(NOUN,2);dcs:trivftaH~trivft(NOUN,4);dcs:trivftaM~trivft(NOUN,8)
trivfza	1	vidyut:trivfza~trivfzan(noun,3)
truw	1	vidyut:truwa~truw(verb,1)
tryanIkA	1	vidyut:tryanIka~tryanIka(noun,2)
tu	3	dcs:tU~tu(NOUN,1);dcs:tu~tu(NOUN,8);vidyut:tuta~tu(verb,1)
tuNga	2	dcs:tuNga~tuNga(NOUN,12);dcs:tuNgam~tuNga(NOUN,2)
tuRqa	1	dcs:tuRqA~tuRqA(NOUN,1)
tuRqika	1	vidyut:tuRqika~tuRqikA(noun,3)
tuYj	9	vidyut:tun~tuYji(noun,21);vidyut:tun~tumb(noun,14);vidyut:tun~tumbi(noun,14);vidyut:tun~tumPi(noun,14);vidyut:tun~tumpi(noun,14)
tud	2	dcs:tuda~tuda(NOUN,1);dcs:tudad~tud(VERB,1)
tugryA	2	vidyut:tugryA~tugrya(noun,1);vidyut:tugrya~tugrya(noun,2)
tuj	2	dcs:tujA~tuj(ADJ,1);dcs:tujaye~tuji(NOUN,1)
tumula	5	dcs:tumula~tumula(NOUN,3);dcs:tumulaH~tumula(NOUN,1);dcs:tumulaM~tumula(NOUN,14);dcs:tumulam~tumula(NOUN,4);dcs:tumule~tumula(NOUN,23)
tundI	1	vidyut:tundyAm~tundi(noun,2)
tur	1	dcs:turaH~tura(ADJ,7)
turIya	3	dcs:turIya~turIya(NOUN,5);dcs:turIyaM~turIya(NOUN,7);dcs:turIyam~turIya(NOUN,13)
tura	1	dcs:turaM~tura(NOUN,1)
turaMgI	1	vidyut:turaNgI~turaMgin(noun,1)
turayA	2	vidyut:turayA~tura(noun,1);vidyut:turayA~tur(noun,1)
turya	1	dcs:turya~turya(ADJ,14)
tuvikUrmi	1	vidyut:tuvikUrmi~tuvikUrmin(noun,3)
tuz	4	dcs:tuzwaH~tuzwa(NOUN,1);dcs:tuzwe~tuzwi(NOUN,1);dcs:tuzyat~tuz(VERB,1);vidyut:tozin~tozi(noun,2)
tuzAra	1	dcs:tuzAra~tuzAra(ADJ,2)
tvAdfSa	1	vidyut:tvAdfSam~tvAdfS(noun,2)
tvAzwra	3	dcs:tvAzwra~tvAzwra(NOUN,2);dcs:tvAzwram~tvAzwra(NOUN,4);dcs:tvAzwrasya~tvAzwra(ADJ,1)
tva	5	dcs:tva~tva(ADJ,2);dcs:tvaH~tva(NOUN,3);dcs:tvam~tvad(PRON,4293);dcs:tvan~tvad(PRON,5);dcs:tve~tvad(PRON,136)
tvac	2	dcs:tvac~tvac(ADV,82);dcs:tvak~tvac(ADV,6)
tvaca	2	vidyut:tvacasya~tvacasya(noun,2);vidyut:tvacasya~tvac(noun,2)
tvad	15	dcs:tava~tava(NOUN,1);dcs:te~tad(PRON,12673);dcs:tuBya~tuBya(NOUN,1);dcs:tvA~tva(NOUN,18);dcs:tvaM~tva(NOUN,102)
tvar	9	dcs:tUrRa~tUrRa(ADJ,1);dcs:tvara~tvara(NOUN,3);dcs:tvaritA~tvarita(ADJ,24);dcs:tvaritAH~tvarita(ADJ,19);dcs:tvarita~tvarita(ADJ,7)
tvaritam	2	dcs:tvaritaM~tvarita(ADJ,27);dcs:tvaritam~tvarita(ADJ,8)
tviz	2	vidyut:tvezya~tvezi(noun,2);vidyut:tvizI~tvizi(noun,6)
tya	3	dcs:tya~tya(NOUN,1);dcs:tyaM~atya(NOUN,1);dcs:zya~sA(VERB,3)
tyaj	1	dcs:tyaja~tyaja(NOUN,1)
u	4	dcs:U~U(ADV,23);dcs:v~v(NOUN,3);vidyut:utaye~ve(noun,4);vidyut:utyA~ve(noun,3)
uB	4	vidyut:up~vap(noun,7);vidyut:up~ubj(noun,7);vidyut:up~ubji(noun,7);vidyut:up~umB(noun,3)
uBa	1	dcs:uBa~uB(PRON,1)
uBaya	1	dcs:uBayA~uBayA(ADV,3)
uSAnA	1	vidyut:uSAna~vaS(noun,2)
uSat	1	vidyut:uSat~vaS(noun,3)
uSij	4	dcs:uSijAm~uSij(NOUN,1);dcs:uSija~uSij(NOUN,1);dcs:uSijaH~uSija(NOUN,2);dcs:uSijo~uSij(NOUN,3)
ucC	3	vidyut:ucCAt~ucCi(noun,8);vidyut:ucCanti~ucC(verb,2);vidyut:ucCena~ucCi(noun,8)
ucCad	2	vidyut:ucCat~ucCAdi(noun,7);vidyut:ucCat~ucC(noun,6)
ucCedi	1	vidyut:ucCed~ucC(verb,2)
ucCid	2	dcs:ucCinna~ucCinna(NOUN,1);vidyut:ucCedin~ucCedi(noun,2)
ucCiz	1	dcs:ucCizwaH~ucCizwa(ADJ,5)
ucCizwa	6	dcs:ucCizwAt~ucCizwa(NOUN,1);dcs:ucCizwa~ucCiz(VERB,13);dcs:ucCizwaM~ucCiz(VERB,5);dcs:ucCizwam~ucCiz(VERB,19);dcs:ucCizwe~ucCiz(VERB,2)
uccA	1	dcs:uccA~ucca(ADJ,4)
ucca	2	dcs:ucca~ucca(NOUN,8);dcs:uccaH~ucca(NOUN,1)
uccar	1	vidyut:uccarate~uccar(verb,1)
ucita	6	dcs:ucitA~uc(VERB,1);dcs:ucitAm~uc(VERB,1);dcs:ucita~uc(VERB,10);dcs:ucitaM~uc(VERB,1);dcs:ucitam~uc(VERB,9)
ud	2	dcs:uc~uc(NOUN,5);dcs:ud~ud(NOUN,13)
udAay	3	vidyut:udAyya~udAAyi(noun,2);vidyut:udAyya~udAay(ind,1);vidyut:udAyya~udAAyi(ind,1)
udAhf	1	vidyut:udAhfta~udAhf(verb,1)
udAra	4	dcs:udArAH~udAra(NOUN,1);dcs:udArAn~udAra(NOUN,5);dcs:udAra~udAra(NOUN,1);dcs:udAre~udAra(NOUN,1)
udAs	1	dcs:udAsInA~udAsIna(ADJ,1)
udAsIna	2	dcs:udAsIna~udAsIna(ADJ,4);dcs:udAsInaH~udAsIna(ADJ,4)
udAsa	1	dcs:udAsam~udas(VERB,1)
udAtta	1	dcs:udAtta~udAtta(ADJ,11)
udBAs	1	vidyut:udBAsin~udBAsi(noun,2)
udBAvana	1	dcs:udBAvana~udBAvana(ADJ,1)
udBU	2	vidyut:udBAvya~udBAvi(noun,2);vidyut:udBAvya~udBAvi(ind,1)
udBava	2	dcs:udBava~udBava(ADJ,31);dcs:udBavaH~udBava(NOUN,68)
udBf	2	vidyut:udBaranti~udBf(verb,1);vidyut:udBare~udBf(verb,1)
udBid	2	dcs:udBid~udBid(ADJ,1);dcs:udBidaH~udBida(NOUN,1)
udBida	1	dcs:udBida~udBida(ADJ,1)
udBram	1	vidyut:udBrAmyati~udBram(verb,1)
udDan	3	dcs:udData~udData(ADJ,10);dcs:udDataH~udData(ADJ,2);dcs:udDatam~udData(ADJ,4)
udDarzaRa	1	dcs:udDarzaRam~udDarzaRa(ADJ,1)
udDfz	1	vidyut:udDarzin~udDarzi(noun,4)
udGuz	1	dcs:udGuzwa~udGuzwa(NOUN,3)
udIcya	3	dcs:udIcyAH~udaYc(ADJ,7);dcs:udIcyAn~udIcya(ADJ,1);dcs:udIcya~udIcya(NOUN,10)
udIr	3	dcs:udIrRa~udIrRa(ADJ,1);vidyut:udIr~udIri(noun,7);vidyut:udIryamARa~udIri(noun,2)
uda	1	dcs:udaBiH~udan(NOUN,1)
udaYc	5	dcs:udIcI~udIcI(NOUN,15);dcs:udIcIM~udIcI(NOUN,8);dcs:udIcIm~udIcI(NOUN,6);dcs:udIcyA~udIcya(ADJ,4);dcs:udIcyAM~udIcI(NOUN,7)
udac	1	vidyut:udaca~udac(verb,1)
udanvant	1	dcs:udanvAn~udanvat(ADJ,1)
udanya	2	dcs:udanyA~udanyA(NOUN,2);dcs:udanya~udanya(NOUN,1)
udara	4	dcs:udarAH~udara(ADJ,1);dcs:udara~udara(ADJ,1);dcs:udaraH~udara(ADJ,1);dcs:udare~udara(ADJ,4)
udarci	1	vidyut:udarci~udfc(noun,3)
udaya	1	dcs:udayaM~udyam(VERB,1)
udbanDi	1	vidyut:udbanDinI~udbanD(noun,4)
uddeSa	1	dcs:uddeSatas~uddeSatas(ADV,1)
uddyota	1	dcs:uddyota~uddyota(ADJ,1)
udgA	1	dcs:udgIta~udgIta(NOUN,3)
udgam	2	vidyut:udgantA~udgantf(noun,1);vidyut:udgantA~udgam(noun,1)
udi	2	dcs:uditasya~vad(VERB,2);dcs:udyantaM~udyant(NOUN,1)
udubji	2	vidyut:udubja~udubj(noun,4);vidyut:udubja~udubj(verb,1)
udvaha	1	dcs:udvaha~udvah(VERB,8)
udvat	2	dcs:udvat~udaYc(ADJ,1);dcs:udvatA~udvat(NOUN,1)
udvftta	1	vidyut:udvfttAnAm~udvft(noun,3)
udviIkz	1	vidyut:udvIkzita~udviIkzi(noun,2)
udvij	1	vidyut:udvejanIya~udveji(noun,4)
udyantf	1	dcs:udyantA~udyam(VERB,1)
udyu	1	vidyut:udyuta~udyu(verb,1)
ugra	11	dcs:ugrA~ugrA(NOUN,18);dcs:ugrARAm~ugra(NOUN,1);dcs:ugrAm~ugra(NOUN,1);dcs:ugrAn~ugra(NOUN,1);dcs:ugrAya~ugra(NOUN,14)
uh	1	vidyut:uhyatAm~vah(verb,1)
ujjIv	1	vidyut:ujjIvita~ujjIvi(noun,2)
ujjihAnA	2	vidyut:ujjihAnA~ujjihAna(noun,1);vidyut:ujjihAnA~udDA(noun,2)
ujjihIrza	1	vidyut:ujjihIrzu~ujjihIrzi(noun,3)
ujjval	1	vidyut:ujjval~ujjvAli(noun,7)
ujjvala	1	dcs:ujjvala~ujjvala(NOUN,3)
ukTya	5	dcs:ukTyA~ukTya(ADJ,2);dcs:ukTya~ukTya(ADJ,2);dcs:ukTyaH~ukTya(ADJ,16);dcs:ukTyam~ukTya(ADJ,38);dcs:ukTyas~ukTya(ADJ,1)
ukz	1	dcs:ukzamARam~vakz(VERB,1)
ulbaRa	1	dcs:ulbaRam~ulbaRa(NOUN,7)
und	1	vidyut:udyamAna~vad(noun,2)
unmAdi	1	vidyut:unmAdayati~unmAdi(verb,1)
unmaT	1	vidyut:unmaTitA~unmaT(verb,2)
unmad	4	dcs:unmattA~unmattA(NOUN,1);dcs:unmatta~unmatta(NOUN,39);dcs:unmattam~unmatta(NOUN,1);vidyut:unmattavat~unmattavat(ind,1)
unmada	1	dcs:unmada~unmada(ADJ,2)
unmocana	1	dcs:unmocana~unmocana(ADJ,1)
unnI	1	dcs:unnIya~unnIya(ADJ,1)
unnad	1	vidyut:unnad~unnah(noun,7)
unnam	5	dcs:unnatA~unnata(ADJ,6);dcs:unnata~unnata(ADJ,7);dcs:unnataM~unnata(ADJ,1);dcs:unnatam~unnata(ADJ,8);dcs:unnatezu~unnata(ADJ,1)
upAMSu	1	dcs:upAMSu~upAMSu(NOUN,53)
upAcar	1	dcs:upAcaran~upacar(VERB,1)
upAka	1	vidyut:upAkayos~upAkA(noun,4)
upAnah	1	dcs:upAnah~upAnah(NOUN,16)
upAsitf	1	dcs:upAsitA~upAs(VERB,2)
upAsti	1	dcs:upAsti~upAs(VERB,1)
upAvft	1	dcs:upAvftta~upAvftta(NOUN,1)
upAya	5	dcs:upAyAn~upayA(VERB,1);dcs:upAyAt~upayA(VERB,11);dcs:upAyaM~upe(VERB,1);dcs:upAyam~upe(VERB,1);dcs:upAyataH~upAyatas(ADV,5)
upa	1	dcs:upa~upa(NOUN,14)
upaAGrA	4	vidyut:upAGrAta~upaGrA(verb,1);vidyut:upAGrAta~upaAGrA(verb,1);vidyut:upAjiGrat~upaGrA(verb,1);vidyut:upAjiGrat~upaAGrA(verb,1)
upaASri	1	vidyut:upASrayanti~upaASri(verb,1)
upaAdA	3	vidyut:upAdAsye~upadA(verb,2);vidyut:upAdAsye~upadI(verb,2);vidyut:upAdAsye~upadAsi(verb,1)
upaAi	1	vidyut:upAyatA~upaAyam(noun,1)
upaAkf	2	vidyut:upAkurvan~upaskf(verb,1);vidyut:upAkurvan~upaAkf(verb,1)
upaAlaB	2	vidyut:upAlabDa~upalaB(verb,1);vidyut:upAlabDa~upaAlaB(verb,1)
upaAsi	2	vidyut:upAs~upaas(noun,7);vidyut:upAs~upaAs(noun,7)
upaAvarti	2	vidyut:upAvartayat~upavarti(verb,1);vidyut:upAvartayat~upaAvarti(verb,1)
upaAviS	1	vidyut:upAviSa~upaAviS(verb,1)
upaAyAyA	5	vidyut:upAyAyAt~upaAyA(noun,3);vidyut:upAyAyAt~upaAyA(verb,2);vidyut:upAyAyAt~upaAyAyAya(noun,2);vidyut:upAyAyAt~upayAyA(verb,1);vidyut:upAyAyAt~upaAyAyA(verb,1)
upaAyam	2	vidyut:upAyata~upayam(verb,1);vidyut:upAyata~upaAyam(verb,1)
upaDA	1	dcs:upahitam~upahita(ADJ,2)
upaDAtu	2	vidyut:upaDAtum~upaDe(ind,1);vidyut:upaDAtum~upaDA(ind,1)
upaGAta	1	dcs:upaGAtam~upahan(VERB,14)
upaIkz	2	vidyut:upekzaRIya~upaIkzi(noun,2);vidyut:upekzizye~upaIkzi(verb,2)
upaSI	1	vidyut:upaSAyin~upaSAyi(noun,2)
upaSikzi	2	vidyut:upaSikzita~upaSikz(noun,2);vidyut:upaSikzita~upaSikza(noun,2)
upaSozi	1	vidyut:upaSoza~upaSuz(noun,6)
upaSrotf	1	dcs:upaSrotA~upaSru(VERB,1)
upaas	4	vidyut:upAsitavya~upaAs(noun,2);vidyut:upAsitf~upaAs(noun,6);vidyut:upAsyamAna~upaAsi(noun,4);vidyut:upAsyamAna~upaAs(noun,2)
upaav	2	vidyut:upavas~upavas(noun,7);vidyut:upavas~upavA(noun,1)
upaavasfj	1	vidyut:upAvasfja~upaavasfj(verb,1)
upabarhaRI	2	vidyut:upabarhaRI~upabfh(noun,2);vidyut:upabarhaRI~upabarhi(noun,2)
upacar	2	dcs:upacaryA~upacaryA(NOUN,2);vidyut:upacArin~upacAri(noun,2)
upaci	3	vidyut:upacAyaka~upacAy(noun,4);vidyut:upacAyaka~upacAyi(noun,4);vidyut:upacAyaka~upacApi(noun,4)
upacitra	1	vidyut:upacitra~upacitrA(noun,3)
upadA	1	vidyut:upatti~upaday(noun,6)
upadADA	1	vidyut:upaDehi~upaDA(verb,1)
upaday	2	vidyut:upadas~upadas(noun,7);vidyut:upadas~upadA(noun,1)
upadeSanA	3	vidyut:upadeSana~upadeSana(noun,2);vidyut:upadeSana~upadiS(noun,2);vidyut:upadeSana~upadeSi(noun,2)
upadiS	1	dcs:upadizwam~upadizwa(NOUN,1)
upadrava	1	dcs:upadrava~upadru(VERB,2)
upaga	1	dcs:upagA~upagA(NOUN,1)
upagam	1	dcs:upagatam~upagata(NOUN,1)
upaguh	1	dcs:upagUha~upagUha(NOUN,1)
upahf	1	dcs:upAharan~upAhf(VERB,2)
upahiMs	1	vidyut:upahiMsAm~upahiMsi(noun,14)
upai	1	vidyut:uped~upaAi(noun,7)
upajApi	2	vidyut:upajApaka~upajap(noun,2);vidyut:upajApya~upajApi(ind,1)
upajIv	3	dcs:upajIvitA~upajIvitf(ADJ,2);vidyut:upajIvanIya~upajIvi(noun,2);vidyut:upajIvin~upajIvi(noun,2)
upaja	1	dcs:upajAya~upajan(VERB,1)
upakAryA	1	dcs:upakAryAm~upakArI(NOUN,1)
upakaRWa	1	dcs:upakaRWa~upakaRWa(ADJ,2)
upakzi	1	vidyut:upakziyanti~upakzi(verb,1)
upalaB	3	dcs:upAlaBata~upAlaB(VERB,1);dcs:upAlaBe~upAlaB(VERB,1);dcs:upalabDA~upalabDf(ADJ,3)
upamAna	1	dcs:upamAnasya~upamAna(ADJ,1)
upama	3	dcs:upamA~upamA(NOUN,38);dcs:upamAH~upamA(NOUN,1);dcs:upamAm~upamA(NOUN,21)
upamit	1	vidyut:upamitA~upamA(noun,1)
upanaya	1	dcs:upanaya~upanI(VERB,2)
upanipat	1	vidyut:upanipatizyati~upanipat(verb,1)
upanizad	2	dcs:upanizada~upanizada(NOUN,1);vidyut:upanizadA~upanizada(noun,1)
upapAdi	1	vidyut:upapAdaka~upapad(noun,2)
upapad	3	dcs:upapannAH~upapanna(ADJ,1);dcs:upapannam~upapanna(ADJ,1);vidyut:upapAdin~upapAdi(noun,2)
upaplava	1	dcs:upaplave~upaplu(VERB,1)
upaprai	1	vidyut:upapreta~upaprai(verb,1)
upara	3	dcs:upara~upara(ADJ,4);dcs:uparam~upara(NOUN,6);dcs:upare~upara(NOUN,1)
uparaYj	1	vidyut:uparaYjana~uparAji(noun,4)
upasTA	1	dcs:upasTite~upasTita(NOUN,1)
upasTApanA	2	vidyut:upasTApana~upasTApana(noun,2);vidyut:upasTApana~upasTApi(noun,2)
upasTa	3	dcs:upasTA~upasTa(ADJ,1);dcs:upasTa~upasTa(ADJ,1);dcs:upasTaH~upasTa(ADJ,1)
upasaMgAmi	2	vidyut:upasaNgamya~upasaMgam(noun,2);vidyut:upasaNgamya~upasaMgam(ind,1)
upasaMgrah	1	vidyut:upasaNgrAhyA~upasaMgrAhi(noun,1)
upasaMpraAp	4	vidyut:upasamprAptA~upasaMpraAp(verb,2);vidyut:upasamprApya~upasaMpraApi(noun,2);vidyut:upasamprApya~upasaMpraAp(ind,1);vidyut:upasamprApya~upasaMpraApi(ind,1)
upasaMskAri	1	vidyut:upasaMkAra~upasaMskf(noun,2)
upasaMskf	1	dcs:upasaMskftam~upasaMskfta(ADJ,1)
upasev	1	vidyut:upasevin~upasevi(noun,2)
upaskAri	2	vidyut:upakArin~upaskf(noun,2);vidyut:upakArin~upaskF(noun,2)
upastu	1	dcs:upastutaH~upastuta(NOUN,1)
upastuta	1	dcs:upastutam~upastu(VERB,1)
upatap	1	vidyut:upatApin~upatApi(noun,2)
upavAsi	1	vidyut:upavAsaka~upavas(noun,4)
upavac	1	vidyut:upavAkya~upabrU(noun,2)
upavand	3	vidyut:upavandya~upavandi(noun,2);vidyut:upavandya~upavand(ind,1);vidyut:upavandya~upavandi(ind,1)
upavas	1	vidyut:upavAsin~upavAsi(noun,4)
upaveSi	1	vidyut:upaveSi~upaviS(noun,3)
upayat	1	vidyut:upayatam~upayam(noun,3)
upe	8	dcs:upetAH~upeta(ADJ,9);dcs:upetAm~upeta(ADJ,1);dcs:upetAn~upeta(ADJ,3);dcs:upeta~upeta(ADJ,3);dcs:upetaH~upeta(ADJ,17)
upekz	1	dcs:upekze~upekzA(NOUN,1)
uraga	1	dcs:uragA~uragA(NOUN,2)
uras	1	dcs:ura~ura(NOUN,2)
uru	5	dcs:uru~uru(NOUN,6);dcs:uruH~uru(NOUN,1);dcs:urvIH~urvI(NOUN,3);dcs:urvIr~urvI(NOUN,4);dcs:urvyA~urviyA(ADV,2)
urujrayas	1	vidyut:urujrayas~urujri(noun,4)
urukrama	1	dcs:urukramaH~urukrama(ADJ,2)
uruzy	1	dcs:uruzyA~uruzyA(ADV,1)
urvI	3	dcs:urvI~uru(ADJ,37);dcs:urvIm~uru(ADJ,8);dcs:urvyAH~uru(ADJ,1)
urviyA	1	dcs:urviyA~urvI(NOUN,1)
usrA	1	dcs:usrAH~usra(NOUN,5)
usriyA	4	dcs:usriyA~usriya(ADJ,1);dcs:usriyABiH~usriya(ADJ,1);dcs:usriyAH~usriya(ADJ,1);dcs:usriyARAm~usriya(ADJ,2)
usriya	2	dcs:usriyo~usriya(NOUN,1);vidyut:usriya~usriyA(noun,3)
utTA	4	dcs:utTAya~utTa(ADJ,1);dcs:utTitaM~utTita(NOUN,1);dcs:utTitam~utTita(NOUN,1);dcs:utTito~utTita(NOUN,1)
utTa	1	dcs:utTa~utTa(NOUN,2)
utkIrti	1	vidyut:utkIrtya~utkIrti(ind,2)
utkampa	1	dcs:utkampa~utkampa(ADJ,2)
utkawa	1	dcs:utkawa~utkawa(NOUN,1)
utkfzwa	2	dcs:utkfzwa~utkfz(VERB,9);dcs:utkfzwam~utkfz(VERB,1)
utkruS	1	dcs:utkruzwam~utkruzwa(NOUN,2)
utkruzwa	1	dcs:utkruzwa~utkruS(VERB,4)
utkuc	1	vidyut:utkocin~utkoci(noun,2)
utpAdaka	2	dcs:utpAdaka~utpAdaka(NOUN,3);dcs:utpAdakaH~utpAdaka(NOUN,2)
utpAdana	1	dcs:utpAdanam~utpAdana(ADJ,2)
utpAday	1	dcs:utpAdya~utpAdya(ADJ,1)
utpaTa	1	dcs:utpaTe~utpaTa(NOUN,1)
utpat	3	dcs:utpata~utpata(NOUN,1);vidyut:utpad~utpad(noun,7);vidyut:utpat~utpad(noun,7)
utpiz	1	dcs:utpizwa~utpizwa(ADJ,1)
utpraIkz	1	vidyut:utprekzaRIya~utpraIkzi(noun,2)
utsAri	2	vidyut:utsAra~utsf(noun,4);vidyut:utsAri~utsf(noun,6)
utsad	2	dcs:utsannA~utsanna(ADJ,1);dcs:utsanna~utsanna(ADJ,6)
utsah	1	vidyut:utsAhin~utsAhi(noun,4)
utsarji	1	vidyut:utsarja~utsfj(noun,4)
utsfp	1	vidyut:utsarpizu~utsarpi(noun,2)
utsic	1	dcs:utsikta~utsikta(ADJ,1)
utsuka	2	dcs:utsuka~utsuka(NOUN,1);dcs:utsukam~utsuka(NOUN,1)
uttAna	1	dcs:uttAna~uttAna(NOUN,2)
uttAraRa	1	dcs:uttAraRAya~uttAraRa(ADJ,1)
uttama	8	dcs:uttamA~uttamA(NOUN,18);dcs:uttamAm~uttamA(NOUN,2);dcs:uttama~uttama(NOUN,1);dcs:uttamaH~uttama(NOUN,18);dcs:uttamaM~uttama(NOUN,1)
uttarA	1	dcs:uttarAyAH~uttara(ADJ,2)
uttarAt	1	dcs:uttarAt~uttara(ADJ,38)
uttara	13	dcs:uttarA~uttarA(NOUN,42);dcs:uttarAH~uttara(NOUN,2);dcs:uttarAM~uttarA(NOUN,9);dcs:uttarARi~uttara(NOUN,3);dcs:uttarAm~uttarA(NOUN,4)
uttaratas	1	dcs:uttarataH~uttara(ADJ,1)
uttareRa	1	dcs:uttareRa~uttara(ADJ,147)
uttarottara	1	dcs:uttarottaram~uttarottara(NOUN,3)
uzRa	4	dcs:uzRa~uzRa(NOUN,79);dcs:uzRaM~uzRa(NOUN,8);dcs:uzRam~uzRa(NOUN,15);dcs:uzRena~uzRa(NOUN,5)
uza	4	dcs:uzAsa~uzas(NOUN,1);vidyut:uzAs~uzA(noun,5);vidyut:uzAs~uzas(noun,4);vidyut:uzAs~uz(noun,5)
uzarbuD	2	dcs:uzarbuDaH~uzarbuDa(NOUN,2);dcs:uzarbuDo~uzarbuDa(NOUN,1)
uzas	2	dcs:uzA~uzA(NOUN,34);dcs:uzAm~uzA(NOUN,3)
vA	3	dcs:avAn~av(VERB,1);dcs:vA~vE(PART,5871);dcs:vAti~vAti(NOUN,1)
vAS	1	dcs:vAvaSAnA~vaS(VERB,4)
vASrA	1	dcs:vASrA~vASra(ADJ,4)
vASra	1	dcs:vASrAH~vASrA(NOUN,1)
vAYC	2	dcs:vAYCita~vAYCita(NOUN,7);dcs:vAYCitam~vAYCita(NOUN,7)
vAc	4	dcs:vAcam~iti(PART,1);dcs:vAcas~avAYc(ADJ,1);dcs:vAci~vac(VERB,10);dcs:vAk~avAk(ADV,1)
vAcaMyama	1	dcs:vAcaMyama~vAcaMyama(NOUN,1)
vAcaka	2	dcs:vAcaka~vAcaka(NOUN,7);dcs:vAcakaH~vAcaka(NOUN,2)
vAci	1	vidyut:vAcyamAna~vac(noun,2)
vAdin	9	dcs:vAdI~vAdin(NOUN,18);dcs:vAdi~vAdin(NOUN,6);dcs:vAdinA~vAdin(NOUN,10);dcs:vAdinAM~vAdin(NOUN,2);dcs:vAdinAm~vAdin(NOUN,1)
vAdita	1	dcs:vAdita~vAday(VERB,1)
vAgmin	1	dcs:vAgmI~vAgmin(NOUN,2)
vAha	6	dcs:vAhA~vAha(ADJ,3);dcs:vAhAH~vAha(ADJ,14);dcs:vAhAt~vAha(NOUN,3);dcs:vAha~vAha(ADJ,3);dcs:vAhaH~vAh(NOUN,12)
vAhaka	1	dcs:vAhakAH~vAhaka(NOUN,1)
vAhana	6	dcs:vAhanAH~vAhana(ADJ,5);dcs:vAhanAn~vAhana(ADJ,1);dcs:vAhana~vAhana(ADJ,7);dcs:vAhanaH~vAhana(ADJ,36);dcs:vAhanam~vAhana(ADJ,19)
vAhas	1	dcs:vAhasA~vAhas(NOUN,4)
vAhay	1	dcs:vAhyA~vAhyA(NOUN,1)
vAhi	2	vidyut:vAhani~vAh(noun,1);vidyut:vAhyamAna~vAh(noun,2)
vAhin	1	dcs:vAhi~vA(VERB,13)
vAhinI	2	dcs:vAhinI~vAhin(ADJ,34);dcs:vAhinIm~vAhin(ADJ,7)
vAhya	1	dcs:vAhya~vah(VERB,4)
vAjaSravas	1	vidyut:vAjaSravas~vAjaSrava(noun,1)
vAjasA	2	vidyut:vAjasA~vAjasAman(noun,1);vidyut:vAjasAm~vAjasAman(noun,2)
vAjin	13	dcs:vAjI~vAjin(ADJ,40);dcs:vAji~vAjin(ADJ,8);dcs:vAjin~vAjin(ADJ,8);dcs:vAjinA~vAjin(ADJ,10);dcs:vAjinAm~vAjin(ADJ,3)
vAjinI	1	dcs:vAjinI~vAjin(ADJ,1)
vAlUkA	1	vidyut:vAlUkA~vAlUka(noun,1)
vAlaKilya	1	vidyut:vAlaKilyAnAm~vAlaKilyA(noun,2)
vAluka	1	dcs:vAluka~vAluka(ADJ,3)
vAmA	1	dcs:vAmA~vAma(ADJ,15)
vAmAkzI	1	vidyut:vAmAkzI~vAmAkzi(noun,6)
vAmAkzi	1	vidyut:vAmAkzIRAm~vAmAkzI(noun,2)
vAma	8	dcs:vAmAni~vAma(NOUN,3);dcs:vAmI~vAmin(ADJ,3);dcs:vAma~vAma(NOUN,16);dcs:vAmaM~vAma(NOUN,8);dcs:vAmam~vAma(NOUN,15)
vAmanIkf	1	dcs:vAmanIkfta~vAmanIkfta(ADJ,1)
vAmana	4	dcs:vAmanA~vAmanA(NOUN,1);dcs:vAmanAH~vAmana(NOUN,1);dcs:vAmanAya~vAmana(ADJ,1);dcs:vAmana~vAmana(ADJ,19)
vAmatas	1	dcs:vAmataH~vAma(ADJ,2)
vAmay	1	dcs:vAmya~vAmya(ADJ,1)
vAnarI	1	dcs:vAnarI~vAnara(ADJ,1)
vAnara	2	dcs:vAnaraH~vAnara(ADJ,1);dcs:vAnaram~vAnara(ADJ,1)
vAnaspatya	3	dcs:vAnaspatyAH~vAnaspatya(NOUN,3);dcs:vAnaspatya~vAnaspatya(NOUN,3);dcs:vAnaspatyaH~vAnaspatya(NOUN,5)
vAni	22	vidyut:van~vaYc(noun,15);vidyut:van~vaRq(noun,14);vidyut:van~vaRw(noun,14);vidyut:van~vaYci(noun,14);vidyut:van~vaRqi(noun,14)
vAnti	1	dcs:vAnti~vA(VERB,29)
vApI	1	dcs:vApi~vApin(ADJ,1)
vApa	1	dcs:vApa~avAp(VERB,1)
vApi	1	vidyut:vApsu~vAji(noun,3)
vArAha	2	dcs:vArAha~vArAha(NOUN,13);dcs:vArAham~vArAha(ADJ,5)
vAraRa	8	dcs:vAraRA~vAraRa(ADJ,1);dcs:vAraRAH~vAraRa(ADJ,2);dcs:vAraRa~vAraRa(ADJ,4);dcs:vAraRaH~vAraRa(ADJ,4);dcs:vAraRam~vAraRa(ADJ,15)
vAramuKyA	1	vidyut:vAramuKya~vAramuKya(noun,2)
vAray	3	dcs:avArayan~avArayat(ADJ,1);dcs:vAritaH~vAritas(ADV,1);dcs:vArya~vArya(NOUN,2)
vArdDuzI	2	vidyut:vArDuzi~vArdDuzi(noun,3);vidyut:vArDuzi~vArdDuzin(noun,3)
vAri	2	dcs:vAriBiH~vArin(ADJ,1);vidyut:vArayat~vf(noun,3)
vAriDArA	3	vidyut:vAriDArA~vAriDAra(noun,1);vidyut:vAriDAra~vAriDAra(noun,2);vidyut:vAriDAre~vAriDAra(noun,9)
vAriDara	1	dcs:vAriDarA~vAriDarA(NOUN,1)
vArtta	1	vidyut:vArta~vArttA(noun,3)
vAruRI	1	dcs:vAruRI~vAruRa(ADJ,25)
vAruRa	4	dcs:vAruRa~vAruRa(NOUN,2);dcs:vAruRaM~vAruRa(NOUN,5);dcs:vAruRena~vAruRa(NOUN,1);dcs:vAruRyA~vAruRI(NOUN,10)
vArya	4	dcs:vAryA~vAray(VERB,2);dcs:vAryARAm~vArya(ADJ,2);dcs:vAryARi~vArya(ADJ,5);dcs:vAryam~vf(VERB,4)
vArzReya	2	dcs:vArzReyaM~vArzReya(ADJ,1);dcs:vArzReyam~vArzReya(ADJ,1)
vArzika	2	dcs:vArzikI~vArzikI(NOUN,3);dcs:vArzikam~vArzika(NOUN,3)
vAsantI	1	dcs:vAsantI~vAsanta(ADJ,2)
vAsara	1	dcs:vAsarARi~vAsara(ADJ,2)
vAsava	5	dcs:vAsavI~vAsavI(NOUN,3);dcs:vAsavIM~vAsavI(NOUN,1);dcs:vAsavaH~vAsava(ADJ,1);dcs:vAsavaM~vAsava(ADJ,2);dcs:vAsavam~vAsava(ADJ,3)
vAsavadattA	1	vidyut:vAsavadatta~vAsavadatta(noun,2)
vAsay	1	dcs:vAsitA~vASitA(NOUN,1)
vAsi	2	vidyut:vAsayitA~vAsayitf(noun,1);vidyut:vAsayitA~vAsi(noun,7)
vAsin	2	dcs:vAsI~vAsi(NOUN,6);dcs:vAsi~vA(VERB,8)
vAsizWa	1	dcs:vAsizWam~vAsizWa(NOUN,2)
vAsodA	1	vidyut:vAsodA~vAsoda(noun,1)
vAsoda	1	vidyut:vAsoda~vAsodA(noun,1)
vAstuvidyA	1	vidyut:vAstuvidyA~vAstuvidya(noun,1)
vAsudeva	3	dcs:vAsudeva~vAsudeva(ADJ,3);dcs:vAsudevaM~vAsudeva(ADJ,1);dcs:vAsudevena~vAsudeva(ADJ,1)
vAta	7	dcs:vAtA~avAta(ADJ,1);dcs:vAtAH~van(VERB,4);dcs:vAtAya~hu(VERB,1);dcs:vAta~vA(VERB,4);dcs:vAtaH~van(VERB,4)
vAtajA	1	vidyut:vAtajA~vAtaja(noun,2)
vAtaja	1	vidyut:vAtaja~vAtajA(noun,1)
vAtaraMhas	1	vidyut:vAtaraMhas~vAtaraMha(noun,1)
vAtika	1	dcs:vAtikAH~vAtika(NOUN,2)
vAvA	4	vidyut:vAvad~vAvadya(noun,14);vidyut:vAvad~vAvas(noun,7);vidyut:vAvad~vAvad(noun,7);vidyut:vAvad~vAvasya(noun,7)
vAvAtA	1	dcs:vAvAtA~vAvAta(ADJ,1)
vAva	1	dcs:vAva~vA(VERB,2)
vAwa	1	dcs:vAwa~vAwa(ADJ,2)
vAyasa	1	dcs:vAyasam~vAyasa(ADJ,1)
vAyata	1	vidyut:vAyata~vE(verb,1)
vAyava	1	dcs:vAyava~vAyu(NOUN,20)
vAyu	3	dcs:vAyavaH~vAyava(ADJ,14);dcs:vAyave~vAyava(ADJ,2);dcs:vAyuH~vA(VERB,3)
vAyuBakza	1	dcs:vAyuBakzA~vAyuBakza(ADJ,1)
vAyugopa	1	vidyut:vAyugopa~vAyugopA(noun,1)
vAyuvega	1	vidyut:vAyuvega~vAyuvegA(noun,3)
vE	5	vidyut:vAsyati~vA(noun,3);vidyut:vAsyati~ve(noun,3);vidyut:vAsyati~vA(verb,1);vidyut:vAsyati~ve(verb,1);vidyut:vAsyati~vE(verb,1)
vI	5	dcs:vIta~vIta(ADJ,10);dcs:vItaM~vIta(ADJ,3);dcs:ver~vi(NOUN,11);dcs:viyantA~viyant(NOUN,1);dcs:viyanti~viyant(NOUN,7)
vITikA	1	vidyut:vITikA~vITika(noun,1)
vIrakarma	1	vidyut:vIrakarmARi~vIrakarman(noun,3)
vIratara	1	dcs:vIratara~vIratara(NOUN,1)
vIravat	2	dcs:vIravat~vIravant(NOUN,1);dcs:vIravatIm~vIravatI(NOUN,1)
vIryavat	2	dcs:vIryavAn~vIryavant(NOUN,4);dcs:vIryavatI~vIryavatI(NOUN,1)
vIta	1	dcs:vItA~vI(VERB,1)
vItaSoka	1	vidyut:vItaSoka~vItaSokA(noun,3)
vIti	2	dcs:vItI~vItin(ADJ,1);dcs:vItaye~vI(VERB,24)
vItihotra	1	dcs:vItihotraH~vItihotra(ADJ,1)
vaD	7	dcs:vaDId~vaD(VERB,6);dcs:vaDyA~vaDyA(NOUN,16);dcs:vaDya~vaDya(NOUN,7);dcs:vaDyaH~vaDya(NOUN,1);dcs:vaDyam~vaDya(NOUN,1)
vaDASaNkA	1	vidyut:vaDASaNkA~vaDASaNka(noun,1)
vaDa	3	dcs:vaDAya~avaDA(VERB,15);dcs:vaDa~vaD(VERB,3);dcs:vaDe~vaD(VERB,5)
vaDyat	1	vidyut:vaDyatA~vaDyatA(noun,3)
vaMSakarA	1	vidyut:vaMSakara~vaMSakara(noun,2)
vaMSakara	1	vidyut:vaMSakarAn~vaMSakarA(noun,1)
vaMSya	1	dcs:vaMSyAH~vaMSya(ADJ,1)
vaRij	1	dcs:vaRija~vaRija(NOUN,2)
vaRiksutA	1	vidyut:vaRiksuta~vaRiksuta(noun,2)
vaS	2	dcs:uSan~uSant(NOUN,1);dcs:vazwi~vazwi(NOUN,1)
vaSa	4	dcs:vaSa~vaSa(ADJ,1);dcs:vaSaH~avaSa(ADJ,18);dcs:vaSaM~vaSa(ADJ,1);dcs:vaSam~vaSa(ADJ,7)
vaSavartin	1	dcs:vaSavartinaH~vaSavartin(NOUN,2)
vaSin	1	dcs:vaSinI~vaSinI(NOUN,1)
vaSyA	1	dcs:vaSyam~avaSyam(ADV,6)
vaSya	2	dcs:vaSyA~vaSyA(NOUN,27);dcs:vaSyaH~vaSyA(NOUN,1)
vaYcaka	1	dcs:vaYcaka~vaYcaka(NOUN,1)
vaYci	2	vidyut:vaYcayitavya~vaYc(noun,2);vidyut:vaYcyamAna~vaYc(noun,2)
vac	22	dcs:uktA~ukta(NOUN,1);dcs:uktAH~ukta(NOUN,1);dcs:uktAni~ukta(NOUN,3);dcs:ukta~ukta(NOUN,2);dcs:uktaM~ukta(NOUN,1)
vacana	4	dcs:vacanAt~vacana(ADJ,1);dcs:vacana~vacana(ADJ,1);dcs:vacanam~vacana(ADJ,1);dcs:vacanasya~vacana(ADJ,5)
vad	4	dcs:uditA~uditi(NOUN,11);dcs:uditaH~udi(VERB,64);dcs:vada~vada(NOUN,7);dcs:vadaH~vad(VERB,2)
vadAnya	2	dcs:vadAnya~vadAnya(NOUN,1);dcs:vadAnyasya~vadAnya(NOUN,1)
vah	9	dcs:UQA~UQA(NOUN,7);dcs:UQayA~UQA(NOUN,1);dcs:vaha~vaha(ADJ,10);dcs:vahase~vahas(NOUN,2);dcs:vahati~vahati(NOUN,1)
vaha	3	dcs:vahA~vah(VERB,9);dcs:vahAm~vahA(NOUN,1);dcs:vahAni~vah(VERB,3)
vahana	1	dcs:vahanAt~vahana(ADJ,1)
vahas	2	vidyut:vahas~vaha(noun,1);vidyut:vahas~vah(noun,2)
vaj	4	vidyut:vak~vaK(noun,7);vidyut:vak~vask(noun,7);vidyut:vak~vaski(noun,7);vidyut:vak~vaYc(noun,6)
vajrI	1	dcs:vajrI~vajrin(NOUN,63)
vajrasUcI	2	vidyut:vajrasUcI~vajrasUci(noun,6);vidyut:vajrasUci~vajrasUci(noun,3)
vajrin	5	dcs:vajriRA~vajrin(ADJ,1);dcs:vajriRaH~vajrin(ADJ,1);dcs:vajriRam~vajrin(ADJ,1);dcs:vajriRe~vajrin(ADJ,8);dcs:vajrinn~vajrin(ADJ,5)
vakra	1	dcs:vakra~vakra(NOUN,15)
vaktf	3	dcs:vaktA~vaktf(NOUN,25);dcs:vaktAram~vaktf(ADJ,3);dcs:vaktf~vaktf(ADJ,4)
vaktra	1	dcs:vaktrAH~avaktra(ADJ,1)
vakz	2	dcs:ukzamARAH~ukz(VERB,2);vidyut:vakzaTas~vakzaTa(noun,1)
vakzI	2	vidyut:vakzI~vakz(noun,4);vidyut:vakzI~vakzi(noun,4)
vakzaRi	2	vidyut:vakzaRi~vakz(noun,1);vidyut:vakzaRi~vakzi(noun,1)
vakzaTa	1	vidyut:vakzaTa~vakz(verb,1)
vakzas	2	dcs:vakzaH~vah(VERB,1);dcs:vakzo~vah(VERB,1)
val	1	dcs:valita~valita(NOUN,2)
valaya	1	dcs:valaya~valay(VERB,1)
valayita	1	dcs:valayita~valay(VERB,1)
vali	1	dcs:valayaH~valaya(NOUN,5)
vallaBa	1	dcs:vallaBA~vallaBA(NOUN,16)
vam	1	dcs:vamato~avaman(VERB,1)
vanDyA	2	dcs:banDyA~banD(VERB,3);dcs:vanDyA~vanDya(ADJ,6)
vana	1	dcs:vanaH~van(VERB,1)
vanadurga	1	vidyut:vanadurga~vanadurgA(noun,3)
vanamAlA	1	vidyut:vanamAla~vanamAla(noun,2)
vanamAlin	1	dcs:vanamAlI~vanamAlin(ADJ,1)
vanarAjI	1	vidyut:vanarAji~vanarAji(noun,3)
vanarAji	1	vidyut:vanarAjizu~vanarAjI(noun,1)
vanasTA	2	dcs:vanasTA~vanasTa(NOUN,2);vidyut:vanasTayA~vanasTa(noun,2)
vanasTa	2	vidyut:vanasTAn~vanasTA(noun,1);vidyut:vanasTe~vanasTA(noun,14)
vanavAsin	1	vidyut:vanavAsizu~vanavAsI(noun,1)
vand	2	vidyut:vandinAm~vandi(noun,2);vidyut:vandyamAnam~vandi(noun,3)
vandAru	1	dcs:vandAru~vandAru(NOUN,2)
vandanIyA	3	vidyut:vandanIya~vandanIya(noun,2);vidyut:vandanIya~vand(noun,2);vidyut:vandanIya~vandi(noun,2)
vanecara	1	dcs:vanecarI~vanecarI(NOUN,1)
vanin	1	dcs:vaninaH~vanin(ADJ,1)
vanitA	1	dcs:vanitA~van(VERB,1)
vanu	1	vidyut:vanu~van(verb,1)
vanya	6	dcs:vanyAn~vanya(NOUN,1);dcs:vanyAni~vanya(NOUN,1);dcs:vanya~vanya(NOUN,2);dcs:vanyaH~vanya(NOUN,2);dcs:vanyam~vanya(ADJ,5)
vap	1	dcs:vapati~vapati(NOUN,1)
vapra	1	dcs:vaprA~vaprA(NOUN,1)
vapus	1	dcs:vapuzaH~vapus(ADJ,1)
vapuzmant	1	dcs:vapuzmataH~vapuzmat(ADJ,1)
vapuzmat	2	dcs:vapuzmAn~vapuzmant(NOUN,3);dcs:vapuzmatI~vapuzmatI(NOUN,1)
vapuzyA	1	vidyut:vapuzya~vapuzya(noun,2)
vaqa	1	dcs:vaqAH~vaqA(NOUN,2)
varA	1	dcs:varA~vara(ADJ,78)
varAroha	3	dcs:varArohA~varArohA(NOUN,5);dcs:varArohe~varArohA(NOUN,13);vidyut:varAroha~varArohA(noun,3)
varDamAna	2	dcs:varDamAnAn~vfD(VERB,1);dcs:varDamAna~vfD(VERB,17)
varDana	7	dcs:varDanA~varDana(NOUN,1);dcs:varDanAni~varDana(NOUN,2);dcs:varDanI~varDanI(NOUN,5);dcs:varDana~varDana(NOUN,11);dcs:varDanaH~varDana(NOUN,2)
varDay	3	dcs:varDayat~varDay(VERB,1);dcs:varDitA~varDitf(ADJ,1);dcs:varDitam~varDita(NOUN,1)
varDi	7	vidyut:avIvfDaDvam~vfD(verb,1);vidyut:varDanIya~vfD(noun,4);vidyut:varDayata~vfD(verb,1);vidyut:varDyamAna~vfD(noun,2);vidyut:vart~varti(noun,21)
varIvfj	1	dcs:varIvfjat~varIvfjat(NOUN,1)
varIyas	2	dcs:varIyaH~varIyas(NOUN,2);dcs:varIyas~varIyas(NOUN,1)
varRaka	1	dcs:varRaka~varRaka(ADJ,4)
varRay	1	dcs:varRya~varRya(ADJ,1)
varRi	1	vidyut:varRanIya~vfR(noun,2)
varRin	2	dcs:varRI~varRin(NOUN,3);dcs:varRinI~varRinI(NOUN,3)
varRya	1	dcs:varRyo~varRay(VERB,1)
varUTin	1	dcs:varUTinA~varUTin(NOUN,1)
varUTinI	1	dcs:varUTinIm~varUTin(ADJ,1)
varUtrI	2	vidyut:varUtri~varUtri(noun,3);vidyut:varUtri~varUtf(noun,1)
vara	17	dcs:varAH~vara(NOUN,30);dcs:varAM~avara(ADJ,2);dcs:varARAm~vara(ADJ,2);dcs:varARi~vara(NOUN,2);dcs:varAm~varA(NOUN,3)
vareRya	3	dcs:vareRyaH~vareRya(NOUN,1);dcs:vareRyam~vareRya(NOUN,1);dcs:vareRyo~vareRya(NOUN,1)
vargA	1	dcs:vargA~varga(NOUN,2)
variman	1	dcs:varimataH~varimant(NOUN,1)
varizWa	1	dcs:varizWaH~varizWa(NOUN,1)
varjam	1	dcs:varjam~varja(ADJ,64)
vartI	1	dcs:vartI~vartin(ADJ,32)
vartana	1	dcs:vartana~vartana(ADJ,1)
vartf	1	dcs:vartA~varta(NOUN,1)
varti	6	vidyut:avIvftan~vft(verb,1);vidyut:vartayaTa~vft(verb,1);vidyut:vartayantIm~vft(noun,1);vidyut:vartayas~vari(noun,16);vidyut:vartayas~vft(noun,8)
vartis	1	dcs:vartis~vartI(NOUN,2)
varva	1	vidyut:varve~varvi(noun,2)
varzA	1	dcs:varzAH~varza(NOUN,21)
varza	1	dcs:varza~vfz(VERB,1)
varzi	2	vidyut:varzin~vfz(noun,2);vidyut:varzin~varz(noun,2)
vas	11	dcs:avasaM~avasa(NOUN,1);dcs:avasam~avasa(NOUN,8);dcs:uzitaH~uzita(ADJ,1);dcs:uzitam~uzita(ADJ,3);dcs:vasAnam~avasAna(NOUN,2)
vasanta	5	dcs:vasanta~vas(VERB,1);dcs:vasantaH~vas(VERB,6);dcs:vasantam~vas(VERB,8);dcs:vasante~vas(VERB,7);dcs:vasanto~vas(VERB,6)
vasati	3	dcs:vasatiH~vasati(ADJ,1);vidyut:vasatInAm~vasatI(noun,2);vidyut:vasates~vasatI(noun,2)
vasavya	1	dcs:vasavyA~vasavya(NOUN,1)
vasizWa	8	dcs:vasizWA~vasizWa(ADJ,4);dcs:vasizWAH~vasizWa(ADJ,1);dcs:vasizWAya~vasizWa(ADJ,1);dcs:vasizWa~vasizWa(ADJ,3);dcs:vasizWaH~vasizWa(ADJ,19)
vastradA	1	vidyut:vastradA~vastrada(noun,1)
vastu	2	dcs:vastu~kaTam(ADV,1);dcs:vastuzu~jf(VERB,1)
vastutas	1	dcs:vastutaH~vastu(NOUN,3)
vasu	18	dcs:vasU~vasu(ADJ,6);dcs:vasUnAM~vasu(ADJ,1);dcs:vasUnAm~vasu(ADJ,1);dcs:vasUny~vasu(ADJ,1);dcs:vasavaH~vasu(ADJ,9)
vasuDArA	1	vidyut:vasuDArA~vasuDAra(noun,2)
vasuMDarA	1	vidyut:vasunDarAyAm~vasuMDara(noun,2)
vasudA	2	vidyut:vasudAm~vasuda(noun,2);vidyut:vasudAm~vasudAman(noun,2)
vasudAman	1	dcs:vasudAmA~vasudAmA(NOUN,1)
vasumat	3	dcs:vasumAn~vasumant(NOUN,4);dcs:vasumatA~vasumant(NOUN,2);dcs:vasumatIm~vasumatI(NOUN,3)
vasumatI	1	dcs:vasumatI~vasumat(ADJ,3)
vasuruc	1	vidyut:vasuruci~vasuruci(noun,3)
vasuvani	1	vidyut:vasuvani~vasuvan(noun,2)
vasyas	3	dcs:vasyaH~vasyas(ADJ,1);vidyut:vasyas~vasI(noun,4);vidyut:vasyas~vasi(noun,2)
vatsala	1	dcs:vatsalaH~vatsala(NOUN,1)
vayaHsTA	1	vidyut:vayaHsTAm~vayaHsTa(noun,2)
vayaHsTa	1	vidyut:vayaHsTa~vayaHsTA(noun,3)
vayas	3	dcs:vayAH~vayA(NOUN,10);dcs:vayaS~vi(NOUN,5);dcs:vayasi~ve(VERB,1)
vayat	1	vidyut:vayad~ve(noun,3)
vayuna	5	dcs:vayunA~vayuna(ADJ,2);dcs:vayunAni~vayuna(ADJ,1);dcs:vayunam~vayuna(ADJ,1);dcs:vayunezu~vayuna(NOUN,1);vidyut:vayuna~vayunA(noun,3)
veDaka	1	dcs:veDakAH~veDaka(ADJ,1)
veDas	3	dcs:veDasaH~veDas(ADJ,9);dcs:veDase~veDas(ADJ,5);dcs:veDaso~veDas(ADJ,2)
veSAntA	1	vidyut:veSAnta~veSAnta(noun,2)
veda	1	dcs:vedA~vid(VERB,12)
vedanA	1	dcs:vedanam~vedana(NOUN,20)
vedana	2	dcs:vedanAni~vedanA(NOUN,2);dcs:vedane~vedanA(NOUN,5)
vedasmftI	1	vidyut:vedasmfti~vedasmfti(noun,3)
vedi	6	dcs:vedI~vedin(ADJ,9);dcs:vedi~vedin(ADJ,3);dcs:vedyA~vid(VERB,4);dcs:vedyAm~vid(VERB,1);vidyut:vedaye~vedi(verb,6)
veditf	1	dcs:veditA~vid(VERB,2)
vega	1	dcs:vegam~avega(ADJ,1)
vegavAhinI	1	vidyut:vegavAhinI~vegavAhin(noun,4)
vegavant	1	dcs:vegavati~vegavat(ADJ,1)
vegavat	3	dcs:vegavAn~vegavant(NOUN,14);dcs:vegavat~vegavant(NOUN,1);dcs:vegavatIM~vegavatI(NOUN,2)
vegavatI	2	dcs:vegavatI~vegavat(ADJ,10);dcs:vegavatyA~vegavat(ADJ,1)
veji	1	vidyut:vejitA~veji(verb,3)
vena	3	dcs:venA~vena(ADJ,1);dcs:vena~ven(VERB,2);dcs:venaH~ven(VERB,3)
veni	1	vidyut:avivenam~avivenam(ind,1)
vep	1	vidyut:vepyamAna~vepi(noun,2)
vepaTu	1	dcs:vepaTuH~vepaTu(ADJ,1)
vetasu	1	vidyut:vetasu~vetA(noun,1)
vetraDarA	1	vidyut:vetraDarA~vetraDara(noun,1)
vettf	2	dcs:vettA~vettf(NOUN,12);dcs:vettf~vettf(NOUN,2)
veviz	4	vidyut:vevezwu~viz(verb,1);vidyut:vevezwu~veviS(verb,1);vidyut:vevezwu~vevezw(verb,1);vidyut:vevizARa~viz(noun,4)
vezw	1	vidyut:vezwyamAna~vezwi(noun,2)
vf	15	dcs:var~var(NOUN,1);dcs:vavarTa~vavarTa(NOUN,1);dcs:vavre~vavra(NOUN,5);dcs:vfRata~vf(VERB,1);dcs:vftA~vft(NOUN,3)
vfD	7	dcs:varDamAnaH~varDamAna(NOUN,2);dcs:varDamAnam~varDamAna(NOUN,3);dcs:varDamAnasya~varDamAna(NOUN,1);dcs:varDamAno~varDamAna(NOUN,4);dcs:varDanta~vfD(VERB,2)
vfMh	1	vidyut:vfMhaka~vfMhi(noun,4)
vfdDa	18	dcs:vfdDA~vfD(VERB,14);dcs:vfdDABiH~vfD(VERB,1);dcs:vfdDAH~vfD(VERB,27);dcs:vfdDAm~vfD(VERB,5);dcs:vfdDAn~vfD(VERB,19)
vfdDasenA	1	vidyut:vfdDasena~vfdDasena(noun,2)
vfj	1	vidyut:varjanIya~varji(noun,6)
vfjina	7	dcs:vfjinA~vfjina(NOUN,5);dcs:vfjinAn~vfjina(NOUN,1);dcs:vfjina~vfjina(ADJ,3);dcs:vfjinaM~vfjina(ADJ,12);dcs:vfjinam~vfjina(NOUN,1)
vfka	2	dcs:vfkA~avfka(ADJ,1);dcs:vfkam~avfka(ADJ,1)
vfkzacCAyA	1	vidyut:vfkzacCAyA~vfkzacCAya(noun,1)
vfndAraka	1	dcs:vfndArakam~vfndAraka(NOUN,1)
vfnda	1	dcs:vfnda~vfnda(ADV,1)
vft	19	dcs:varta~varta(NOUN,2);dcs:vartamAnAH~vartamAna(ADJ,1);dcs:vartamAnAM~vartamAna(ADJ,1);dcs:vartamAnAnAm~vartamAna(ADJ,1);dcs:vartamAna~vartamAna(ADJ,16)
vftrahan	1	vidyut:vftraha~vftraha(noun,2)
vftrahatyA	2	vidyut:vftrahatya~vftrahatya(noun,2);vidyut:vftrahatye~vftrahatya(noun,9)
vftta	8	dcs:vfttA~vft(VERB,10);dcs:vfttAByAm~vftta(NOUN,2);dcs:vfttAni~vft(VERB,11);dcs:vftta~vftta(ADJ,104);dcs:vfttaM~vft(VERB,105)
vfttavat	1	dcs:vfttavAn~vft(VERB,1)
vfz	3	dcs:varzat~vfz(VERB,1);dcs:varzataH~varza(NOUN,1);dcs:varzati~varzati(NOUN,1)
vfzRi	1	dcs:vfzRI~vfzRI(NOUN,1)
vfzRya	1	dcs:vfzRyam~vfzRya(ADJ,3)
vfza	1	dcs:vfzAya~vfzAy(VERB,1)
vfzaBa	5	dcs:vfzaBAH~vfzaBa(ADJ,1);dcs:vfzaBas~vfzaBa(ADJ,3);dcs:vfzaBasya~vfzaBa(ADJ,1);dcs:vfzaBeRa~vfzaBa(ADJ,1);vidyut:vfzaBAs~vfzaBA(noun,5)
vfzalI	1	dcs:vfzalI~vfzalin(ADJ,1)
vfzan	11	dcs:vfzA~vfzan(ADJ,32);dcs:vfzRaH~vfzan(ADJ,7);dcs:vfzRe~vfzan(ADJ,8);dcs:vfzRo~vfzan(ADJ,8);dcs:vfzaRA~vfzan(ADJ,10)
vfzya	1	dcs:vfzya~vfzya(ADJ,29)
vi	6	dcs:veH~vI(VERB,4);dcs:vi~vi(NOUN,29);dcs:viH~avi(NOUN,1);dcs:vy~vi(NOUN,1);vidyut:viBis~vI(noun,2)
viBAgaSaH	1	dcs:viBAgaSaH~viBAga(NOUN,1)
viBAvan	3	dcs:viBAvA~viBAva(NOUN,2);dcs:viBAvari~viBAvarI(NOUN,4);dcs:viBAvary~viBAvarI(NOUN,1)
viBIzaRa	4	dcs:viBIzaRAya~viBIzaRa(ADJ,3);dcs:viBIzaRaH~viBIzaRa(ADJ,8);dcs:viBIzaRam~viBIzaRa(ADJ,8);dcs:viBIzaRe~viBIzaRa(ADJ,1)
viBIzikA	1	dcs:viBIzikA~viBIzaka(ADJ,1)
viBU	2	dcs:viBU~viBu(ADJ,1);dcs:viBUta~viBUta(ADJ,1)
viBUti	2	dcs:viBUtiM~viBUti(ADJ,2);dcs:viBUtim~viBUti(ADJ,3)
viBUzaRa	1	dcs:viBUzaRam~viBUzaRa(ADJ,3)
viBUzay	1	dcs:viBUzitam~viBUzita(NOUN,2)
viBaj	4	dcs:viBAjya~viBAjay(VERB,1);dcs:viBaktA~viBaktf(ADJ,6);dcs:viBakta~viBakta(ADJ,2);dcs:viBaktaH~aviBakta(ADJ,1)
viBava	1	dcs:viBave~viBu(ADJ,3)
viBedana	1	dcs:viBedanam~viBedana(NOUN,1)
viBu	6	dcs:viBo~viBu(NOUN,1);dcs:viBoH~viBu(NOUN,2);dcs:viBu~viBu(NOUN,1);dcs:viBuH~viBu(NOUN,6);dcs:viBvaM~viBU(NOUN,1)
viBvan	2	dcs:viBvA~viBvan(ADJ,2);dcs:viBva~viBvan(NOUN,2)
viD	2	dcs:viDat~viD(VERB,1);vidyut:aviDyetAm~vyaD(verb,1)
viDA	2	dcs:viDeyaH~aviDeya(ADJ,1);dcs:vihitaM~vihita(NOUN,1)
viDAna	1	dcs:viDAnam~viDAna(ADJ,1)
viDAri	1	vidyut:viDAraya~viDAraya(noun,2)
viDI	4	vidyut:viDIyantAm~viDe(verb,1);vidyut:viDIyantAm~viDA(verb,1);vidyut:viDIyeran~viDe(verb,1);vidyut:viDIyeran~viDA(verb,1)
viDU	1	dcs:viDUta~viDUta(NOUN,1)
viDUni	3	vidyut:viDAti~viDAvi(noun,12);vidyut:viDAti~viDU(noun,6);vidyut:viDAti~viDAyi(noun,6)
viDa	2	vidyut:viDezu~viD(noun,2);vidyut:viDezu~viDA(noun,2)
viDamA	1	vidyut:viDamA~viDmA(noun,1)
viDaraRa	1	dcs:viDaraRI~viDaraRI(NOUN,3)
viDe	3	vidyut:vyaDAyi~viDI(verb,1);vidyut:vyaDAyi~viDA(verb,1);vidyut:vyaDAyi~viDAyi(verb,1)
viDi	1	dcs:viDeH~viD(VERB,1)
viDitsa	1	vidyut:viDitsu~viDitsi(noun,6)
viDu	1	vidyut:viDU~viDU(noun,9)
viDura	1	dcs:viDura~viDura(NOUN,5)
viDvaMsi	1	vidyut:viDvaMsayizyati~viDvaMsi(verb,1)
viDyanta	1	vidyut:viDyantam~vyaD(noun,1)
viGana	1	dcs:viGane~viGana(NOUN,1)
viGawwi	4	vidyut:viGawwanIya~viGaww(noun,2);vidyut:viGawwinI~viGaww(noun,10);vidyut:viGawwinI~viGaw(noun,6);vidyut:viGawwinI~viGAwi(noun,6)
viIkz	1	vidyut:vIkzyamARa~viIkzi(noun,2)
viKyA	3	dcs:viKyAtA~viKyAta(ADJ,1);dcs:viKyAtAH~viKyAta(ADJ,1);dcs:viKyAtaM~viKyAta(ADJ,3)
viMSa	1	dcs:viMSa~viMSa(NOUN,4)
viS	6	dcs:viSa~viS(VERB,40);dcs:viSaH~viS(VERB,1);dcs:viSaM~viS(VERB,1);dcs:viSad~viS(VERB,1);dcs:viSanta~viS(VERB,1)
viSAKA	2	dcs:viSAKA~viSAKa(ADJ,2);dcs:viSAKayoH~viSAKa(ADJ,1)
viSAKa	3	dcs:viSAKa~viSAKa(NOUN,9);dcs:viSAKaH~viSAKa(ADJ,1);dcs:viSAKe~viSAKA(NOUN,3)
viSAlA	2	dcs:viSAlA~viSAla(ADJ,13);dcs:viSAlAm~viSAla(ADJ,3)
viSAla	5	dcs:viSAlAH~viSAlA(NOUN,1);dcs:viSAla~viSAla(NOUN,3);dcs:viSAlaH~viSAla(NOUN,2);dcs:viSAlaM~viSAla(NOUN,2);dcs:viSAle~viSAlA(NOUN,2)
viSArada	2	dcs:viSAradAH~viSArada(NOUN,1);dcs:viSAradaH~viSArada(NOUN,2)
viSaMs	1	dcs:viSastA~viSastf(NOUN,2)
viSas	2	vidyut:viSase~viSaMs(noun,3);vidyut:viSastam~viSaMs(noun,3)
viSezAt	1	dcs:viSezAt~viSeza(NOUN,115)
viSeza	2	dcs:viSezAn~viSezAt(ADV,4);dcs:viSeza~aviSeza(ADJ,1)
viSezaka	1	dcs:viSezaka~viSezaka(ADJ,2)
viSezataH	1	dcs:viSezataH~viSeza(NOUN,8)
viSezeRa	1	dcs:viSezeRa~viSeza(NOUN,191)
viSezi	2	vidyut:viSezaya~viSiz(verb,1);vidyut:viSezayizyan~viSiz(noun,2)
viSiKA	1	dcs:viSiKA~viSiKa(ADJ,4)
viSiKa	4	dcs:viSiKAH~viSiKa(ADJ,1);dcs:viSiKAn~viSiKa(ADJ,2);dcs:viSiKa~viSiKa(ADJ,1);vidyut:viSiKAnAm~viSiKA(noun,2)
viSiz	4	dcs:viSizwaH~viSizwa(NOUN,2);dcs:viSizwena~viSizwa(ADJ,1);vidyut:viSeziRe~viSezi(noun,4);vidyut:viSizyamARa~viSAs(noun,2)
viSlATi	1	vidyut:viSlaTam~viSlaT(noun,11)
viSoDana	2	dcs:viSoDana~viSoDana(ADJ,1);dcs:viSoDanam~viSoDana(ADJ,23)
viSoka	5	dcs:viSokA~viSokA(NOUN,11);dcs:viSoka~viSoka(ADJ,4);dcs:viSokaH~viSoka(NOUN,3);dcs:viSokam~viSoka(NOUN,1);dcs:viSoko~viSoka(NOUN,2)
viSrARi	3	vidyut:viSrARya~viSraR(noun,4);vidyut:viSrARya~viSrARi(ind,4);vidyut:viSrARya~viSraR(ind,1)
viSram	2	dcs:viSrAmya~viSrAmay(VERB,2);vidyut:viSrAmyatAm~viSram(verb,1)
viSru	5	dcs:viSrutA~viSruta(ADJ,1);dcs:viSrutAH~viSruta(NOUN,1);dcs:viSruta~viSruta(NOUN,1);dcs:viSrutaH~viSruta(ADJ,2);dcs:viSrutam~viSruta(ADJ,3)
viSuD	2	dcs:viSudDA~viSudDa(ADJ,1);dcs:viSudDa~viSudDa(ADJ,6)
viSvAci	2	dcs:viSvAcI~viSvAYc(ADJ,1);dcs:viSvAcyA~viSvAYc(ADJ,2)
viSvAyu	2	dcs:viSvAyuH~viSvAyu(NOUN,2);dcs:viSvAyur~viSvAyu(NOUN,1)
viSva	9	dcs:viSvA~viSvA(NOUN,22);dcs:viSvAM~viSvA(NOUN,2);dcs:viSvAn~viSva(NOUN,2);dcs:viSvAt~viSva(NOUN,1);dcs:viSva~viSva(NOUN,25)
viSvaSamBU	1	vidyut:viSvaSamBu~viSvaSamBu(noun,3)
viSvaSuc	1	vidyut:viSvaSuce~viSvaSuci(noun,2)
viSvacakzas	1	vidyut:viSvacakzas~viSvacakza(noun,1)
viSvarUpa	6	dcs:viSvarUpa~viSvarUpa(ADJ,2);dcs:viSvarUpaM~viSvarUpa(ADJ,1);dcs:viSvarUpasya~viSvarUpa(ADJ,1);vidyut:viSvarUpARAm~viSvarUpA(noun,2);vidyut:viSvarUpAn~viSvarUpA(noun,1)
viSvas	4	dcs:viSvastA~viSvastA(NOUN,1);vidyut:viSvAsyA~viSvAsi(noun,1);vidyut:viSvasizyati~viSvas(verb,1);vidyut:viSvastavat~viSvastavat(ind,1)
viSvatas	1	dcs:viSvatas~viSva(NOUN,1)
viSvavArA	4	vidyut:viSvavArA~viSvavAra(noun,1);vidyut:viSvavArAm~viSvavAra(noun,1);vidyut:viSvavAra~viSvavAra(noun,2);vidyut:viSvavAre~viSvavAra(noun,9)
viSvavedas	1	vidyut:viSvavedas~viSvaveda(noun,1)
vibAbaDya	1	vidyut:vibAbaDe~vibAbanD(noun,3)
vibuDa	4	dcs:vibuDA~vibuDa(ADJ,1);dcs:vibuDAH~vibuDa(ADJ,3);dcs:vibuDAnAM~vibuDa(ADJ,1);dcs:vibuDa~vibuDa(ADJ,3)
vicAkaS	1	dcs:vicAkaSad~vicAkaSat(ADJ,1)
vicAraRA	1	dcs:vicAraRA~kf(VERB,1)
vicAray	1	dcs:vicAritam~vicArita(NOUN,1)
vicAri	1	vidyut:vicArayizyate~vicAri(noun,2)
vicArin	1	dcs:vicAriRaH~vicArin(NOUN,1)
vicCedanA	3	vidyut:vicCedana~vicCedana(noun,2);vidyut:vicCedana~vicCid(noun,2);vidyut:vicCedana~vicCedi(noun,2)
vicakra	1	dcs:vicakra~vikf(VERB,2)
vicakz	1	vidyut:vyaKyata~viKyA(verb,1)
vicakzaRa	1	dcs:vicakzaRA~vicakzaRA(NOUN,3)
vical	1	vidyut:vicalita~vicAli(noun,2)
vicar	1	vidyut:vicaratAm~vicar(verb,1)
vicezwita	1	dcs:vicezwitam~vicezw(VERB,8)
vicft	1	vidyut:vicfta~vicft(verb,1)
vicikitsa	2	vidyut:vicikitsita~vicikitsi(noun,2);vidyut:vicikitsita~vicikitsya(noun,2)
vicit	1	dcs:vicitta~vicitta(ADJ,1)
vicitra	5	dcs:vicitrA~vicitrA(NOUN,4);dcs:vicitra~vicitra(NOUN,2);dcs:vicitraH~vicitra(NOUN,4);dcs:vicitraM~vicitra(NOUN,1);dcs:vicitram~vicitra(NOUN,1)
vid	41	dcs:Avitsi~Avid(VERB,1);dcs:avido~avid(ADJ,1);dcs:avindan~avindat(ADJ,3);dcs:avindat~avindat(ADJ,1);dcs:veda~veda(NOUN,1493)
vidA	1	vidyut:vidis~vido(noun,2)
vidAli	1	vidyut:vidalayati~vidAli(verb,1)
vidArI	1	dcs:vidArI~vidArin(ADJ,1)
vidAraRa	1	dcs:vidAraRa~vidAraRa(ADJ,1)
vidF	1	vidyut:vidadre~vidrA(verb,2)
vida	1	dcs:vida~vid(VERB,5)
vidagDa	2	dcs:vidagDA~vidah(VERB,4);dcs:vidagDa~vidah(VERB,20)
vidah	1	vidyut:vidAhin~vidAhi(noun,2)
vidarSi	2	vidyut:vidarSitA~vidfS(verb,1);vidyut:vidarSitA~vidarSi(noun,1)
viday	2	vidyut:vidAyya~vidAyi(noun,2);vidyut:vidAyya~vidAyi(ind,1)
videha	3	dcs:videhAH~videha(ADJ,2);dcs:videhAnAm~videha(ADJ,1);dcs:videha~videha(ADJ,7)
vidfS	1	vidyut:vipaSya~vidfS(verb,1)
vidura	3	dcs:vidura~vidura(ADJ,1);dcs:viduraS~vidura(ADJ,1);dcs:viduro~vidura(ADJ,1)
vidvas	4	dcs:viduzA~vid(VERB,15);dcs:viduzAM~vid(VERB,1);dcs:vidvAY~vid(VERB,4);dcs:vidvan~vid(VERB,1)
vidyA	4	dcs:vidyA~vid(VERB,7);dcs:vidyAH~vid(VERB,6);dcs:vidyAM~vid(VERB,16);dcs:vidyAm~vid(VERB,8)
vidyut	2	dcs:vidyud~vidyut(ADJ,1);dcs:vidyut~vidyut(ADJ,2)
vidyutpraBa	1	vidyut:vidyutpraBa~vidyutpraBA(noun,3)
vigAh	3	dcs:vigAQa~vigAQa(ADJ,1);vidyut:vigAhana~vigAhi(noun,2);vidyut:vigAhyamAna~vigAhi(noun,2)
vigna	1	dcs:vigna~vij(VERB,1)
vihA	2	dcs:vihAya~vihAyas(NOUN,1);vidyut:vihA~vihA(ind,1)
vihAyas	3	dcs:vihAyAH~vihAyas(NOUN,1);dcs:vihAyasA~vihAyas(ADJ,1);dcs:vihAyase~vihAyasa(NOUN,1)
vihaMgama	1	vidyut:vihaNgamAn~vihaMgamA(noun,1)
vihan	1	vidyut:vyahan~vyahan(noun,2)
vihartf	1	dcs:vihartA~vihf(VERB,1)
vihavya	1	dcs:vihavyaH~vihvA(VERB,1)
vihf	1	vidyut:vihArin~vihAri(noun,2)
vihvf	1	dcs:vihrutam~vihruta(ADJ,4)
vij	3	vidyut:vijA~vijAman(noun,1);vidyut:vik~vic(noun,7);vidyut:vik~vyac(noun,7)
vijAhA	1	vidyut:vijAhizyati~vijAhA(verb,2)
vijAtA	1	vidyut:vijAta~vijan(noun,2)
vijYA	1	dcs:vijYAtA~vijYAtf(ADJ,18)
vijYApay	1	dcs:vijYApito~avijYApita(ADJ,1)
vijYa	1	dcs:vijYA~vijYA(NOUN,1)
vijan	1	vidyut:vijAn~vij(noun,3)
vijana	2	dcs:vijana~vijana(ADJ,2);dcs:vijane~vijana(ADJ,47)
vijara	1	vidyut:vijara~vijarA(noun,3)
vijaya	4	dcs:vijaya~viji(VERB,2);dcs:vijayaM~vijaya(ADJ,4);dcs:vijaye~viji(VERB,1);dcs:vijayo~vijaya(ADJ,1)
vijayin	1	dcs:vijayI~vijayin(NOUN,1)
vijayina	1	vidyut:vijayinam~vijayin(noun,2)
vijetf	1	dcs:vijetA~viji(VERB,5)
vijfmB	1	dcs:vijfmBita~vijfmBita(NOUN,1)
viji	3	dcs:vijita~vijita(NOUN,1);dcs:vijitaM~vijita(NOUN,1);dcs:vijite~vijita(NOUN,13)
vijiGAMsa	1	vidyut:vijiGAMsu~vijiGAMsi(noun,3)
vijiGatsa	1	vidyut:vijiGatsu~vijiGatsi(noun,6)
vijijYAsa	3	vidyut:vijijYAsya~vijijYAsi(noun,2);vidyut:vijijYAsya~vijijYAsi(ind,1);vidyut:vijijYAsya~vijijYAsa(ind,1)
vikAra	1	dcs:vikAraH~avikAra(ADJ,1)
vikAsi	1	vidyut:vikAsayati~vikAsi(verb,1)
vikala	3	dcs:vikalA~vikalA(NOUN,2);dcs:vikalaH~vikala(NOUN,1);dcs:vikale~vikalA(NOUN,1)
vikalpa	1	dcs:vikalpena~avikalpa(ADJ,1)
vikalpana	2	vidyut:vikalpana~vikfp(noun,2);vidyut:vikalpana~vikalpi(noun,2)
vikarRa	2	dcs:vikarRa~vikarRa(ADJ,3);dcs:vikarRaH~vikarRa(ADJ,1)
vikaraRa	1	dcs:vikaraRa~vikaraRa(ADJ,5)
vikarman	1	dcs:vikarmaRaH~vikarman(NOUN,1)
vikas	1	vidyut:vikAsin~vikAsi(noun,2)
vikatTana	1	dcs:vikatTana~vikatTana(ADJ,1)
vikawa	3	dcs:vikawA~vikawA(NOUN,2);dcs:vikawa~vikawa(NOUN,3);dcs:vikawaH~vikawa(ADJ,2)
vikeSa	1	dcs:vikeSI~vikeSI(NOUN,3)
vikf	5	dcs:vikftA~vikftA(NOUN,2);dcs:vikfta~vikfta(NOUN,1);dcs:vikftaH~vikfta(ADJ,1);dcs:vikftaM~vikfta(NOUN,2);dcs:vikftam~avikfta(ADJ,1)
vikfz	4	dcs:vikfzwa~vikfzwa(ADJ,2);dcs:vikfzwena~vikfzwa(ADJ,1);dcs:vikfzya~ca(CONJ,1);vidyut:vikarzin~vikarzi(noun,4)
viklava	3	dcs:viklava~viklava(NOUN,3);dcs:viklavaH~viklava(NOUN,1);dcs:viklavam~viklava(NOUN,1)
vikrAnta	1	dcs:vikrAntam~vikram(VERB,14)
vikrI	1	dcs:vikrIta~vikrIta(NOUN,1)
vikrIq	1	dcs:vikrIqya~vikfz(VERB,1)
vikram	7	dcs:vikrAntA~vikrAntA(NOUN,8);dcs:vikrAntAH~vikrAnta(NOUN,2);dcs:vikrAnta~vikrAnta(NOUN,14);dcs:vikrAntaH~vikrAnta(NOUN,5);dcs:vikrAntaM~vikrAnta(NOUN,10)
vikrama	1	dcs:vikrama~vikram(VERB,3)
vikramin	1	dcs:vikramI~vikramin(NOUN,1)
vikrand	2	vidyut:vikrandita~vikrandi(noun,2);vidyut:vikranditavati~vikrandi(noun,3)
vikruS	2	dcs:vikruzwam~vikruzwa(ADJ,1);vidyut:vikroSatAm~vikruS(verb,1)
vikuRWanA	1	vidyut:vikuRWana~vikuRWana(noun,2)
vikuYcay	1	dcs:vikuYcita~vikuYcita(ADJ,1)
vikukzi	1	dcs:vikukzi~vikukzi(ADJ,1)
vikzip	1	dcs:vikziptam~vikzipta(NOUN,2)
vilAli	1	vidyut:vilApaya~vilApi(verb,2)
vilAsin	1	dcs:vilAsini~vilAsinI(NOUN,5)
vilAsinI	1	dcs:vilAsinI~vilAsin(ADJ,1)
vilaNG	1	vidyut:vilaNGin~vilaNGi(noun,2)
vilag	1	dcs:vilagna~vilagna(NOUN,3)
vilamb	1	dcs:vilambita~vilambita(ADJ,4)
vilamba	1	dcs:vilamba~vilamba(ADJ,3)
vilap	2	vidyut:vilap~vilaB(noun,7);vidyut:vilapatAm~vilap(verb,1)
vilapita	1	dcs:vilapitaM~vilap(VERB,3)
vilas	1	dcs:vilasita~vilasita(NOUN,1)
vilohita	2	dcs:vilohita~vilohita(NOUN,1);dcs:vilohitaH~vilohita(ADJ,1)
vilok	2	vidyut:vilokitavatI~viloki(noun,4);vidyut:vilokyamAna~viloki(noun,2)
vimA	2	vidyut:vimA~vimi(noun,9);vidyut:vimA~vime(noun,9)
vimAna	4	dcs:vimAna~vimAna(ADJ,3);dcs:vimAnaH~vimA(VERB,2);dcs:vimAnaM~vimA(VERB,2);dcs:vimAnezu~vimA(VERB,1)
vimUrC	1	dcs:vimUrCitam~vimUrCay(VERB,1)
vimalA	1	dcs:vimalA~vimala(ADJ,50)
vimala	8	dcs:vimalAH~vimala(NOUN,1);dcs:vimalAm~vimalA(NOUN,2);dcs:vimala~vimala(NOUN,30);dcs:vimalaH~vimala(NOUN,17);dcs:vimalaM~vimala(NOUN,38)
vimanas	1	vidyut:vimanas~viman(noun,6)
vimfDa	1	dcs:vimfDo~vimfD(NOUN,2)
vimfS	1	vidyut:vimarSanIya~vimarSi(noun,2)
vimita	1	dcs:vimite~vimA(VERB,2)
vimocana	2	dcs:vimocana~vimocana(NOUN,2);dcs:vimocanam~vimocana(ADJ,4)
vimokzaRa	1	dcs:vimokzaRam~vimokzaRa(ADJ,2)
vimokzi	1	vidyut:vimokzya~vimokzi(ind,2)
vimuKa	1	dcs:vimuKaH~vimuKa(NOUN,4)
vimuc	3	dcs:vimucaH~vimuc(VERB,1);dcs:vimukta~vimukta(NOUN,1);dcs:vimukto~vimukta(NOUN,2)
vinA	1	dcs:vinA~vinA(NOUN,3)
vinASana	3	dcs:vinASana~vinASana(NOUN,2);dcs:vinASanam~vinASana(NOUN,20);dcs:vinASane~vinASana(ADJ,2)
vinAdi	1	vidyut:vinAdam~vinad(noun,3)
vinI	8	dcs:vinItAH~vinIta(NOUN,1);dcs:vinIta~vinIta(ADJ,1);dcs:vinItaH~vinIta(NOUN,3);dcs:vinItam~vinIta(ADJ,2);dcs:vinItena~vinIta(ADJ,1)
vinaS	1	vidyut:vinASin~vinASi(noun,2)
vinad	1	vidyut:vinAdin~vinAdi(noun,2)
vinah	1	vidyut:vinad~vinad(noun,7)
vinam	1	dcs:vinata~vinata(NOUN,1)
vinatA	2	dcs:vinatA~vinam(VERB,4);dcs:vinatAM~vinam(VERB,1)
vinaya	2	dcs:vinaya~vinI(VERB,6);dcs:vinayaH~vinaya(ADJ,1)
vinda	1	dcs:vinda~vid(VERB,9)
vinetf	1	dcs:vinetA~vinI(VERB,2)
vinigrah	2	vidyut:vinigrAhya~vinigrAhi(noun,2);vidyut:vinigrAhya~vinigrAhi(ind,1)
vinikf	1	vidyut:vinikfta~vinikft(noun,2)
vinipat	1	vidyut:vinipat~vinipad(noun,7)
vinivft	1	dcs:vinivftte~vinivftta(NOUN,1)
vinodi	1	vidyut:vinodayati~vinodi(verb,2)
vinud	2	vidyut:vinuda~vinud(verb,2);vidyut:vinudanti~vinud(verb,2)
vip	1	dcs:vipA~vip(ADJ,1)
vipASA	1	vidyut:vipASa~vipASa(noun,2)
vipApa	1	dcs:vipApA~vipApA(NOUN,1)
vipApman	1	dcs:vipApmA~vipApman(NOUN,3)
vipaS	1	dcs:vispazwam~vispazwa(ADJ,2)
vipaScit	3	dcs:vipaScin~vipaScit(NOUN,1);dcs:vipaScit~vipaScit(NOUN,3);dcs:vipaScite~vipaScit(NOUN,2)
vipac	1	vidyut:vipacati~vipac(verb,1)
vipakza	1	dcs:vipakza~vipakza(ADJ,2)
viparIta	1	dcs:viparItA~viparI(VERB,2)
viparii	1	vidyut:viparItavat~viparItavat(ind,1)
viparyAsa	1	dcs:viparyAsaM~viparyAsam(ADV,4)
viparyasta	1	dcs:viparyasta~viparyas(VERB,1)
viparyaya	1	dcs:viparyayam~viparyaya(ADJ,1)
viplu	1	dcs:viplutA~viplutA(NOUN,3)
vipra	15	dcs:viprA~vipra(ADJ,22);dcs:viprAH~vipra(ADJ,8);dcs:viprAsaH~vipra(ADJ,2);dcs:viprAso~vipra(ADJ,3);dcs:viprAya~vipra(ADJ,3)
vipraIkz	1	vidyut:viprekzaRI~vipraIkzi(noun,1)
viprahan	1	vidyut:vipraGAtinam~vipraGAti(noun,1)
viprakfzwa	1	dcs:viprakfzwe~viprakfz(VERB,2)
vipralap	1	vidyut:vipralap~vipralaB(noun,7)
vipramuc	2	vidyut:vipramocya~vipramoci(noun,2);vidyut:vipramocya~vipramoci(ind,1)
vipriya	4	dcs:vipriya~vipriya(ADJ,1);dcs:vipriyaM~vipriya(ADJ,10);dcs:vipriyam~vipriya(ADJ,4);dcs:vipriye~vipriya(ADJ,1)
vipula	8	dcs:vipulA~vipulA(NOUN,5);dcs:vipula~vipula(NOUN,7);dcs:vipulaH~vipula(NOUN,20);dcs:vipulaM~vipula(NOUN,7);dcs:vipulam~vipula(NOUN,1)
viqambay	1	dcs:viqambita~viqambita(ADJ,1)
virAga	2	dcs:virAga~virAga(ADJ,2);dcs:virAgaM~virAga(ADJ,1)
virAj	4	dcs:virAj~virAj(ADJ,5);dcs:virAja~virAj(VERB,7);dcs:virAjam~virAj(ADJ,6);dcs:virAw~virAj(ADJ,9)
virUpa	2	dcs:virUpA~virUpA(NOUN,4);dcs:virUpa~virUpa(NOUN,2)
viraTa	1	dcs:viraTa~viraTa(NOUN,1)
viraYj	1	vidyut:virajati~viraYj(verb,1)
viracay	1	dcs:viracitAM~viracitA(NOUN,1)
virah	1	dcs:virahitA~virahita(ADJ,9)
virahi	2	vidyut:virahayan~virAhi(noun,2);vidyut:virahin~virAhi(noun,2)
virahita	4	dcs:virahitAH~virah(VERB,2);dcs:virahita~virah(VERB,2);dcs:virahitaM~virah(VERB,5);dcs:virahitam~virah(VERB,3)
viraja	2	dcs:virajA~virajas(ADJ,7);dcs:virajam~viraja(NOUN,2)
virajas	1	dcs:virajaH~viraja(NOUN,3)
virala	1	dcs:viralA~viralA(NOUN,2)
viram	2	dcs:virama~virama(NOUN,1);dcs:virame~virama(NOUN,1)
viruD	1	dcs:virudDa~virudDa(ADJ,7)
viruh	1	dcs:virUQa~virUQa(NOUN,1)
viruj	1	vidyut:viruja~viruj(verb,1)
virukmat	1	dcs:virukmatA~virukmant(NOUN,1)
viruta	1	dcs:virutam~viru(VERB,1)
visPUrj	1	dcs:visPUrjita~visPUrjita(NOUN,1)
visPUrjita	1	dcs:visPUrjitam~visPUrj(VERB,2)
visfj	1	dcs:visfzwaM~visfzwa(NOUN,1)
vismaya	1	dcs:vismayaH~vismaya(ADJ,1)
vismi	2	dcs:vismita~vismita(NOUN,1);dcs:vismitam~vismita(NOUN,1)
visramB	1	vidyut:visramBaRa~visramBi(noun,2)
visras	1	vidyut:visras~visra(noun,2)
visru	2	vidyut:visrAvitA~visrAvi(verb,1);vidyut:visrAvitA~visrAvi(noun,1)
vistara	1	dcs:vistaram~vistara(ADJ,1)
vistf	2	dcs:vistIrRAm~vistIrRa(ADJ,1);dcs:vistIrRa~vistIrRa(ADJ,1)
visukfta	1	dcs:visukftaH~visukft(ADJ,1)
visvara	2	dcs:visvara~visvara(NOUN,1);dcs:visvaram~visvara(NOUN,2)
vitaMs	1	vidyut:vitan~vitaMsi(noun,7)
vitaTa	2	dcs:vitaTA~vitaTA(ADV,2);dcs:vitaTa~vitaTa(NOUN,1)
vitan	1	dcs:vitate~vitata(NOUN,1)
vitanu	1	vidyut:vitanu~vitan(verb,1)
vitara	1	dcs:vitara~vitf(VERB,2)
vitrAsana	1	dcs:vitrAsana~vitrAsana(NOUN,1)
vitta	6	dcs:vittAt~vid(VERB,6);dcs:vitta~vid(VERB,24);dcs:vittaM~vid(VERB,16);dcs:vittam~vid(VERB,29);dcs:vittasya~vid(VERB,1)
vittadA	1	vidyut:vittadA~vittada(noun,1)
vivA	8	vidyut:vivA~vive(noun,9);vidyut:vivA~vivAyi(noun,6);vidyut:vivA~vivApi(noun,6);vidyut:vivAs~vivAsi(noun,35);vidyut:vivAs~vivAsa(noun,21)
vivAs	2	dcs:vivAsa~vivAsa(NOUN,3);dcs:vivAse~vivAsa(NOUN,1)
vivAsana	1	dcs:vivAsanam~vivAsana(ADJ,1)
vivAsi	4	vidyut:vivAsita~vivAsa(noun,6);vidyut:vivAsyatAm~vivAsa(verb,3);vidyut:vivAsyatAm~vive(noun,2);vidyut:vivAsyatAm~vivA(noun,2)
vivI	1	vidyut:vivyA~vyaj(noun,3)
vivac	1	vidyut:vivaktavyam~vibrU(noun,3)
vivad	3	vidyut:vivAdin~vivAdi(noun,2);vidyut:vivada~vivad(verb,1);vidyut:vyudyate~vyund(verb,1)
vivah	2	dcs:vyUQA~vyUQa(ADJ,1);vidyut:vivAhinI~vivAhi(noun,4)
vivakz	2	dcs:vivakzita~vivakzita(ADJ,2);dcs:vivakzitam~vivakzita(NOUN,8)
vivakza	1	vidyut:vivakzu~vivakzi(noun,9)
vivakzi	1	vidyut:vivakzaRa~vivakza(noun,8)
vival	1	vidyut:vivalitam~vivAli(noun,3)
vivarji	1	vidyut:vivarjayat~vivfj(noun,3)
vivarti	1	vidyut:vivart~vivarDi(noun,7)
vivas	2	dcs:vyuzwA~vyuzwi(NOUN,3);vidyut:vivas~vivA(noun,1)
vivasvant	3	dcs:vivasvAn~vivasvat(ADJ,1);dcs:vivasvat~vivasvat(ADJ,6);dcs:vivasvatA~vivasvat(ADJ,1)
vivatsa	1	dcs:vivatsA~vivatsA(NOUN,2)
viveji	1	vidyut:vivek~viveci(noun,7)
viveka	1	dcs:vivekam~vivic(VERB,2)
vivf	2	dcs:vivftA~vivftA(NOUN,3);dcs:vivfte~vivfta(NOUN,2)
vivfhat	1	vidyut:vivfhatam~vivfh(verb,1)
vivfj	1	vidyut:vivarjanIya~vivarji(noun,6)
viviDa	1	dcs:viviDaM~viviDa(NOUN,1)
vivic	7	dcs:vivikta~vivikta(ADJ,14);dcs:viviktaH~vivikta(ADJ,3);dcs:viviktam~vivikta(ADJ,2);dcs:viviktezu~vivikta(ADJ,3);vidyut:vivecanIya~viveci(noun,2)
vividiza	2	vidyut:vividizARi~vividizi(noun,12);vidyut:vividizARi~vividiza(verb,2)
vivikta	1	dcs:vivikte~vivikta(ADJ,14)
vivikza	3	vidyut:vivikzu~vivij(noun,6);vidyut:vivikzu~vivikzi(noun,6);vidyut:vivikzu~vivic(noun,3)
vivitsa	1	vidyut:vivitsamAna~vividiza(noun,4)
vivraSc	1	vidyut:vivfScanti~vivraSc(verb,1)
vivyAsa	2	vidyut:vivyAsa~vivyAsi(noun,4);vidyut:vivyAsa~vivyAsa(verb,1)
vivyaD	1	vidyut:viviDyatAm~vivyaD(verb,2)
viwaNka	1	dcs:viwaNka~viwaNka(ADJ,1)
viyA	1	dcs:viyAti~viyAti(NOUN,1)
viyant	1	dcs:viyat~vI(VERB,3)
viyoni	2	dcs:viyoni~viyoni(ADJ,1);dcs:viyoniM~viyoni(NOUN,2)
viyutA	2	vidyut:viyuta~viyu(verb,1);vidyut:viyuta~viyu(noun,2)
viyuti	1	dcs:viyutA~viyu(VERB,2)
vizA	1	dcs:vizite~vizita(ADJ,1)
vizARA	1	dcs:vizARA~vizA(VERB,2)
vizARa	1	dcs:vizARe~vizARA(NOUN,6)
vizARin	1	dcs:vizARinaH~vizARin(ADJ,1)
vizApaha	1	vidyut:vizApaha~vizApahA(noun,3)
vizUcI	1	vidyut:vizUci~vizUci(noun,3)
vizUcIna	1	dcs:vizUcIna~vizUcIna(NOUN,1)
viza	2	dcs:vizA~vizA(NOUN,10);dcs:vizARi~vizARin(ADJ,4)
vizah	2	dcs:vizahyAn~vizahya(ADJ,1);dcs:vizahya~vizahya(ADJ,1)
vizahan	1	vidyut:vizahaRI~vizah(noun,1)
vizama	7	dcs:vizamARi~vizama(NOUN,3);dcs:vizama~vizama(NOUN,43);dcs:vizamaM~vizama(NOUN,7);dcs:vizamam~vizama(NOUN,1);dcs:vizame~vizama(NOUN,24)
vizayin	1	dcs:vizayiRAm~vizayin(NOUN,1)
vizuvant	1	dcs:vizuvAn~vizuvat(ADJ,2)
vizvaYc	3	dcs:vizUcI~vizUcI(NOUN,5);dcs:vizUcIm~vizUcI(NOUN,1);dcs:vizUcIr~vizUcI(NOUN,1)
vizwap	1	dcs:vizwapam~vizwapa(NOUN,8)
vizwaraSravas	1	vidyut:vizwaraSravas~vizwaraSrava(noun,1)
vraRa	1	dcs:vraRAn~avraRa(ADJ,1)
vraSc	2	dcs:vfSca~vfSca(NOUN,1);dcs:vfScati~vfScati(NOUN,1)
vraj	2	dcs:vraja~vraja(NOUN,80);dcs:vrajat~vraj(VERB,2)
vraja	1	dcs:vraje~vraj(VERB,3)
vrata	1	dcs:vratAH~avrata(ADJ,1)
vratacaryA	2	vidyut:vratacaryA~vratacarya(noun,1);vidyut:vratacarya~vratacarya(noun,2)
vratavat	1	vidyut:vratavat~vratavat(ind,1)
vratin	2	dcs:vratI~vratin(NOUN,29);dcs:vratine~vratin(NOUN,1)
vyADita	1	dcs:vyADitaH~vyADi(NOUN,1)
vyAGrAsya	1	vidyut:vyAGrAsya~vyAGrAsyA(noun,3)
vyAGrI	1	vidyut:vyAGryAm~vyAGrya(noun,1)
vyAKyA	2	dcs:vyAKyAtA~vyAKyAtf(ADJ,1);dcs:vyAKyAtAH~ja(ADJ,1)
vyATi	1	vidyut:vyaTi~vyaT(noun,6)
vyAcakz	2	vidyut:vyAcakze~vyAcakzi(noun,39);vidyut:vyAcakze~vyAcakz(verb,2)
vyAdi	3	vidyut:vyAdi~vyad(noun,3);vidyut:vyAdi~vyAdA(noun,3);vidyut:vyAdi~vyAdi(verb,1)
vyAhan	3	dcs:vyAhata~vyAhata(ADJ,1);vidyut:vyAGnan~vyAhan(verb,1);vidyut:vyAhantA~vyAhan(noun,1)
vyAhf	4	dcs:vyAhfta~vyAhfta(NOUN,2);dcs:vyAhftaM~avyAhfta(ADJ,1);vidyut:vyAharam~vyAhf(verb,1);vidyut:vyAharatAm~vyAhf(noun,2)
vyAla	1	dcs:vyAlam~vyAla(ADJ,1)
vyAnaSi	1	vidyut:vyAnaSi~vyAnaSin(noun,3)
vyAp	4	dcs:vyAptA~vyAptf(ADJ,2);dcs:vyApya~vyApya(NOUN,1);vidyut:vyApAna~vyAAp(noun,2);vidyut:vyApnuvate~vyAAp(noun,2)
vyApAri	1	vidyut:vyApArayan~vyApAri(verb,1)
vyApad	2	dcs:vyApad~vyAp(VERB,1);dcs:vyApanna~vyApanna(ADJ,2)
vyApi	3	vidyut:vyAp~vyAp(noun,7);vidyut:vyAp~vyAAp(noun,7);vidyut:vyAp~vyAApi(noun,7)
vyAsaYj	1	vidyut:vyAsajya~vyAsajya(ind,1)
vyAtta	1	dcs:vyAtta~vyAdA(VERB,5)
vyAvahArika	1	dcs:vyAvahArika~vyAvahArika(NOUN,2)
vyAvft	2	vidyut:vyAvartaka~vyAvarti(noun,4);vidyut:vyAvartizyate~vyAvarti(verb,2)
vyAyam	3	dcs:vyAyatA~vyAyatA(NOUN,1);vidyut:vyAyacCat~vyAyam(verb,1);vidyut:vyAyamana~vyAyAmi(noun,2)
vyUha	1	dcs:vyUha~vyUh(VERB,4)
vyaD	2	dcs:vidDA~vidDf(NOUN,1);dcs:vidDam~vidDa(NOUN,2)
vyaDva	1	dcs:vyaDva~vyaDvan(ADJ,2)
vyaMsa	1	dcs:vyaMsam~vyaMsa(ADJ,2)
vyaMsay	1	dcs:vyaMsita~vyaMsita(NOUN,1)
vyaNga	1	dcs:vyaNga~vyaNga(ADJ,23)
vyaSva	2	dcs:vyaSva~vyaSva(NOUN,6);dcs:vyaSvam~vyaSva(NOUN,1)
vyaTA	1	dcs:vyaTayA~vyaTay(VERB,2)
vyaTis	1	dcs:vyaTiH~vyaTi(ADJ,1)
vyaYjaka	1	dcs:vyaYjaka~vyaYjaka(ADJ,8)
vyac	1	dcs:vivikto~vivikta(ADJ,1)
vyad	3	vidyut:vyad~vyaT(noun,7);vidyut:vyad~vyATi(noun,7);vidyut:vyadanti~vyad(verb,1)
vyakta	4	dcs:vyaktA~vyaYj(VERB,8);dcs:vyakta~vyaYj(VERB,3);dcs:vyaktaM~avyakta(NOUN,7);dcs:vyaktam~vyaYj(VERB,5)
vyalIka	3	dcs:vyalIkAn~vyalIka(NOUN,1);dcs:vyalIka~vyalIka(ADJ,1);dcs:vyalIkaM~vyalIka(ADJ,1)
vyalkaSA	1	vidyut:vyalkaSa~vyalkaSa(noun,2)
vyapaAkfz	2	vidyut:vyapAkarzat~vyapakfz(verb,1);vidyut:vyapAkarzat~vyapaAkfz(verb,1)
vyapatrap	1	vidyut:vyapatrap~vyapatrApi(noun,7)
vyapavarji	1	vidyut:vyapavarjita~vyapavfj(noun,2)
vyapayA	2	dcs:vyapAyAt~vyapAya(NOUN,2);vidyut:vyapayAta~vyapayA(verb,1)
vyapoh	1	dcs:vyapoQa~vyapavah(VERB,1)
vyapoha	1	dcs:vyapoha~vyapoh(VERB,1)
vyas	1	dcs:vyastaH~vyasta(ADJ,2)
vyasta	1	dcs:vyasta~vyas(VERB,16)
vyavaDA	2	dcs:vyavahita~vyavahita(ADJ,1);dcs:vyavahite~avyavahita(ADJ,1)
vyavasA	1	dcs:vyavasitaM~vyavasita(NOUN,7)
vyavasAya	1	dcs:vyavasAya~vyavasA(VERB,5)
vyavasAyi	1	vidyut:vyavasAyya~vyavasAyi(ind,1)
vyavasita	1	dcs:vyavasitam~vyavasA(VERB,2)
vyavaso	2	vidyut:vyavasA~vyavasAyi(noun,6);vidyut:vyavasAyin~vyavasAyi(noun,2)
vyaya	3	dcs:vyaya~avyaya(ADJ,2);dcs:vyayam~avyaya(ADJ,5);dcs:vyaye~avyaya(ADJ,2)
vye	2	dcs:vivye~vI(VERB,1);vidyut:vyAsyat~vyas(verb,1)
vyucC	2	vidyut:vyucCA~vyucCi(noun,14);vidyut:vyucCAd~vyucCi(noun,16)
vyutpAdi	1	vidyut:vyutpAdayati~vyutpAdi(verb,1)
yA	13	dcs:yAmi~yAmi(NOUN,3);dcs:yAmo~yAma(NOUN,2);dcs:yAtA~yAtf(ADJ,5);dcs:yAtaM~yAta(NOUN,1);dcs:yAtam~yAta(NOUN,5)
yABi	1	vidyut:yABi~yaB(noun,3)
yAc	3	dcs:yAca~yAca(NOUN,2);dcs:yAcitA~yAcitf(NOUN,1);vidyut:yAcitavAn~yAci(noun,2)
yAcitaka	1	dcs:yAcitaka~yAcitaka(NOUN,1)
yAdava	2	dcs:yAdavI~yAdavI(NOUN,4);dcs:yAdava~yAdava(ADJ,1)
yAdva	1	dcs:yAdvaM~yAdva(NOUN,1)
yAjYika	1	dcs:yAjYikAH~yAjYika(NOUN,1)
yAjay	2	dcs:yAjyaH~yAjya(NOUN,4);dcs:yAjyam~yAjya(NOUN,4)
yAjyA	2	dcs:yAjyA~yAjay(VERB,2);dcs:yAjyAH~yAjay(VERB,2)
yAjya	3	dcs:yAjyAn~yAjay(VERB,1);dcs:yAjya~yAjay(VERB,12);dcs:yAjyena~yAjya(ADJ,1)
yAma	6	dcs:yAmAH~yAma(ADJ,4);dcs:yAma~yA(VERB,8);dcs:yAmaH~yA(VERB,11);dcs:yAmaM~yAma(ADJ,4);dcs:yAmam~yAma(ADJ,1)
yAmi	2	vidyut:yamin~yam(noun,2);vidyut:yamin~yami(noun,2)
yAmuna	3	dcs:yAmunam~yAmuna(NOUN,1);dcs:yAmune~yAmuna(NOUN,1);dcs:yAmunena~yAmuna(NOUN,1)
yAmya	2	dcs:yAmyA~yAmyA(NOUN,3);dcs:yAmya~yAmya(NOUN,1)
yAna	4	dcs:yAnAn~yA(VERB,1);dcs:yAnAni~yA(VERB,1);dcs:yAnam~yAna(ADJ,9);dcs:yAnena~yAna(ADJ,4)
yApay	1	dcs:yApya~yApya(ADJ,1)
yAtayAma	1	dcs:yAtayAma~ayAtayAman(ADJ,3)
yAtf	2	dcs:yAtAraH~yA(VERB,1);dcs:yAtuH~yAtu(NOUN,4)
yAtrika	2	dcs:yAtrika~yAtrika(NOUN,2);dcs:yAtrikam~yAtrika(NOUN,1)
yAtu	2	dcs:yAtava~yA(VERB,1);dcs:yAtum~yA(VERB,14)
yAvan	1	dcs:yAvA~yAva(ADJ,1)
yAvat	3	dcs:yAvad~yAvat(ADJ,82);dcs:yAvan~yAvat(ADJ,5);dcs:yAvat~yAvat(ADJ,120)
yaSas	8	dcs:yaSAH~yaSas(ADJ,8);dcs:yaSas~yaSas(ADV,1);dcs:yaSasA~yaSas(ADJ,5);dcs:yaSasAm~yaSas(ADJ,1);dcs:yaSasaH~yaSas(ADJ,9)
yaSasa	1	dcs:yaSasam~yaSas(NOUN,9)
yaSaskarI	1	dcs:yaSaskarI~yaSaskara(ADJ,1)
yaSasvin	1	dcs:yaSasvinI~yaSasvinI(NOUN,10)
yaSasyA	1	dcs:yaSasyA~yaSasya(ADJ,1)
yaTA	1	dcs:yaTA~kf(VERB,1)
yaTASruta	1	dcs:yaTASrutam~yaTASrutam(ADV,7)
yaTAkAlam	2	dcs:yaTAkAlaM~yaTAkAla(NOUN,16);dcs:yaTAkAlam~yaTAkAla(NOUN,7)
yaTApUrvam	2	dcs:yaTApUrvaM~yaTApUrva(ADJ,16);dcs:yaTApUrvam~yaTApUrva(ADJ,7)
yaTArTam	1	dcs:yaTArTam~yaTArTa(ADJ,20)
yaTAsTAna	1	dcs:yaTAsTAna~yaTAsTAna(ADJ,1)
yaTAsTAnam	2	dcs:yaTAsTAnaM~yaTAsTAna(NOUN,4);dcs:yaTAsTAnam~yaTAsTAna(NOUN,4)
yaTAsuKam	1	dcs:yaTAsuKam~yaTAsuKam(NOUN,1)
yaTAsvam	1	dcs:yaTAsvam~yaTAsva(ADJ,14)
yaTAtaTyena	1	dcs:yaTAtaTyena~yaTAtaTya(NOUN,1)
yaTAvftta	2	dcs:yaTAvfttaM~yaTAvftta(ADJ,5);dcs:yaTAvfttam~yaTAvftta(ADJ,1)
yaTAviDi	1	dcs:yaTAviDi~yaTAviDi(NOUN,1)
yaToktam	1	dcs:yaToktaM~yaToktam(NOUN,1)
yad	23	dcs:yA~yA(ADJ,10);dcs:yAH~yA(ADJ,14);dcs:yAM~yAM(ADV,3);dcs:yAn~i(VERB,3);dcs:yAni~yA(VERB,1)
yadA	1	dcs:yadA~vartana(NOUN,1)
yadi	2	dcs:yadi~yad(NOUN,3);dcs:yady~yad(NOUN,1)
yadvA	2	vidyut:yadvA~yadu(noun,1);vidyut:yadvA~yadvan(noun,1)
yahva	2	dcs:yahvI~yahvI(NOUN,3);dcs:yahvIH~yahvI(NOUN,3)
yaj	22	dcs:ayAH~ayAs(ADJ,1);dcs:yajA~yaj(ADJ,1);dcs:yaja~yaja(NOUN,7);dcs:yajamAnA~yajamAna(NOUN,2);dcs:yajamAnAH~yajamAna(NOUN,1)
yajYavAhas	1	vidyut:yajYavAhas~yajYavAha(noun,2)
yajana	1	dcs:yajanam~yajana(ADJ,2)
yajata	4	dcs:yajatA~yaj(VERB,8);dcs:yajatam~yaj(VERB,3);dcs:yajatasya~yajata(NOUN,1);dcs:yajato~yaj(VERB,8)
yaji	1	vidyut:yaji~yajin(noun,3)
yaju	1	dcs:yaju~yajus(NOUN,1)
yajvan	3	dcs:yajvA~yajvan(ADJ,27);dcs:yajvAnaH~yajvan(ADJ,4);dcs:yajvano~ayajvan(ADJ,1)
yajyu	1	dcs:yajyave~yajyu(NOUN,1)
yam	5	dcs:yacCa~yacCa(NOUN,1);dcs:yacCantu~yad(PRON,1);dcs:yamya~yamI(NOUN,1);dcs:yanta~i(VERB,2);dcs:yata~yatas(SCONJ,136)
yamI	1	dcs:yamyA~yamya(ADJ,3)
yama	6	dcs:yamA~yama(ADJ,2);dcs:yamAByAm~yama(ADJ,1);dcs:yamAya~yama(ADJ,1);dcs:yamaM~yam(VERB,3);dcs:yamam~yam(VERB,1)
yamaka	1	dcs:yamaka~yamaka(ADJ,2)
yamarAjan	1	vidyut:yamarAja~yamarAja(noun,2)
yamin	1	dcs:yamI~yamI(NOUN,6)
yantf	4	dcs:yantA~yam(VERB,11);dcs:yantAram~yantf(ADJ,1);dcs:yantf~yantf(ADJ,1);dcs:yantuH~yantf(NOUN,5)
yas	1	vidyut:yasyati~yas(verb,1)
yatas	2	dcs:yataH~yam(VERB,22);dcs:yato~i(VERB,7)
yati	2	dcs:yatInAm~i(VERB,1);dcs:yati~yati(ADV,6)
yatiDarman	1	vidyut:yatiDarma~yatiDarma(noun,2)
yatnatas	1	dcs:yatnataH~yatna(NOUN,68)
yatra	1	dcs:yatra~yatra(NOUN,1)
yavIyas	1	dcs:yavIyas~yavIyas(NOUN,1)
yavamaDya	1	vidyut:yavamaDya~yavamaDyA(noun,3)
yavanI	2	vidyut:yavanI~yavan(noun,3);vidyut:yavanI~yu(noun,2)
yayI	2	vidyut:yayi~yayi(noun,6);vidyut:yayi~yayin(noun,6)
yayi	1	dcs:yayiM~yayi(NOUN,1)
yazwf	1	dcs:yazwA~yaj(VERB,2)
yoDin	1	dcs:yoDinaH~yoDin(NOUN,17)
yodDf	1	dcs:yodDA~yuD(VERB,4)
yoga	1	dcs:yogataH~yogatas(ADV,7)
yogasidDa	1	vidyut:yogasidDa~yogasidDA(noun,3)
yogin	5	dcs:yogI~yogin(ADJ,10);dcs:yogiBiH~yogin(ADJ,2);dcs:yoginA~yogin(ADJ,7);dcs:yoginAm~yogin(ADJ,7);dcs:yoginaH~yogin(ADJ,7)
yoginI	1	dcs:yoginI~yogin(ADJ,7)
yogya	4	dcs:yogyA~yogyA(NOUN,10);dcs:yogyaH~yogyA(NOUN,1);dcs:yogyaM~yogya(NOUN,8);dcs:yogyam~yogya(NOUN,1)
yoji	1	vidyut:ayojayatAm~yuj(verb,1)
yoti	1	vidyut:yod~yoDi(noun,7)
yu	1	dcs:yuvate~yuvati(NOUN,1)
yuD	5	dcs:ayuDyan~ayuDyat(ADJ,1);dcs:yoDi~yoDin(ADJ,1);dcs:yoDyA~ayoDyA(NOUN,1);dcs:yuDyanta~yuD(VERB,1);dcs:yuDyata~yuD(VERB,4)
yuDAjit	1	dcs:yuDAjit~yuDAjit(ADJ,2)
yuDa	1	dcs:yuDa~yuD(NOUN,1)
yudDa	6	dcs:yudDAt~yuD(VERB,1);dcs:yudDAya~yuD(VERB,4);dcs:yudDa~yuD(VERB,5);dcs:yudDaM~yuD(VERB,4);dcs:yudDam~yuD(VERB,2)
yugapad	1	dcs:yugapad~yugapad(NOUN,1)
yugma	1	dcs:yugma~yugma(ADJ,3)
yuj	52	dcs:yuj~yuj(NOUN,10);dcs:yujA~yuj(ADJ,40);dcs:yujaH~yuj(NOUN,22);dcs:yujam~yuj(NOUN,10);dcs:yuje~yuj(NOUN,6)
yujya	2	dcs:yujyAya~yujya(ADJ,2);dcs:yujyaM~yujya(NOUN,1)
yuta	6	dcs:yutAH~yu(VERB,1);dcs:yutAm~yu(VERB,2);dcs:yutAni~yuta(NOUN,1);dcs:yuta~yuta(NOUN,2);dcs:yutaH~yu(VERB,6)
yuvan	10	dcs:yuvA~yuvan(ADJ,54);dcs:yuvAnA~yuvan(NOUN,9);dcs:yuvAna~yuvan(ADJ,1);dcs:yuvAnaH~yuvan(ADJ,5);dcs:yuvAnaM~yuvan(ADJ,11)
yuvat	1	dcs:yuvatyoH~yuvati(NOUN,1)
yuvati	2	dcs:yuvatInAm~yuvatI(NOUN,2);dcs:yuvati~yu(VERB,1)
yuyutsu	5	dcs:yuyutsavaH~yuyutsu(NOUN,3);dcs:yuyutsave~yuyutsu(NOUN,1);dcs:yuyutsuH~yuyutsu(ADJ,2);dcs:yuyutsuM~yuyutsu(ADJ,6);dcs:yuyutsunA~yuyutsu(ADJ,2)
zaqBuja	1	vidyut:zaqBuja~zaqBujA(noun,3)
zaqaSrA	1	vidyut:zaqaSra~zaqaSra(noun,2)
zaqguRa	1	dcs:zaqguRa~zaqguRa(NOUN,2)
zawka	1	dcs:zawka~zawka(ADJ,3)
zawpada	1	dcs:zawpadI~zawpadI(NOUN,1)
zazWI	2	dcs:zazWI~zazWa(ADJ,24);dcs:zazWyAm~zazWa(ADJ,3)
zazWa	3	dcs:zazWIm~zazWI(NOUN,4);dcs:zazWa~zazWa(NOUN,1);dcs:zazWam~zazWa(NOUN,4)
zazwi	1	dcs:zazwiH~zazwis(ADV,2)
zoqaSa	1	dcs:zoqaSIm~zoqaSI(NOUN,3)
zoqaSaka	1	dcs:zoqaSaka~zoqaSaka(NOUN,1)
zoqaSakalA	1	vidyut:zoqaSakala~zoqaSakala(noun,2)
zoqaSan	2	dcs:zoqaSA~zoqaSa(ADJ,4);dcs:zoqaSa~zoqaSa(ADJ,121)
zoqaSin	1	dcs:zoqaSI~zoqaSin(ADJ,13)
