root_slp1	source	registers
AGozi	vidyut:1	rigveda:1
AGrApi	vidyut:1	jabala-up:1
AIri	vidyut:1	rigveda:1
ASay	dcs:15	manavadharmashastra:4,br-up:3,rigveda:3
ASi	vidyut:6	rigveda:5,mahabharata-udyogaparva:1
ASvAsi	vidyut:1	ramayana-ayodhyakanda:1
AYc	dcs:4	rigveda:2,atharvaveda:2
AYj	dcs:1	manavadharmashastra:1
Aaj	vidyut:1	mahabharata-sauptikaparva:1
AcCo	vidyut:1	rigveda:1
Aday	dcs:3	ramayana-aranyakanda:2,ramayana-ayodhyakanda:1
Adi	dcs:443,marker:10,vidyut:5	nyaya-bhashya:44,vedartha-samgraha_ramanuja:34,sankhya-karika:32
AgAmi	vidyut:2	yoga-sutry_vyasa-bhashya:1,mahabharata-adiparva:1
AgF	vidyut:2	mahabharata-adiparva:2
AhAray	dcs:23	ramayana-aranyakanda:3,mahabharata-ashvamedhikaparva:3,mahabharata-sabhaparva:2
AhAri	vidyut:3	mahabharata-svargarohanikaparva:1,kama-sutra:1,mahabharata-sabhaparva:1
AhvAyi	vidyut:1	raghuvamsha:1
Aj	dcs:5	rigveda:3,manavadharmashastra:1,atharvaveda:1
AjYApi	vidyut:2	buddhacharita:1,mahabharata-udyogaparva:1
Akampi	vidyut:1	shatakatrayam:1
AkarRay	dcs:10	shukasaptati:3,amaru-shataka:2,ramayana-sundarakanda:1
Akulay	dcs:3	kama-sutra:2,shatakatrayam:1
AkzAri	vidyut:1	manavadharmashastra:1
AlAli	vidyut:1	ch-up:1
Aloki	vidyut:6	mahabharata-aranyakaparva:2,raghuvamsha:2,shatakatrayam:1
Amay	dcs:5	atharvaveda:1,rigveda:1,shv-up:1
Ami	vidyut:2	rigveda:1,raghuvamsha:1
AnAmi	vidyut:4	rigveda:3,mahabharata-udyogaparva:1
Ani	vidyut:5,dcs:2	rigveda:2,ramayana-ayodhyakanda:1,mahabharata-ashvamedhikaparva:1
Anonu	vidyut:2	rigveda:2
Ap	dcs:2774,vidyut:21,marker:2	mahabharata-aranyakaparva:385,mahabharata-adiparva:180,mahabharata-udyogaparva:178
ApAdi	vidyut:3	shatakatrayam:1,gitarthasamgraha-abhinavagupta:1,raghuvamsha:1
ApAti	vidyut:1	manavadharmashastra:1
ApF	vidyut:4	ramayana-aranyakanda:2,mahabharata-adiparva:1,atharvaveda:1
Apay	dcs:109	ramayana-ayodhyakanda:12,mahabharata-udyogaparva:9,mahabharata-adiparva:9
Apipayiz	dcs:1	br-up:1
ApyAyi	vidyut:1	atharvaveda:1
Ap￞	dcs:28	mahabharata-adiparva:3,mahabharata-dronaparva:3,rigveda:2
Ar	dcs:11	rigveda:11
ArC	dcs:6	rigveda:4,atharvaveda:2
Aropi	vidyut:3	atharvaveda:1,rigveda:1,gitarthasamgraha-abhinavagupta:1
As	dcs:1166,marker:4	rigveda:108,mahabharata-aranyakaparva:79,ch-up:71
AsAdi	vidyut:2	rigveda:1,mahabharata-karnaparva:1
AsTApi	vidyut:2	atharvaveda:1,rigveda:1
AstF	vidyut:2	ramayana-sundarakanda:1,raghuvamsha:1
Aukz	vidyut:1	atharvaveda:1
Avarji	vidyut:2	ramayana-sundarakanda:1,mahabharata-dronaparva:1
Avarti	vidyut:8	rigveda:5,mahabharata-aranyakaparva:1,ramayana-ayodhyakanda:1
Avay	dcs:9	atharvaveda:5,ait-up:2,rigveda:1
AveSi	vidyut:1	atharvaveda:1
Avedi	vidyut:2	rigveda:1,mahabharata-adiparva:1
AvivAsa	vidyut:5	rigveda:4,atharvaveda:1
AvivAsi	vidyut:2	rigveda:2
AyAti	vidyut:1	rigveda:1
AyoDi	vidyut:2	rigveda:1,mahabharata-aranyakaparva:1
BA	dcs:465,vidyut:8,marker:2	rigveda:76,ramayana-ayodhyakanda:43,mahabharata-aranyakaparva:39
BAjay	dcs:3	br-up:2,atharvaveda:1
BAji	vidyut:3	rigveda:1,atharvaveda:1,raghuvamsha:1
BAri	vidyut:4	mahabharata-aranyakaparva:1,mahabharata-dronaparva:1,manavadharmashastra:1
BAs	dcs:162,vidyut:2,marker:1	rigveda:28,mahabharata-aranyakaparva:11,ch-up:11
BAsay	dcs:41	bhagavadgita-1914:2,bhagavadgity:2,bhagavadgita-erman:2
BAsi	vidyut:4	devi-gita:3,pratyabhijna-hridaya_kshemaraja:1
BAvay	dcs:162	mahabharata-aranyakaparva:13,mahabharata-adiparva:9,gitarthasamgraha-abhinavagupta:9
BAvi	vidyut:20	buddhacharita:5,mahabharata-aranyakaparva:3,mahabharata-udyogaparva:3
BAyay	dcs:1	megha-duta:1
BAz	dcs:556,vidyut:22,marker:1	mahabharata-aranyakaparva:68,mahabharata-udyogaparva:66,mahabharata-dronaparva:61
BAzay	dcs:3	mahabharata-udyogaparva:1,ramayana-ayodhyakanda:1,kama-sutra:1
BI	dcs:476,vidyut:16,marker:6	rigveda:78,mahabharata-aranyakaparva:42,mahabharata-udyogaparva:34
BIzay	dcs:19	mahabharata-dronaparva:8,mahabharata-karnaparva:4,mahabharata-udyogaparva:2
BU	dcs:6833,vidyut:73	rigveda:706,mahabharata-aranyakaparva:649,mahabharata-adiparva:525
BUz	dcs:46	rigveda:44,atharvaveda:2
BUzay	dcs:113	ramayana-ayodhyakanda:26,ramayana-aranyakanda:17,ramayana-sundarakanda:15
BaR	dcs:18,vidyut:1	gitagovinda:16,shukasaptati:2,gitarthasamgraha-abhinavagupta:1
BaYj	dcs:223,vidyut:5	mahabharata-dronaparva:51,mahabharata-shalyaparva:24,ramayana-aranyakanda:22
Baj	dcs:574,vidyut:25,marker:10	rigveda:82,atharvaveda:44,mahabharata-aranyakaparva:27
Bakz	dcs:13	rigveda:3,mahabharata-aranyakaparva:2,atharvaveda:1
Bakzay	dcs:154	ramayana-aranyakanda:33,mahabharata-adiparva:31,mahabharata-aranyakaparva:20
Bakzi	vidyut:7	kama-sutra:2,ramayana-aranyakanda:2,mahabharata-ashvamedhikaparva:1
Ban	dcs:3	rigveda:3
Band	vidyut:2,dcs:2	rigveda:4
BariBf	dcs:2	rigveda:2
Barjay	dcs:3	mai-up:2,devi-gita:1
Barts	dcs:4	ramayana-sundarakanda:3,ramayana-ayodhyakanda:1
Bartsay	dcs:27	ramayana-sundarakanda:6,mahabharata-aranyakaparva:5,shukasaptati:4
Barv	vidyut:27,dcs:2	rigveda:20,atharvaveda:4,mai-up:3
Bas	dcs:18,vidyut:2	rigveda:15,atharvaveda:3,bhagavadgita-prabhupada:2
Baz	dcs:12	mahabharata-adiparva:4,mahabharata-bhishmaparva:3,mahabharata-sabhaparva:2
Beday	dcs:18	mahabharata-aranyakaparva:5,mahabharata-adiparva:4,ramayana-balakanda:3
Bf	dcs:835,vidyut:30,marker:9	rigveda:459,atharvaveda:187,mahabharata-adiparva:26
Bid	dcs:615,vidyut:31,marker:2	mahabharata-dronaparva:110,rigveda:84,mahabharata-karnaparva:57
Bikz	dcs:41,vidyut:4	rigveda:20,mahabharata-aranyakaparva:6,manavadharmashastra:6
Bizaj	dcs:33	rigveda:13,atharvaveda:11,raghuvamsha:3
Bizajy	dcs:2	rigveda:2
Bojay	dcs:45	manavadharmashastra:18,mahabharata-aranyakaparva:9,mahabharata-adiparva:6
Boji	vidyut:1	ramayana-ayodhyakanda:1
BrASay	dcs:2	rigveda:2
BrAj	dcs:129,vidyut:1	rigveda:32,mahabharata-aranyakaparva:14,atharvaveda:13
BrAjay	dcs:1	mahabharata-udyogaparva:1
BrAmay	dcs:40	mahabharata-dronaparva:8,ramayana-sundarakanda:4,shv-up:3
BrI	dcs:1	rigveda:1
BraMS	dcs:67,vidyut:1	mahabharata-udyogaparva:12,ramayana-aranyakanda:10,ramayana-ayodhyakanda:9
BraMSay	dcs:15	mahabharata-udyogaparva:8,mahabharata-aranyakaparva:4,mahabharata-adiparva:2
BraMs	vidyut:1	mahabharata-udyogaparva:1
Bram	dcs:156,vidyut:8	ramayana-aranyakanda:21,mahabharata-dronaparva:15,mahabharata-adiparva:13
Bramay	dcs:6	shatakatrayam-serebryakov:2,buddhacharita:1,shatakatrayam:1
Brez	dcs:1	rigveda:1
Buj	dcs:594,vidyut:16,marker:3	manavadharmashastra:59,mahabharata-aranyakaparva:46,mahabharata-adiparva:44
Bur	dcs:2	rigveda:2
BuraRy	dcs:10	rigveda:8,atharvaveda:2
Buraj	dcs:1	rigveda:1
Byas	dcs:81,vidyut:23	hatha-yoga-pradipika:28,yotat-up:15,manavadharmashastra:12
CAday	dcs:183	mahabharata-dronaparva:60,mahabharata-bhishmaparva:36,mahabharata-karnaparva:31
CAyay	dcs:2	br-up:2
Cad	dcs:99,vidyut:6	kama-sutra:14,mahabharata-aranyakaparva:13,mahabharata-adiparva:13
Caday	dcs:5	rigveda:5
Cal	dcs:2	gitarthasamgraha-abhinavagupta:2
Calay	dcs:11	gitagovinda:2,bhagavadgita-prabhupada:2,bhagavadgita-burba:1
Cand	dcs:8,vidyut:4	rigveda:8,mahabharata-adiparva:2,mahabharata-udyogaparva:1
Canday	dcs:5	rigveda:2,mahabharata-adiparva:1,mahabharata-dronaparva:1
Carday	dcs:2	mahabharata-bhishmaparva:1,mahabharata-udyogaparva:1
Ceday	dcs:4	manavadharmashastra:4
Cid	dcs:434,vidyut:281,marker:1	mahabharata-dronaparva:169,mahabharata-karnaparva:116,mahabharata-bhishmaparva:69
DA	dcs:3314,vidyut:280,marker:13	rigveda:1017,atharvaveda:498,mahabharata-aranyakaparva:171
DApay	dcs:8	rigveda:6,br-up:1,manavadharmashastra:1
DAray	dcs:533	rigveda:83,atharvaveda:38,mahabharata-aranyakaparva:34
DAri	vidyut:9	rigveda:6,mahabharata-dronaparva:1,mnar-up:1
DAv	dcs:339,vidyut:8,marker:1	rigveda:51,mahabharata-bhishmaparva:40,mahabharata-dronaparva:35
DAvay	dcs:6	rigveda:2,kau-up:1,manavadharmashastra:1
DI	dcs:512,marker:15,vidyut:4	rigveda:321,manavadharmashastra:30,atharvaveda:21
DU	dcs:208,vidyut:24	rigveda:44,mahabharata-dronaparva:25,mahabharata-shalyaparva:15
DUmAy	dcs:4	mahabharata-udyogaparva:3,mahabharata-bhishmaparva:1
DUnay	dcs:2	mahabharata-aranyakaparva:1,manavadharmashastra:1
DUpay	dcs:7	mahabharata-adiparva:1,ramayana-ayodhyakanda:1,ramayana-sundarakanda:1
DUrv	dcs:5	rigveda:4,atharvaveda:1
Dam	dcs:181,marker:1	mahabharata-dronaparva:55,mahabharata-karnaparva:27,rigveda:16
Damay	dcs:1	mahabharata-karnaparva:1
Dan	dcs:22,vidyut:3	mahabharata-dronaparva:5,ramayana-aranyakanda:4,rigveda:3
DanAy	dcs:1	mahabharata-udyogaparva:1
Danay	dcs:3	rigveda:3
Danv	vidyut:58,dcs:33	rigveda:33,mahabharata-dronaparva:21,mahabharata-karnaparva:8
DarDf	dcs:1	rigveda:1
Darzay	dcs:50	mahabharata-adiparva:15,ramayana-aranyakanda:14,mahabharata-udyogaparva:4
Darzi	vidyut:2	mahabharata-adiparva:1,ramayana-aranyakanda:1
Dav	dcs:3	rigveda:3
Davalay	dcs:2	shatakatrayam:1,shatakatrayam-serebryakov:1
De	vidyut:34	rigveda:30,atharvaveda:4
Df	dcs:380,vidyut:27	rigveda:53,mahabharata-aranyakaparva:49,atharvaveda:44
Dfz	dcs:70,vidyut:7	rigveda:49,atharvaveda:5,ramayana-ayodhyakanda:3
Dits	dcs:1	rigveda:1
DiyAy	dcs:2	rigveda:2
DizaRy	dcs:1	rigveda:1
DmApay	dcs:11	mahabharata-dronaparva:5,mahabharata-aranyakaparva:3,mahabharata-bhishmaparva:1
Draj	dcs:4,vidyut:1	rigveda:5
Dukz	dcs:1	kama-sutra:1
Dukzay	dcs:1	kama-sutra:1
Dunay	dcs:2	rigveda:2
DvaMs	dcs:50,vidyut:5	ramayana-ayodhyakanda:9,ramayana-aranyakanda:9,mahabharata-dronaparva:8
DvaMsay	dcs:15	mahabharata-dronaparva:3,ramayana-ayodhyakanda:2,mahabharata-udyogaparva:2
Dvan	vidyut:4,dcs:1	rigveda:2,gitagovinda:1,mahabharata-shalyaparva:1
Dvf	dcs:2	rigveda:2
DyA	dcs:267,vidyut:5	mahabharata-aranyakaparva:23,ramayana-ayodhyakanda:21,mahabharata-bhishmaparva:18
DyApay	dcs:21	mahabharata-adiparva:5,manavadharmashastra:5,mahabharata-aranyakaparva:4
DyE	vidyut:10	mun-up:2,mahabharata-adiparva:1,mahabharata-shalyaparva:1
GAray	dcs:1	atharvaveda:1
GAtay	dcs:82	mahabharata-adiparva:10,mahabharata-dronaparva:9,ramayana-sundarakanda:6
GAti	vidyut:2	ramayana-sundarakanda:1,mahabharata-udyogaparva:1
GAway	dcs:9	hatha-yoga-pradipika:2,yoga-sutry_vyasa-bhashya:2,mahabharata-aranyakaparva:1
GUrR	dcs:17,vidyut:4	mahabharata-adiparva:5,mahabharata-dronaparva:3,buddhacharita:2
GUrRay	dcs:2	shatakatrayam:1,shatakatrayam-serebryakov:1
Garzay	dcs:1	hatha-yoga-pradipika:1
Gas	dcs:25	rigveda:11,atharvaveda:6,br-up:5
Gaw	dcs:27,vidyut:4	nyaya-bhashya:5,mahabharata-dronaparva:4,mahabharata-bhishmaparva:3
Gaway	dcs:5	gitagovinda:4,mahabharata-dronaparva:1
Gawway	dcs:15	kama-sutra:6,mahabharata-dronaparva:2,mahabharata-virataparva:1
Gf	dcs:4	rigveda:4
Gfz	dcs:5,vidyut:1	mahabharata-aranyakaparva:2,ramayana-sundarakanda:1,mahabharata-karnaparva:1
Gozay	dcs:14	ramayana-sundarakanda:4,mahabharata-virataparva:3,rigveda:2
Gozi	vidyut:2	rigveda:2
GrA	dcs:118,vidyut:16,marker:1	br-up:13,mahabharata-aranyakaparva:11,ramayana-ayodhyakanda:9
Guz	dcs:18,vidyut:8	rigveda:4,mahabharata-aranyakaparva:3,mahabharata-ashvamedhikaparva:3
I	dcs:140,vidyut:3,marker:1	rigveda:131,atharvaveda:7,hatha-yoga-pradipika:2
INKay	dcs:5	rigveda:5
IS	dcs:133,vidyut:4	rigveda:88,atharvaveda:18,shv-up:8
Ih	dcs:43,vidyut:1	bhagavadgita-prabhupada:4,manavadharmashastra:3,shatakatrayam:3
Ihay	dcs:1	mahabharata-sabhaparva:1
Ikz	dcs:605,vidyut:26,marker:1	ramayana-ayodhyakanda:67,ramayana-sundarakanda:48,mahabharata-aranyakaparva:42
Ikzay	dcs:8	atharvaveda:7,manavadharmashastra:1
Ips	dcs:85	mahabharata-dronaparva:14,mahabharata-udyogaparva:11,mahabharata-virataparva:8
Ipsay	dcs:66	mahabharata-adiparva:27,mahabharata-aranyakaparva:13,mahabharata-udyogaparva:6
Iq	dcs:92	rigveda:50,atharvaveda:18,shv-up:3
Ir	dcs:61,vidyut:30,marker:1	rigveda:37,atharvaveda:10,mahabharata-dronaparva:9
Iray	dcs:133	rigveda:21,mahabharata-aranyakaparva:18,mahabharata-dronaparva:14
Iz	dcs:39,vidyut:7	rigveda:19,ramayana-balakanda:6,ch-up:4
KAd	dcs:37,vidyut:2	rigveda:7,atharvaveda:5,mahabharata-aranyakaparva:4
KAday	dcs:1	manavadharmashastra:1
KAnay	dcs:3	mahabharata-ashvamedhikaparva:1,kama-sutra:1,ramayana-ayodhyakanda:1
KaRqay	dcs:7	gitagovinda:2,hatha-yoga-pradipika:1,gitarthasamgraha-abhinavagupta:1
Kac	dcs:1	shukasaptati:1
Kal	dcs:1	shatakatrayam-serebryakov:1
Kan	dcs:55,vidyut:5	atharvaveda:18,rigveda:7,ramayana-balakanda:6
Keday	dcs:1	mahabharata-ashvamedhikaparva:1
Kel	dcs:2	gitagovinda:2
Kid	dcs:23,vidyut:3	rigveda:4,atharvaveda:4,gitagovinda:4
Kud	dcs:1	rigveda:1
KyA	dcs:857,vidyut:151,marker:1	mahabharata-adiparva:126,mahabharata-aranyakaparva:124,mahabharata-dronaparva:108
KyApay	dcs:20	manavadharmashastra:7,kama-sutra:5,mahabharata-udyogaparva:2
PARay	dcs:2	rigveda:2
PAlay	dcs:3	mahabharata-adiparva:1,mahabharata-sabhaparva:1,mahabharata-ashvamedhikaparva:1
Pal	dcs:21,vidyut:6	shatakatrayam:4,shatakatrayam-serebryakov:3,buddhacharita:3
PenAy	dcs:1	mahabharata-bhishmaparva:1
SA	dcs:612,marker:1,vidyut:1	mahabharata-dronaparva:113,rigveda:76,mahabharata-bhishmaparva:75
SASvas	dcs:1	rigveda:1
SAmay	dcs:170	ramayana-ayodhyakanda:20,buddhacharita:18,ramayana-sundarakanda:17
SApay	dcs:1	ramayana-ayodhyakanda:1
SAs	dcs:380,vidyut:11,marker:2	rigveda:57,mahabharata-aranyakaparva:47,ramayana-ayodhyakanda:37
SAtay	dcs:35	mahabharata-dronaparva:13,mahabharata-karnaparva:3,atharvaveda:3
SAyay	dcs:1	shukasaptati:1
SI	dcs:406,vidyut:14	rigveda:44,ramayana-ayodhyakanda:39,mahabharata-striparva:34
SIlay	dcs:6	kama-sutra:3,gitagovinda:2,mahabharata-adiparva:1
SaMs	dcs:561,vidyut:16	rigveda:140,mahabharata-aranyakaparva:39,mahabharata-adiparva:38
SaMsay	dcs:7	rigveda:7
SaNk	dcs:81,vidyut:17	mahabharata-aranyakaparva:23,ramayana-aranyakanda:10,mahabharata-adiparva:8
SabdAy	dcs:1	megha-duta:1
Sabday	dcs:5	mahabharata-adiparva:2,mahabharata-ashvamedhikaparva:1,bhagavadgita-radha:1
Sad	dcs:11	rigveda:7,atharvaveda:4
Sak	dcs:526,vidyut:72,marker:2	mahabharata-aranyakaparva:60,mahabharata-adiparva:59,mahabharata-dronaparva:51
Sam	dcs:510,vidyut:3	rigveda:105,atharvaveda:83,mahabharata-udyogaparva:39
SamAy	dcs:3	tai-up:2,rigveda:1
Samay	dcs:47	mahabharata-aranyakaparva:10,mahabharata-adiparva:8,mahabharata-udyogaparva:7
Sap	dcs:182,vidyut:9	mahabharata-adiparva:46,ramayana-ayodhyakanda:20,mahabharata-aranyakaparva:19
SapaTIy	dcs:2	atharvaveda:2
SarDay	dcs:1	rigveda:1
SarDi	vidyut:18	rigveda:15,atharvaveda:2,manavadharmashastra:1
Sas	vidyut:12,dcs:2	rigveda:6,mahabharata-shalyaparva:3,mahabharata-karnaparva:2
SatrUy	dcs:2	atharvaveda:2
Scam	dcs:1	rigveda:1
Scut	dcs:3,vidyut:2	rigveda:5
Sezay	dcs:20	mahabharata-dronaparva:5,mahabharata-udyogaparva:3,mahabharata-aranyakaparva:2
Sf	dcs:122,marker:1	atharvaveda:21,rigveda:14,mahabharata-dronaparva:11
SfD	dcs:15,vidyut:2	rigveda:17
SiTilAy	dcs:2	shatakatrayam:1,shatakatrayam-serebryakov:1
SiYj	dcs:5	rigveda:3,atharvaveda:2
Sikz	dcs:71	rigveda:50,atharvaveda:8,mahabharata-aranyakaparva:4
Sikzay	dcs:23	mahabharata-virataparva:4,mahabharata-dronaparva:3,amaru-shataka:3
Siz	dcs:275,vidyut:12	mahabharata-udyogaparva:23,mahabharata-aranyakaparva:20,manavadharmashastra:17
SlAG	dcs:38,vidyut:1	mahabharata-udyogaparva:8,mahabharata-dronaparva:6,ramayana-aranyakanda:4
SlaTAy	dcs:1	mahabharata-adiparva:1
Slezay	dcs:3	kama-sutra:2,mahabharata-sabhaparva:1
Sliz	dcs:48,vidyut:2	mahabharata-adiparva:9,mahabharata-aranyakaparva:6,amaru-shataka:4
SloR	vidyut:2	atharvaveda:2
SnaT	dcs:18	rigveda:18
SnaTay	dcs:3	rigveda:3
SoBay	dcs:133	ramayana-aranyakanda:25,ramayana-ayodhyakanda:23,mahabharata-aranyakaparva:17
SoBi	vidyut:4	mahabharata-udyogaparva:1,ramayana-balakanda:1,mahabharata-karnaparva:1
SoDay	dcs:23	manavadharmashastra:5,mahabharata-adiparva:3,ramayana-balakanda:2
SoSuB	dcs:1	mahabharata-ashvamedhikaparva:1
SoSuc	dcs:44,vidyut:1	rigveda:26,atharvaveda:19
Socay	dcs:11	rigveda:7,atharvaveda:2,mahabharata-dronaparva:1
Soci	vidyut:8	rigveda:4,atharvaveda:1,mahabharata-aranyakaparva:1
Sozay	dcs:34	mahabharata-dronaparva:5,bhagavadgita-prabhupada:2,ramayana-aranyakanda:2
Sozi	vidyut:1	mahabharata-karnaparva:1
SrA	vidyut:5	rigveda:2,ch-up:1,atharvaveda:1
SrAmay	dcs:2	mahabharata-udyogaparva:1,raghuvamsha:1
SrApi	vidyut:2	ramayana-ayodhyakanda:1,atharvaveda:1
SrAvay	dcs:105	mahabharata-adiparva:25,mahabharata-udyogaparva:11,mahabharata-dronaparva:8
SrAvi	vidyut:1	mahabharata-aranyakaparva:1
SrI	dcs:554,vidyut:9	rigveda:132,mahabharata-udyogaparva:53,mahabharata-aranyakaparva:46
SraT	dcs:18,marker:2	rigveda:20
SraTAy	dcs:2	atharvaveda:2
SraTary	dcs:1	rigveda:1
SraTay	dcs:9	rigveda:6,atharvaveda:3
SraTi	vidyut:1	atharvaveda:1
Sram	dcs:196,vidyut:5	mahabharata-aranyakaparva:34,mahabharata-adiparva:20,mahabharata-dronaparva:19
SramB	dcs:30	ramayana-ayodhyakanda:4,mahabharata-aranyakaparva:4,ramayana-aranyakanda:4
Sramay	dcs:1	gitagovinda:1
Srapay	dcs:2	ramayana-balakanda:1,mahabharata-udyogaparva:1
Sravasy	dcs:9	rigveda:9
Sravay	dcs:1	rigveda:1
Sri	dcs:784,vidyut:38,marker:6	rigveda:97,mahabharata-aranyakaparva:64,atharvaveda:58
Sriz	dcs:1	rigveda:1
Sru	dcs:3491,vidyut:35	mahabharata-aranyakaparva:381,mahabharata-adiparva:345,rigveda:322
Sruz	dcs:1	rigveda:1
SuB	dcs:233,vidyut:1	rigveda:49,mahabharata-dronaparva:23,mahabharata-aranyakaparva:21
SuBAy	dcs:1	rigveda:1
SuBay	dcs:1	rigveda:1
SuD	dcs:206	manavadharmashastra:54,atharvaveda:18,mahabharata-aranyakaparva:14
SuSrUz	dcs:42	ramayana-ayodhyakanda:9,mahabharata-udyogaparva:6,mahabharata-aranyakaparva:5
SuSuB	dcs:6	mahabharata-karnaparva:3,mahabharata-bhishmaparva:2,mahabharata-shalyaparva:1
Suc	dcs:418,vidyut:18,marker:1	rigveda:52,mahabharata-aranyakaparva:38,ramayana-ayodhyakanda:32
Suj	dcs:2	rigveda:2
SunD	vidyut:9	mnar-up:8,rigveda:1
SunDay	dcs:1	rigveda:1
Suz	dcs:63,vidyut:3	ramayana-aranyakanda:10,atharvaveda:9,rigveda:7
SvAsay	dcs:144	mahabharata-aranyakaparva:25,ramayana-ayodhyakanda:16,mahabharata-dronaparva:12
SvaYcay	dcs:1	rigveda:1
Svas	dcs:340,vidyut:18	mahabharata-dronaparva:52,ramayana-ayodhyakanda:31,mahabharata-udyogaparva:27
Svi	dcs:22,vidyut:3	rigveda:21,br-up:3,mahabharata-shantiparva:1
Svit	vidyut:1,dcs:1	mahabharata-adiparva:1,rigveda:1
SyA	dcs:1	atharvaveda:1
UNKay	dcs:2	rigveda:2
Uh	dcs:27,marker:3	rigveda:26,atharvaveda:2,br-up:1
Unay	dcs:1	rigveda:1
Urjay	dcs:29	mahabharata-udyogaparva:3,rigveda:2,bhagavadgita-1914:2
Uz	vidyut:2	ch-up:2
aBInD	dcs:2	rigveda:1,atharvaveda:1
aBiBAvi	vidyut:4	gitarthasamgraha-abhinavagupta:2,yoga-sutry_vyasa-bhashya:1,raghuvamsha:1
aBiDyE	dcs:14,vidyut:8	mai-up:8,mahabharata-udyogaparva:4,pr-up:3
aBigE	vidyut:2	ch-up:2
aBigF	vidyut:3	rigveda:3
aBihAri	vidyut:2	kama-sutra:1,mahabharata-shalyaparva:1
aBikF	vidyut:1	ramayana-ayodhyakanda:1
aBikalpi	vidyut:2	mahabharata-dronaparva:1,ramayana-ayodhyakanda:1
aBilakzi	vidyut:2	gitarthasamgraha-abhinavagupta:2
aBimanT	dcs:6	shv-up:2,ch-up:2,br-up:2
aBinAdi	vidyut:1	ramayana-ayodhyakanda:1
aBiniDyE	dcs:1	ramayana-balakanda:1
aBinii	vidyut:1	rigveda:1
aBinirvarti	vidyut:2	yoga-sutry_vyasa-bhashya:1,kama-sutra:1
aBinizic	dcs:1	buddhacharita:1
aBipAti	vidyut:1	mahabharata-aranyakaparva:1
aBiparI	dcs:6	mahabharata-dronaparva:4,mahabharata-aranyakaparva:2
aBiprArTay	dcs:1	ramayana-ayodhyakanda:1
aBipraC	dcs:1	buddhacharita:1
aBipragE	dcs:4	rigveda:4
aBiprasTApi	vidyut:1	ch-up:1
aBipre	dcs:25	ramayana-ayodhyakanda:4,kama-sutra:3,atharvaveda:2
aBiprekz	dcs:56	mahabharata-udyogaparva:13,mahabharata-bhishmaparva:10,mahabharata-adiparva:7
aBiprez	dcs:1	atharvaveda:1
aBisaMpU	vidyut:1	atharvaveda:1
aBisaMpad	vidyut:4	br-up:2,ramayana-sundarakanda:1,pr-up:1
aBisaMplu	vidyut:3	nyaya-bhashya:1,buddhacharita:1,mahabharata-shalyaparva:1
aBisame	dcs:3	br-up:2,ch-up:1
aBisamprekz	dcs:5	mahabharata-aranyakaparva:2,mahabharata-adiparva:1,mahabharata-dronaparva:1
aBivAdi	vidyut:16	mahabharata-aranyakaparva:4,mahabharata-udyogaparva:4,mahabharata-bhishmaparva:2
aBizWA	dcs:4,vidyut:4	rigveda:4,atharvaveda:3,ramayana-aranyakanda:1
aBizecay	dcs:22	ramayana-ayodhyakanda:9,mahabharata-adiparva:5,mahabharata-aranyakaparva:2
aBizeci	vidyut:7	mahabharata-aranyakaparva:2,mahabharata-udyogaparva:2,ramayana-aranyakanda:1
aBizic	dcs:123,vidyut:6	ramayana-ayodhyakanda:36,mahabharata-aranyakaparva:19,mahabharata-shalyaparva:19
aBizo	vidyut:3	rigveda:2,atharvaveda:1
aBizu	dcs:4,vidyut:1	ramayana-balakanda:2,mahabharata-ashvamedhikaparva:1,manavadharmashastra:1
aBizwu	dcs:26	rigveda:6,mahabharata-adiparva:4,mahabharata-aranyakaparva:4
aBr	vidyut:1	ramayana-sundarakanda:1
aByAkf	dcs:1	mahabharata-bhishmaparva:1
aByasUy	dcs:33	mahabharata-udyogaparva:5,bhagavadgita-prabhupada:4,gitarthasamgraha-abhinavagupta:3
aByatI	dcs:8	mahabharata-dronaparva:2,mahabharata-udyogaparva:2,mahabharata-aranyakaparva:1
aByavekz	dcs:2	mahabharata-dronaparva:1,mahabharata-karnaparva:1
aBye	dcs:65	mahabharata-aranyakaparva:16,mahabharata-dronaparva:9,mahabharata-sabhaparva:6
aByf	vidyut:1	mahabharata-karnaparva:1
aByude	dcs:2	atharvaveda:2
aByudi	dcs:19,vidyut:1	mahabharata-karnaparva:7,manavadharmashastra:4,ramayana-ayodhyakanda:3
aByupe	dcs:37	mahabharata-adiparva:7,nyaya-bhashya:7,mahabharata-sabhaparva:4
aByutTA	dcs:8	mahabharata-adiparva:4,atharvaveda:1,ramayana-ayodhyakanda:1
aDii	vidyut:7	manavadharmashastra:3,rigveda:1,tai-up:1
aDizWA	dcs:115,vidyut:10	mahabharata-karnaparva:8,atharvaveda:7,shv-up:7
aDvarIy	dcs:7	rigveda:5,atharvaveda:2
aDvary	dcs:1	rigveda:1
aDyavaso	dcs:8	nyaya-bhashya:3,ramayana-balakanda:1,gitarthasamgraha-abhinavagupta:1
aGAy	dcs:10	rigveda:8,atharvaveda:2
aNKay	dcs:1	rigveda:1
aNkUy	dcs:1	rigveda:1
aNkay	dcs:9	mahabharata-shalyaparva:2,kama-sutra:1,gitagovinda:1
aQaRQolay	dcs:1	shukasaptati:1
aR	dcs:2	ch-up:2
aS	dcs:611,vidyut:22,marker:1	rigveda:158,atharvaveda:46,manavadharmashastra:34
aSezay	dcs:5	mahabharata-adiparva:2,mahabharata-udyogaparva:1,mahabharata-shalyaparva:1
aSiSiz	dcs:2	ch-up:2
aYc	dcs:243,vidyut:13	atharvaveda:122,rigveda:50,br-up:14
aYcay	dcs:5	amaru-shataka:2,ramayana-sundarakanda:1,kama-sutra:1
aYj	dcs:249,vidyut:11,marker:3	rigveda:125,atharvaveda:42,mahabharata-dronaparva:11
aYjay	dcs:2	megha-duta:1,manavadharmashastra:1
ac	vidyut:3,dcs:2	rigveda:4,sankhya-karika:1
ad	dcs:567,vidyut:47,marker:4	rigveda:130,atharvaveda:84,ramayana-ayodhyakanda:32
ag	vidyut:39,marker:9	atharvaveda:11,rigveda:7,ramayana-balakanda:6
ah	dcs:748,marker:5,vidyut:3	mahabharata-aranyakaparva:75,mahabharata-udyogaparva:69,shukasaptati:64
aj	dcs:30,vidyut:17	rigveda:33,atharvaveda:10,mahabharata-dronaparva:3
ak	vidyut:2	mahabharata-sabhaparva:1,isha-up:1
akz	dcs:3,vidyut:1	rigveda:2,atharvaveda:1,mahabharata-aranyakaparva:1
alar	dcs:3	rigveda:3
am	dcs:192,vidyut:7	mahabharata-aranyakaparva:17,ramayana-ayodhyakanda:14,mahabharata-udyogaparva:12
amitrAy	dcs:1	shatakatrayam:1
amitray	dcs:3	rigveda:3
an	dcs:21,vidyut:6	rigveda:6,atharvaveda:3,mahabharata-udyogaparva:3
anUdi	dcs:1	kama-sutra:1
anUtTA	dcs:1	ch-up:1
and	vidyut:2,dcs:2	rigveda:2,ramayana-sundarakanda:1,mahabharata-shalyaparva:1
anniy	dcs:1	rigveda:1
anuhu	vidyut:2	atharvaveda:2
anukUlay	dcs:1	kumarasambhava:1
anulomay	dcs:1	mahabharata-karnaparva:1
anuparI	dcs:3	atharvaveda:1,mahabharata-bhishmaparva:1,mahabharata-ashvamedhikaparva:1
anupraC	dcs:7	mahabharata-ashvamedhikaparva:2,mahabharata-aranyakaparva:2,mahabharata-adiparva:1
anupre	dcs:2	rigveda:1,mahabharata-bhishmaparva:1
anuprekz	dcs:1	ramayana-ayodhyakanda:1
anuutkram	vidyut:1	br-up:1
anuvizic	dcs:1	atharvaveda:1
anuzWA	dcs:89,vidyut:3	mahabharata-udyogaparva:13,manavadharmashastra:8,ramayana-aranyakanda:5
anuzwu	dcs:2	rigveda:2
anvavekz	dcs:11	mahabharata-aranyakaparva:4,mahabharata-adiparva:3,ramayana-ayodhyakanda:2
anvi	dcs:41,vidyut:7	rigveda:9,mahabharata-aranyakaparva:7,atharvaveda:5
apAj	dcs:1	rigveda:1
apAn	dcs:10	atharvaveda:5,br-up:3,rigveda:1
apaAkf	vidyut:2	raghuvamsha:1,gitarthasamgraha-abhinavagupta:1
apaAkram	vidyut:2	mahabharata-shalyaparva:1,mahabharata-karnaparva:1
apai	vidyut:11	ch-up:5,bhagavadgita-prabhupada:2,rigveda:2
apanilay	vidyut:1	atharvaveda:1
apaprai	vidyut:1	rigveda:1
apasfj	vidyut:1	vedartha-samgraha_ramanuja:1
apasy	dcs:1	rigveda:1
ape	dcs:35	atharvaveda:11,ramayana-ayodhyakanda:7,mahabharata-aranyakaparva:4
apekz	dcs:14	kama-sutra:5,kumarasambhava:3,nyaya-bhashya:2
apiIkz	vidyut:1	shukasaptati:1
apizWA	dcs:1	rigveda:1
apodi	dcs:1	atharvaveda:1
apoh	dcs:10	manavadharmashastra:3,mahabharata-sabhaparva:2,raghuvamsha:1
arAtIy	dcs:1	rigveda:1
arAtiy	dcs:1	atharvaveda:1
arDay	dcs:1	atharvaveda:1
arTay	dcs:33	mahabharata-udyogaparva:6,raghuvamsha:4,rigveda:3
arc	dcs:222,vidyut:5,marker:3	rigveda:105,atharvaveda:16,mahabharata-aranyakaparva:14
arcay	dcs:122	mahabharata-aranyakaparva:30,mahabharata-ashvamedhikaparva:13,ramayana-ayodhyakanda:12
arci	dcs:45,vidyut:5	rigveda:18,ch-up:9,br-up:9
arday	dcs:90	mahabharata-dronaparva:33,mahabharata-karnaparva:21,rigveda:6
arh	dcs:701	ramayana-ayodhyakanda:68,mahabharata-aranyakaparva:66,mahabharata-adiparva:63
arhay	dcs:4	manavadharmashastra:3,mahabharata-adiparva:1
arjay	dcs:21	mahabharata-udyogaparva:5,mahabharata-aranyakaparva:3,shukasaptati:3
arpay	dcs:147	mahabharata-dronaparva:23,rigveda:14,shukasaptati:11
arv	vidyut:4	rigveda:3,manavadharmashastra:1
arzi	vidyut:1	mahabharata-shantiparva:1
as	dcs:4422,vidyut:22,marker:1	rigveda:895,atharvaveda:492,mahabharata-aranyakaparva:291
asUy	dcs:5	mahabharata-aranyakaparva:2,mahabharata-udyogaparva:1,rigveda:1
at	vidyut:11,dcs:3	atharvaveda:4,rigveda:3,vedartha-samgraha_ramanuja:1
atI	dcs:183	mahabharata-aranyakaparva:9,mahabharata-udyogaparva:9,nyaya-bhashya:8
atidfS	vidyut:4	atharvaveda:3,rigveda:1
atidiv	vidyut:2	rigveda:1,mahabharata-sabhaparva:1
atikf	dcs:29,vidyut:1	mahabharata-adiparva:6,mahabharata-aranyakaparva:4,kama-sutra:4
atit￞	dcs:16	bhagavadgita-prabhupada:2,gitarthasamgraha-abhinavagupta:2,mahabharata-bhishmaparva:1
ativAhi	vidyut:2	raghuvamsha:2
atizWA	dcs:3,vidyut:2	atharvaveda:2,br-up:1,kau-up:1
atyAnI	dcs:4,vidyut:1	mahabharata-sabhaparva:2,ramayana-ayodhyakanda:1,mahabharata-udyogaparva:1
atye	dcs:9	ch-up:3,mahabharata-karnaparva:2,br-up:1
av	dcs:370,vidyut:31,marker:1	rigveda:344,atharvaveda:36,tai-up:4
avAj	dcs:1	rigveda:1
avaAp	vidyut:57	mahabharata-aranyakaparva:8,bhagavadgita-erman:4,mahabharata-bhishmaparva:3
avagAmi	vidyut:3	atharvaveda:2,vedartha-samgraha_ramanuja:1
avaloki	vidyut:1	paramarthasara-abhinavagupta:1
avapAti	vidyut:2	manavadharmashastra:1,kama-sutra:1
avarj	dcs:1	ait-up:1
avaropi	vidyut:1	raghuvamsha:1
avasf	dcs:1	mahabharata-dronaparva:1
avazwamB	dcs:45	bhagavadgita-prabhupada:4,bhagavadgita-smirnov:3,mahabharata-bhishmaparva:3
avekz	dcs:142,marker:1	ramayana-ayodhyakanda:20,ramayana-sundarakanda:10,mahabharata-aranyakaparva:10
aviSezay	dcs:1	mahabharata-dronaparva:1
avizy	dcs:4	rigveda:4
aw	dcs:10,vidyut:7	mahabharata-aranyakaparva:5,ramayana-ayodhyakanda:3,mahabharata-adiparva:2
bAD	dcs:151,vidyut:14	rigveda:65,atharvaveda:24,mahabharata-aranyakaparva:13
bADay	dcs:1	atharvaveda:1
bAzpAy	dcs:1	raghuvamsha:1
badbaD	dcs:10	rigveda:10
banD	dcs:539,vidyut:16,marker:2	atharvaveda:68,mahabharata-aranyakaparva:25,ramayana-ayodhyakanda:24
banDay	dcs:7	ramayana-ayodhyakanda:2,hatha-yoga-pradipika:2,raghuvamsha:1
barbfh	dcs:3,vidyut:2	rigveda:3,atharvaveda:2
barhay	dcs:9	rigveda:6,ramayana-ayodhyakanda:2,mahabharata-dronaparva:1
beBid	dcs:2	buddhacharita:2
bfMh	dcs:13,vidyut:2	rigveda:4,mahabharata-dronaparva:3,mahabharata-shalyaparva:2
bfMhay	dcs:16	mahabharata-bhishmaparva:3,mahabharata-adiparva:2,mahabharata-karnaparva:2
biBits	dcs:5	rigveda:2,mahabharata-dronaparva:2,mahabharata-udyogaparva:1
boBav	dcs:1	atharvaveda:1
boDay	dcs:115	rigveda:18,mahabharata-aranyakaparva:9,mahabharata-adiparva:8
brU	dcs:2932,vidyut:42,marker:2	mahabharata-aranyakaparva:368,mahabharata-udyogaparva:310,mahabharata-adiparva:261
brahmaRy	dcs:2	rigveda:2
buBUrz	dcs:1	br-up:1
buBUz	dcs:19	mahabharata-udyogaparva:4,br-up:4,mahabharata-virataparva:3
buBukz	dcs:8	mahabharata-shalyaparva:2,mahabharata-adiparva:2,mahabharata-udyogaparva:2
buBukza	vidyut:1	mahabharata-adiparva:1
buButsa	vidyut:4	nyaya-bhashya:2,mahabharata-adiparva:2
buD	dcs:566,vidyut:18,marker:1	mahabharata-aranyakaparva:77,rigveda:54,mahabharata-adiparva:43
cAkaS	dcs:21,vidyut:2	rigveda:12,atharvaveda:6,shv-up:2
cAkzA	vidyut:1	manavadharmashastra:1
cAlay	dcs:69	hatha-yoga-pradipika:10,bhagavadgita-prabhupada:5,gitarthasamgraha-abhinavagupta:4
cAli	vidyut:2	mahabharata-adiparva:1,ramayana-ayodhyakanda:1
cAmay	dcs:3	manavadharmashastra:3
cAray	dcs:91	mahabharata-aranyakaparva:15,mahabharata-adiparva:10,mahabharata-ashvamedhikaparva:9
cAri	vidyut:3	mahabharata-mausalaparva:2,ramayana-aranyakanda:1
cAtay	dcs:7	rigveda:5,atharvaveda:2
cAy	dcs:13,vidyut:11	ramayana-ayodhyakanda:8,rigveda:7,atharvaveda:3
cUrRay	dcs:32	mahabharata-adiparva:5,mahabharata-dronaparva:3,mahabharata-karnaparva:3
cUrRi	vidyut:1	mahabharata-aranyakaparva:1
cUz	dcs:3	ramayana-ayodhyakanda:1,ramayana-balakanda:1,mahabharata-adiparva:1
caNkram	dcs:7	mahabharata-ashvamedhikaparva:2,mahabharata-udyogaparva:2,mahabharata-aranyakaparva:2
caYc	dcs:4	gitagovinda:2,shatakatrayam:1,shatakatrayam-serebryakov:1
caYcUry	dcs:1	mahabharata-aranyakaparva:1
cak	dcs:4,vidyut:1	buddhacharita:2,rigveda:1,gitagovinda:1
cakAs	vidyut:1,dcs:1	ramayana-sundarakanda:1,gitagovinda:1
cakz	dcs:421,vidyut:52,marker:5	rigveda:95,atharvaveda:34,mahabharata-adiparva:31
cal	dcs:170,vidyut:30,marker:5	atharvaveda:26,shukasaptati:24,mahabharata-dronaparva:15
calay	dcs:1	kama-sutra:1
cam	dcs:28,vidyut:2	manavadharmashastra:16,raghuvamsha:4,br-up:3
can	vidyut:10,dcs:2	rigveda:4,mahabharata-shalyaparva:3,ramayana-ayodhyakanda:1
cand	vidyut:3	ramayana-ayodhyakanda:3
candi	vidyut:2	ramayana-ayodhyakanda:2
canizkad	dcs:1	rigveda:1
car	dcs:1619,vidyut:309,marker:2	rigveda:225,mahabharata-aranyakaparva:177,mahabharata-adiparva:164
carcay	dcs:1	gitagovinda:1
carkar	dcs:17	rigveda:16,atharvaveda:1
carkfz	dcs:6	rigveda:4,atharvaveda:2
carv	dcs:1	kama-sutra:1
cat	dcs:2,vidyut:1	rigveda:2,shatakatrayam:1
caw	vidyut:1	shukasaptati:1
cekit	dcs:7,vidyut:1	rigveda:8
cetay	dcs:17	rigveda:12,mahabharata-adiparva:1,atharvaveda:1
cezw	dcs:70,vidyut:14,marker:1	mahabharata-aranyakaparva:11,mahabharata-dronaparva:7,mahabharata-udyogaparva:7
cezway	dcs:4	manavadharmashastra:1,mahabharata-aranyakaparva:1,mahabharata-dronaparva:1
cft	vidyut:10,dcs:10,marker:1	atharvaveda:14,rigveda:7
ci	dcs:441,vidyut:26,marker:1	mahabharata-aranyakaparva:52,rigveda:44,mahabharata-udyogaparva:38
cihnay	dcs:6	kama-sutra:3,manavadharmashastra:2,mahabharata-aranyakaparva:1
cikIrz	dcs:74	mahabharata-udyogaparva:12,mahabharata-aranyakaparva:11,mahabharata-adiparva:11
cikIrza	vidyut:36	mahabharata-dronaparva:8,mahabharata-adiparva:3,mahabharata-udyogaparva:2
cikIz	dcs:2	rigveda:2
cikits	dcs:15	atharvaveda:5,mahabharata-adiparva:3,rigveda:2
cikitsa	vidyut:5	rigveda:4,manavadharmashastra:1
cikramiz	dcs:1	ch-up:1
cilli	vidyut:2	devi-gita:2
cintay	dcs:574	mahabharata-aranyakaparva:72,ramayana-sundarakanda:58,mahabharata-adiparva:53
cirAy	dcs:2	ramayana-ayodhyakanda:1,mahabharata-aranyakaparva:1
cit	dcs:386,vidyut:3	rigveda:314,atharvaveda:30,pratyabhijna-hridaya_kshemaraja:11
citay	dcs:22	rigveda:22
citri	vidyut:5	rigveda:5
coday	dcs:337	rigveda:54,mahabharata-dronaparva:50,mahabharata-adiparva:30
coray	dcs:1	ramayana-aranyakanda:1
cozkUy	dcs:3	rigveda:3
cud	dcs:19	rigveda:9,mahabharata-dronaparva:3,mahabharata-udyogaparva:2
cumb	dcs:21	amaru-shataka:8,gitagovinda:3,kama-sutra:3
cup	dcs:3	mahabharata-aranyakaparva:3
cyAvay	dcs:26	rigveda:11,ramayana-ayodhyakanda:4,mahabharata-aranyakaparva:3
cyu	dcs:176,vidyut:7	mahabharata-aranyakaparva:26,rigveda:18,mahabharata-adiparva:18
dA	dcs:2549,vidyut:94,marker:4	rigveda:331,mahabharata-aranyakaparva:264,mahabharata-adiparva:243
dAS	dcs:185,vidyut:4	rigveda:179,atharvaveda:8,manavadharmashastra:1
dAhay	dcs:17	mahabharata-adiparva:6,mahabharata-mausalaparva:2,mahabharata-striparva:2
dApay	dcs:36	manavadharmashastra:29,shukasaptati:2,mahabharata-dronaparva:1
dAray	dcs:85	mahabharata-dronaparva:15,mahabharata-karnaparva:13,mahabharata-bhishmaparva:12
dAri	vidyut:9	mahabharata-dronaparva:2,rigveda:2,mahabharata-udyogaparva:1
dAs	dcs:25	atharvaveda:17,rigveda:6,kama-sutra:1
dAsay	dcs:2	atharvaveda:2
dI	dcs:14	rigveda:13,atharvaveda:1
dIdI	dcs:99	rigveda:89,atharvaveda:10
dIkz	dcs:92,vidyut:3	mahabharata-aranyakaparva:10,mahabharata-adiparva:10,manavadharmashastra:8
dIkzApay	dcs:1	mahabharata-sabhaparva:1
dIkzay	dcs:6	mahabharata-ashvamedhikaparva:3,mahabharata-sabhaparva:1,mahabharata-adiparva:1
dIp	dcs:363,vidyut:7	ramayana-aranyakanda:41,mahabharata-dronaparva:37,ramayana-sundarakanda:37
dIpay	dcs:40	ramayana-sundarakanda:5,mahabharata-adiparva:4,mahabharata-udyogaparva:4
dIrGay	dcs:1	ramayana-ayodhyakanda:1
dIv	dcs:57,vidyut:1	mahabharata-sabhaparva:33,mahabharata-aranyakaparva:6,mahabharata-virataparva:5
dUzay	dcs:37	kama-sutra:8,manavadharmashastra:6,ramayana-balakanda:3
daB	dcs:32	rigveda:21,atharvaveda:11
daBAy	dcs:2	atharvaveda:2
daG	dcs:7	rigveda:7
daMS	dcs:78,vidyut:13	mahabharata-adiparva:21,mahabharata-dronaparva:10,amaru-shataka:10
daMSay	dcs:72	mahabharata-dronaparva:19,mahabharata-bhishmaparva:14,mahabharata-udyogaparva:11
daMs	vidyut:10	rigveda:10
daMsay	dcs:2	rigveda:2
daRqay	dcs:29	manavadharmashastra:26,mahabharata-sabhaparva:1,mahabharata-ashramavasikaparva:1
daRqi	vidyut:8	manavadharmashastra:2,ramayana-ayodhyakanda:2,vedartha-samgraha_ramanuja:2
daSasy	dcs:29	rigveda:28,atharvaveda:1
dad	dcs:41,vidyut:6	rigveda:15,atharvaveda:8,mahabharata-aranyakaparva:6
dah	dcs:565,vidyut:17	mahabharata-adiparva:78,mahabharata-dronaparva:57,mahabharata-aranyakaparva:51
dakz	dcs:2,vidyut:2	atharvaveda:4
dal	dcs:6,vidyut:1	gitagovinda:4,amaru-shataka:1,shatakatrayam:1
dam	dcs:77,vidyut:1	mahabharata-dronaparva:12,mahabharata-aranyakaparva:11,mahabharata-udyogaparva:6
damAy	dcs:3	tai-up:2,rigveda:1
damBay	dcs:5	rigveda:4,atharvaveda:1
damany	dcs:1	rigveda:1
damay	dcs:11	rigveda:2,bhagavadgita-1914:2,bhagavadgita-prabhupada:2
dan	dcs:30,vidyut:1	rigveda:24,atharvaveda:6,br-up:1
dandaS	dcs:1	rigveda:1
darSay	dcs:382	mahabharata-aranyakaparva:33,mahabharata-dronaparva:32,kama-sutra:30
daray	dcs:1	rigveda:1
dardar	dcs:17	rigveda:17
darpay	dcs:10	ramayana-sundarakanda:2,mahabharata-aranyakaparva:2,mahabharata-karnaparva:1
das	dcs:25,vidyut:6	rigveda:12,mahabharata-aranyakaparva:2,mahabharata-dronaparva:2
dasay	dcs:2	rigveda:2
davidyut	dcs:10	rigveda:9,atharvaveda:1
day	dcs:41,vidyut:5	rigveda:27,ramayana-balakanda:3,raghuvamsha:3
de	vidyut:1	atharvaveda:1
deSay	dcs:1	mahabharata-bhishmaparva:1
dedIpy	dcs:1	mahabharata-aranyakaparva:1
dediS	dcs:6,vidyut:4	rigveda:10
devay	dcs:56	rigveda:31,atharvaveda:4,ramayana-ayodhyakanda:4
devi	vidyut:7	rigveda:4,bhagavadgita-erman:1,chag-up:1
df	dcs:123,vidyut:6	rigveda:25,mahabharata-dronaparva:20,mahabharata-udyogaparva:12
dfB	vidyut:2,dcs:1	mahabharata-aranyakaparva:2,br-up:1
dfMhay	dcs:3	rigveda:3
dfS	dcs:5137,vidyut:104,marker:4	mahabharata-aranyakaparva:608,mahabharata-dronaparva:531,mahabharata-adiparva:333
dfh	dcs:16	rigveda:11,atharvaveda:5
dfp	dcs:28,vidyut:2	raghuvamsha:5,mahabharata-karnaparva:5,mahabharata-shalyaparva:5
diDakz	dcs:13	ramayana-aranyakanda:3,ramayana-ayodhyakanda:2,mahabharata-dronaparva:2
diDiz	dcs:12	rigveda:12
diS	dcs:1445,vidyut:53	atharvaveda:215,mahabharata-dronaparva:110,mahabharata-aranyakaparva:104
didfkz	dcs:7	ramayana-ayodhyakanda:2,mahabharata-udyogaparva:2,ramayana-sundarakanda:1
dih	vidyut:171,dcs:34	bhagavadgita-smirnov:15,mahabharata-aranyakaparva:15,bhagavadgita-erman:12
dips	dcs:18	atharvaveda:11,rigveda:7
dits	dcs:21	rigveda:9,mahabharata-adiparva:6,atharvaveda:3
ditsi	vidyut:1	rigveda:1
div	dcs:1626,vidyut:17	rigveda:945,atharvaveda:272,mahabharata-aranyakaparva:42
do	vidyut:5,dcs:2	atharvaveda:2,ramayana-sundarakanda:1,ramayana-ayodhyakanda:1
doDUy	dcs:6	mahabharata-dronaparva:2,mahabharata-aranyakaparva:1,mahabharata-udyogaparva:1
doDav	dcs:1	rigveda:1
doDu	dcs:11	rigveda:11
dolAy	dcs:1	kama-sutra:1
dozi	vidyut:3	ramayana-ayodhyakanda:1,atharvaveda:1,kama-sutra:1
drA	vidyut:6	atharvaveda:5,rigveda:1
drAvay	dcs:67	mahabharata-dronaparva:29,mahabharata-karnaparva:15,mahabharata-bhishmaparva:6
drU	vidyut:2	rigveda:2
draQay	dcs:1	yoga-sutry_vyasa-bhashya:1
dru	dcs:874,vidyut:42,marker:8	mahabharata-dronaparva:283,mahabharata-bhishmaparva:121,mahabharata-karnaparva:107
druh	dcs:62,vidyut:3	rigveda:36,atharvaveda:17,ramayana-ayodhyakanda:3
du	dcs:31,vidyut:20	mahabharata-aranyakaparva:8,atharvaveda:5,gitagovinda:5
duCunAy	dcs:3	rigveda:3
duD	dcs:3	rigveda:3
duDukz	dcs:1	shatakatrayam:1
dudukz	dcs:3	rigveda:3
duh	dcs:269,vidyut:3	rigveda:159,atharvaveda:95,manavadharmashastra:4
durasy	dcs:4	atharvaveda:4
durgfBIy	dcs:1	rigveda:1
durhaRAy	dcs:1	rigveda:1
duvasy	dcs:15	rigveda:15
duz	dcs:93,vidyut:2	mahabharata-adiparva:12,ramayana-ayodhyakanda:10,manavadharmashastra:9
dviz	dcs:551,vidyut:13	atharvaveda:205,rigveda:69,mahabharata-udyogaparva:25
dyApi	vidyut:64	chaurapanchashika:50,mahabharata-adiparva:5,mahabharata-aranyakaparva:3
dyotay	dcs:17	yoga-sutry_vyasa-bhashya:3,ramayana-aranyakanda:2,mahabharata-adiparva:2
dyut	dcs:192,vidyut:10	rigveda:52,atharvaveda:34,ch-up:15
dyutay	dcs:1	rigveda:1
e	dcs:187	atharvaveda:49,rigveda:46,mahabharata-adiparva:10
eD	dcs:33,vidyut:8	rigveda:16,atharvaveda:9,ramayana-ayodhyakanda:4
eDay	dcs:10	mahabharata-aranyakaparva:2,mahabharata-dronaparva:2,mahabharata-bhishmaparva:1
ej	dcs:36	rigveda:15,atharvaveda:11,br-up:2
ejay	dcs:1	yoga-sutry_vyasa-bhashya:1
er	dcs:7	rigveda:7
eray	dcs:12	rigveda:6,atharvaveda:5,kau-up:1
ezay	dcs:3	mahabharata-dronaparva:1,mahabharata-udyogaparva:1,atharvaveda:1
f	vidyut:7,dcs:4	rigveda:3,mahabharata-bhishmaparva:2,mahabharata-karnaparva:2
fC	dcs:168	rigveda:78,atharvaveda:18,mahabharata-bhishmaparva:17
fD	dcs:67,vidyut:6	rigveda:21,atharvaveda:8,mahabharata-aranyakaparva:5
fGAy	dcs:4	rigveda:4
fd	dcs:3	rigveda:1,mahabharata-karnaparva:1,atharvaveda:1
fj	dcs:37	rigveda:37
fjUy	dcs:5	rigveda:5
ftAy	dcs:15	rigveda:13,br-up:2
ftIya	vidyut:1	atharvaveda:1
ftay	dcs:1	rigveda:1
fz	dcs:129,vidyut:5	rigveda:129,atharvaveda:4,mahabharata-dronaparva:1
gA	dcs:494,vidyut:6,marker:4	rigveda:165,atharvaveda:59,ch-up:37
gAh	dcs:108,vidyut:11,marker:1	mahabharata-dronaparva:17,rigveda:14,mahabharata-aranyakaparva:9
gAmay	dcs:1	rigveda:1
gApay	dcs:2	raghuvamsha:2
gAtuy	dcs:1	rigveda:1
gF	vidyut:14	rigveda:14
gUhay	dcs:1	pratyabhijna-hridaya_kshemaraja:1
gUrDay	dcs:2	rigveda:2
gaD	dcs:4	rigveda:4
gaRay	dcs:42	mahabharata-aranyakaparva:7,mahabharata-shalyaparva:3,raghuvamsha:3
gad	dcs:106,vidyut:9	shukasaptati:21,buddhacharita:11,mahabharata-ashvamedhikaparva:10
gal	dcs:35,vidyut:2	amaru-shataka:9,gitagovinda:8,shatakatrayam:5
gam	dcs:7012,vidyut:101,marker:3	mahabharata-aranyakaparva:969,mahabharata-adiparva:660,ramayana-ayodhyakanda:556
gamay	dcs:69	mahabharata-karnaparva:10,br-up:7,atharvaveda:7
ganIgam	dcs:2	rigveda:2
garh	dcs:93,vidyut:7	mahabharata-udyogaparva:16,ramayana-ayodhyakanda:16,manavadharmashastra:16
garhay	dcs:38	mahabharata-aranyakaparva:8,mahabharata-dronaparva:6,mahabharata-shalyaparva:5
garj	dcs:62,vidyut:8	mahabharata-dronaparva:19,mahabharata-bhishmaparva:8,mahabharata-aranyakaparva:8
gf	dcs:266	rigveda:217,atharvaveda:18,mahabharata-adiparva:5
gfBAy	dcs:19	rigveda:14,atharvaveda:5
gfD	dcs:24,vidyut:8	mahabharata-ashvamedhikaparva:6,mahabharata-udyogaparva:5,mahabharata-bhishmaparva:4
gfj	vidyut:2	ramayana-sundarakanda:1,mahabharata-bhishmaparva:1
glA	dcs:6	mahabharata-ashramavasikaparva:2,mahabharata-svargarohanikaparva:1,manavadharmashastra:1
glApay	dcs:1	atharvaveda:1
glah	dcs:4,vidyut:1	mahabharata-dronaparva:2,mahabharata-sabhaparva:1,mahabharata-karnaparva:1
glapay	dcs:1	mahabharata-udyogaparva:1
gopAy	dcs:26	atharvaveda:17,tai-up:2,mahabharata-aranyakaparva:2
gopAya	vidyut:3	atharvaveda:2,amaru-shataka:1
gopAyi	vidyut:1	mahabharata-aranyakaparva:1
gopay	dcs:9	kama-sutra:2,mahabharata-aranyakaparva:2,mahabharata-udyogaparva:1
grAhay	dcs:33	kama-sutra:9,mahabharata-aranyakaparva:6,mahabharata-ashvamedhikaparva:5
graTay	dcs:1	mahabharata-virataparva:1
grah	dcs:1835,vidyut:93	mahabharata-aranyakaparva:183,mahabharata-adiparva:176,mahabharata-dronaparva:115
granT	dcs:10,vidyut:4	manavadharmashastra:3,ramayana-sundarakanda:2,rigveda:2
gras	dcs:108,vidyut:11	mahabharata-dronaparva:22,mahabharata-udyogaparva:14,mahabharata-aranyakaparva:9
guRWay	dcs:7	ramayana-ayodhyakanda:4,manavadharmashastra:1,mahabharata-shalyaparva:1
guRay	dcs:1	amaru-shataka:1
guYj	dcs:1	gitagovinda:1
guh	dcs:103,vidyut:2,marker:1	rigveda:16,shv-up:8,mahabharata-adiparva:8
gup	dcs:146	atharvaveda:17,mahabharata-bhishmaparva:15,mahabharata-dronaparva:13
gur	dcs:13,vidyut:3	rigveda:12,manavadharmashastra:3,atharvaveda:1
hA	dcs:880,vidyut:40,marker:2	rigveda:83,ramayana-ayodhyakanda:80,mahabharata-aranyakaparva:65
hApay	dcs:13	manavadharmashastra:6,atharvaveda:3,mahabharata-aranyakaparva:1
hAray	dcs:19	mahabharata-dronaparva:4,mahabharata-virataparva:3,mahabharata-aranyakaparva:2
hAs	dcs:2	atharvaveda:2
hAsay	dcs:2	ramayana-balakanda:1,rigveda:1
hAvi	vidyut:2	ramayana-ayodhyakanda:2
hIq	dcs:3	atharvaveda:3
hUrC	dcs:1	ch-up:1
han	dcs:4901,vidyut:74,marker:19	mahabharata-dronaparva:843,mahabharata-karnaparva:466,rigveda:422
haray	dcs:2	rigveda:2
hary	dcs:51,vidyut:9	rigveda:51,atharvaveda:9
harzay	dcs:72	mahabharata-dronaparva:13,ramayana-ayodhyakanda:10,mahabharata-udyogaparva:6
has	dcs:275,vidyut:11	mahabharata-dronaparva:37,mahabharata-aranyakaparva:30,mahabharata-karnaparva:29
hel	dcs:1	mahabharata-sauptikaparva:1
hez	dcs:9,vidyut:3	buddhacharita:4,rigveda:3,mahabharata-bhishmaparva:2
hf	dcs:1413,vidyut:213,marker:6	mahabharata-aranyakaparva:187,mahabharata-adiparva:135,ramayana-aranyakanda:127
hfz	dcs:626,vidyut:22	ramayana-ayodhyakanda:74,mahabharata-dronaparva:63,mahabharata-aranyakaparva:55
hi	dcs:1982,vidyut:16,marker:3	rigveda:311,mahabharata-udyogaparva:187,mahabharata-aranyakaparva:181
hiMs	dcs:102,vidyut:22	atharvaveda:20,mahabharata-adiparva:14,mahabharata-aranyakaparva:13
hiMsay	dcs:1	mahabharata-aranyakaparva:1
hlAday	dcs:15	mahabharata-ashvamedhikaparva:3,mahabharata-adiparva:3,ramayana-balakanda:2
hnu	dcs:9,vidyut:1	manavadharmashastra:3,atharvaveda:2,amaru-shataka:1
hrAd	vidyut:1	mahabharata-dronaparva:1
hrAsay	dcs:1	manavadharmashastra:1
hrI	dcs:67,vidyut:3	mahabharata-sabhaparva:6,buddhacharita:6,mahabharata-aranyakaparva:5
hras	vidyut:3,dcs:1	mahabharata-aranyakaparva:2,manavadharmashastra:1,mahabharata-adiparva:1
hu	dcs:626,vidyut:14	rigveda:152,atharvaveda:89,mahabharata-aranyakaparva:31
huvany	dcs:1	rigveda:1
hvA	dcs:693	rigveda:392,atharvaveda:107,mahabharata-adiparva:27
hval	vidyut:4,dcs:3	mahabharata-dronaparva:2,mahabharata-karnaparva:1,ramayana-ayodhyakanda:1
hve	vidyut:12	rigveda:8,mahabharata-adiparva:2,ramayana-ayodhyakanda:1
hvf	dcs:13,vidyut:2	rigveda:14,isha-up:1
i	dcs:1008,vidyut:18,marker:15	rigveda:449,atharvaveda:184,ch-up:25
iNg	dcs:21,vidyut:2	bhagavadgita-smirnov:3,mahabharata-aranyakaparva:2,bhagavadgita-prabhupada:2
iNgay	dcs:1	br-up:1
inD	dcs:265,vidyut:4,marker:4	rigveda:179,atharvaveda:38,mahabharata-adiparva:10
inakz	dcs:6	rigveda:5,atharvaveda:1
indray	dcs:1	rigveda:1
inv	dcs:27	rigveda:26,atharvaveda:1
iraD	dcs:1	rigveda:1
irajy	dcs:12	rigveda:12
irasy	dcs:3	rigveda:3
iyakz	dcs:21	rigveda:19,atharvaveda:2
iz	dcs:1544,vidyut:21	rigveda:313,mahabharata-aranyakaparva:142,mahabharata-udyogaparva:117
izUy	dcs:2	rigveda:2
izaR	dcs:2	rigveda:2
izaRay	dcs:1	rigveda:1
izaRy	dcs:7	rigveda:7
izay	dcs:16	rigveda:16
izuDy	dcs:3	rigveda:3
jAgaray	dcs:1	pratyabhijna-hridaya_kshemaraja:1
jAgf	dcs:142,vidyut:1	rigveda:41,atharvaveda:23,ramayana-ayodhyakanda:10
jAjval	dcs:5,vidyut:1	buddhacharita:1,mahabharata-aranyakaparva:1,ramayana-balakanda:1
jAlAy	dcs:1	gitagovinda:1
jAray	dcs:7	rigveda:6,hatha-yoga-pradipika:1
jE	vidyut:2	mahabharata-aranyakaparva:2
jIv	dcs:623,vidyut:37	rigveda:73,mahabharata-aranyakaparva:65,mahabharata-dronaparva:58
jIvay	dcs:15	mahabharata-adiparva:6,mahabharata-aranyakaparva:3,mahabharata-ashvamedhikaparva:2
jIvi	vidyut:4	mahabharata-adiparva:2,atharvaveda:1,mahabharata-shalyaparva:1
jU	dcs:22	rigveda:22
jUrv	dcs:13	rigveda:10,atharvaveda:3
jYA	dcs:3156,vidyut:145,marker:3	mahabharata-aranyakaparva:273,mahabharata-adiparva:226,mahabharata-udyogaparva:203
jYApay	dcs:141	mahabharata-adiparva:17,mahabharata-aranyakaparva:14,ramayana-ayodhyakanda:13
jYapay	dcs:13	ramayana-sundarakanda:4,shukasaptati:1,manavadharmashastra:1
jaB	vidyut:15,dcs:2	manavadharmashastra:10,yotat-up:2,atharvaveda:1
jaNGan	dcs:14,marker:1	rigveda:13,atharvaveda:2
jaNgah	dcs:4	rigveda:2,atharvaveda:2
jaYj	vidyut:1	rigveda:1
jakz	dcs:21	manavadharmashastra:7,rigveda:3,atharvaveda:3
jal	vidyut:1	raghuvamsha:1
jalAy	dcs:1	shatakatrayam-serebryakov:1
jalp	dcs:36,vidyut:12	shukasaptati:8,mahabharata-sabhaparva:4,mahabharata-adiparva:4
jamBay	dcs:13	atharvaveda:8,rigveda:5
jamBi	vidyut:120	atharvaveda:38,rigveda:36,mahabharata-aranyakaparva:6
jan	dcs:2025,vidyut:105,marker:3	rigveda:493,atharvaveda:232,mahabharata-adiparva:191
janIy	dcs:2	rigveda:2
janay	dcs:337	rigveda:91,mahabharata-adiparva:38,atharvaveda:32
janiy	dcs:1	atharvaveda:1
jap	dcs:66,vidyut:11	manavadharmashastra:16,ramayana-balakanda:10,mahabharata-aranyakaparva:7
jarBur	dcs:6	rigveda:6
jaray	dcs:13	rigveda:8,mahabharata-aranyakaparva:1,kat-up:1
jarhfz	vidyut:5,dcs:1	rigveda:5,atharvaveda:1
jas	dcs:3,vidyut:2	rigveda:5
jeh	dcs:4,vidyut:1	rigveda:4,atharvaveda:1
jf	dcs:147	rigveda:65,mahabharata-adiparva:8,shatakatrayam:8
jfmB	dcs:29,vidyut:4	ramayana-balakanda:4,ramayana-aranyakanda:3,buddhacharita:3
ji	dcs:1477,vidyut:341	mahabharata-dronaparva:210,mahabharata-udyogaparva:193,rigveda:187
jiGAMs	dcs:55	rigveda:14,atharvaveda:7,mahabharata-dronaparva:5
jiGAMsa	vidyut:46	mahabharata-karnaparva:12,mahabharata-dronaparva:11,mahabharata-aranyakaparva:6
jiGats	dcs:3	atharvaveda:3
jiGfkzay	dcs:8	ait-up:2,mahabharata-udyogaparva:1,mahabharata-bhishmaparva:1
jigIz	dcs:29	mahabharata-udyogaparva:7,rigveda:3,buddhacharita:2
jigamiz	dcs:2	ch-up:2
jihAs	dcs:1	nyaya-bhashya:1
jihIrz	dcs:15	mahabharata-adiparva:3,mahabharata-udyogaparva:3,mahabharata-aranyakaparva:2
jihIrza	vidyut:8	mahabharata-adiparva:3,buddhacharita:2,mai-up:1
jijIviz	dcs:14	bhagavadgita-prabhupada:2,bhagavadgita-smirnov:2,bhagavadgita-radha:2
jijIviza	vidyut:4	bhagavadgita-sementsov:1,bhagavadgita-sharma:1,bhagavadgita-burba:1
jijYAs	dcs:23	mahabharata-udyogaparva:4,nyaya-bhashya:4,ramayana-sundarakanda:2
jijYAsi	vidyut:5	mahabharata-adiparva:3,mahabharata-aranyakaparva:2
jijyAsa	vidyut:3	atharvaveda:2,rigveda:1
jinv	dcs:61,vidyut:1	rigveda:52,atharvaveda:10
joguv	dcs:3	rigveda:3
johav	dcs:44	rigveda:31,atharvaveda:13
jozay	dcs:23	rigveda:6,bhagavadgita-erman:2,mahabharata-bhishmaparva:2
jri	vidyut:1,dcs:1	rigveda:2
jugups	dcs:27	ramayana-ayodhyakanda:4,mahabharata-aranyakaparva:3,manavadharmashastra:3
jugupsa	vidyut:2	mahabharata-adiparva:1,shatakatrayam:1
juz	dcs:309,vidyut:2	rigveda:213,atharvaveda:41,mahabharata-aranyakaparva:10
jvAlay	dcs:9	shukasaptati:2,mahabharata-dronaparva:2,mahabharata-aranyakaparva:1
jval	dcs:289,vidyut:17	mahabharata-dronaparva:42,mahabharata-adiparva:30,mahabharata-aranyakaparva:23
jvalay	dcs:1	gitagovinda:1
jvar	vidyut:5,dcs:1	mahabharata-udyogaparva:3,br-up:1,mahabharata-aranyakaparva:1
jyA	dcs:99,vidyut:4	atharvaveda:48,rigveda:12,mahabharata-karnaparva:9
jyotay	dcs:2	atharvaveda:2
kANkz	dcs:197,vidyut:19	mahabharata-aranyakaparva:19,mahabharata-udyogaparva:18,mahabharata-bhishmaparva:14
kAS	dcs:95,vidyut:7	ramayana-aranyakanda:14,mahabharata-aranyakaparva:12,mahabharata-dronaparva:10
kASay	dcs:77	sankhya-karika:10,kama-sutra:9,bhagavadgita-prabhupada:6
kASi	dcs:26,vidyut:7	mahabharata-udyogaparva:5,mahabharata-adiparva:4,mahabharata-ashvamedhikaparva:4
kAlay	dcs:17	mahabharata-virataparva:4,mahabharata-dronaparva:4,mahabharata-adiparva:3
kAmay	dcs:129	mahabharata-aranyakaparva:20,mahabharata-adiparva:18,mahabharata-udyogaparva:12
kAmi	vidyut:12	gitarthasamgraha-abhinavagupta:2,ramayana-aranyakanda:2,nyaya-bhashya:1
kAntAy	dcs:1	shatakatrayam:1
kAray	dcs:200	mahabharata-adiparva:20,ramayana-ayodhyakanda:17,mahabharata-udyogaparva:16
kAri	vidyut:14	ramayana-ayodhyakanda:3,mahabharata-udyogaparva:2,mahabharata-virataparva:1
kAs	dcs:2	kumarasambhava:1,mahabharata-virataparva:1
kAsay	dcs:18	kama-sutra:12,shukasaptati:4,mahabharata-karnaparva:1
kF	vidyut:3	mahabharata-karnaparva:1,ramayana-ayodhyakanda:1,mahabharata-dronaparva:1
kIrtay	dcs:151	mahabharata-adiparva:39,mahabharata-aranyakaparva:24,manavadharmashastra:13
kIrti	dcs:192,vidyut:46	mahabharata-aranyakaparva:38,mahabharata-adiparva:23,atharvaveda:20
kU	vidyut:1	buddhacharita:1
kUj	dcs:31,vidyut:3	mahabharata-karnaparva:5,mahabharata-aranyakaparva:4,mahabharata-bhishmaparva:4
kUlay	dcs:1	ramayana-aranyakanda:1
kUrd	vidyut:1,dcs:1	mahabharata-karnaparva:2
kaRWay	dcs:2	shatakatrayam:1,shatakatrayam-serebryakov:1
kaRqUy	dcs:3	kumarasambhava:1,mahabharata-adiparva:1,manavadharmashastra:1
kaT	dcs:4	shukasaptati:3,mahabharata-aranyakaparva:1
kaTay	dcs:484	mahabharata-adiparva:75,mahabharata-aranyakaparva:66,shukasaptati:35
kaTi	vidyut:9	ramayana-ayodhyakanda:2,ramayana-sundarakanda:1,mahabharata-adiparva:1
kadarTay	dcs:1	shatakatrayam:1
kalahay	dcs:2	kama-sutra:2
kalay	dcs:23	gitagovinda:10,shatakatrayam:3,shatakatrayam-serebryakov:3
kalpay	dcs:226,marker:1	atharvaveda:29,manavadharmashastra:24,mahabharata-dronaparva:19
kam	dcs:13	raghuvamsha:4,rigveda:2,mahabharata-adiparva:2
kamp	dcs:119,vidyut:1	mahabharata-dronaparva:26,mahabharata-bhishmaparva:11,mahabharata-virataparva:11
kampay	dcs:67	mahabharata-dronaparva:14,mahabharata-bhishmaparva:7,mahabharata-sabhaparva:6
kan	dcs:50	rigveda:47,mahabharata-aranyakaparva:2,atharvaveda:1
kanikrad	dcs:41	rigveda:40,atharvaveda:1
karSay	dcs:58	ramayana-ayodhyakanda:16,mahabharata-aranyakaparva:6,ramayana-aranyakanda:5
karikf	dcs:6	atharvaveda:4,rigveda:2
kartay	dcs:1	manavadharmashastra:1
karuRAy	dcs:1	mahabharata-aranyakaparva:1
karzay	dcs:10	manavadharmashastra:2,ramayana-aranyakanda:2,devi-gita:1
kas	dcs:16,vidyut:4	shatakatrayam-serebryakov:5,gitagovinda:4,shatakatrayam:2
katT	dcs:31,vidyut:8	mahabharata-udyogaparva:12,mahabharata-dronaparva:5,mahabharata-virataparva:4
kavIy	dcs:3	rigveda:2,atharvaveda:1
kavalay	dcs:1	shatakatrayam:1
kawakawAyay	dcs:1	ramayana-ayodhyakanda:1
kaz	dcs:4	ch-up:2,atharvaveda:1,mahabharata-karnaparva:1
kf	dcs:9352,vidyut:61,marker:19	rigveda:1196,mahabharata-aranyakaparva:787,mahabharata-dronaparva:650
kfS	dcs:1,vidyut:1	atharvaveda:1,mahabharata-udyogaparva:1
kfp	dcs:14,vidyut:14	rigveda:12,mahabharata-adiparva:3,atharvaveda:2
kfpaR	dcs:1	rigveda:1
kfpaRy	dcs:2	rigveda:2
kfpi	vidyut:4	rigveda:3,raghuvamsha:1
kft	dcs:194,marker:24,vidyut:15	mahabharata-dronaparva:50,mahabharata-karnaparva:24,mahabharata-aranyakaparva:18
kfz	dcs:273,vidyut:26,marker:2	mahabharata-aranyakaparva:39,mahabharata-dronaparva:38,mahabharata-adiparva:22
kit	vidyut:17	rigveda:14,atharvaveda:3
klIbay	dcs:1	mahabharata-shalyaparva:1
klam	dcs:22,vidyut:1	ramayana-ayodhyakanda:6,ramayana-sundarakanda:3,mahabharata-striparva:2
kleSay	dcs:7	mahabharata-udyogaparva:2,mahabharata-aranyakaparva:2,mahabharata-bhishmaparva:1
kleday	dcs:15	bhagavadgita-prabhupada:2,ramanuja_gitabhashya:1,bhagavadgita-smirnov:1
kliS	dcs:91,vidyut:19	mahabharata-aranyakaparva:15,mahabharata-virataparva:10,mahabharata-udyogaparva:10
klid	dcs:9	ramayana-aranyakanda:4,ramayana-ayodhyakanda:1,ramayana-sundarakanda:1
kopay	dcs:34	mahabharata-dronaparva:8,mahabharata-adiparva:5,manavadharmashastra:3
krAmay	dcs:2	mahabharata-mausalaparva:1,kama-sutra:1
krI	dcs:32,vidyut:6	manavadharmashastra:12,atharvaveda:5,mahabharata-aranyakaparva:4
krIq	dcs:93,vidyut:14	mahabharata-dronaparva:16,mahabharata-adiparva:14,mahabharata-aranyakaparva:8
krIqay	dcs:2	mahabharata-virataparva:1,mahabharata-adiparva:1
kram	dcs:1009,vidyut:97,marker:14	mahabharata-dronaparva:121,mahabharata-aranyakaparva:92,mahabharata-adiparva:91
kramay	dcs:1	kama-sutra:1
krand	dcs:79,vidyut:4	rigveda:52,atharvaveda:11,mahabharata-dronaparva:4
kranday	dcs:5	atharvaveda:4,rigveda:1
kratUy	dcs:3	rigveda:3
kroDay	dcs:2	mahabharata-dronaparva:1,atharvaveda:1
kruD	dcs:808,vidyut:195	mahabharata-dronaparva:295,mahabharata-bhishmaparva:128,mahabharata-karnaparva:103
kruS	dcs:181,vidyut:33	mahabharata-dronaparva:46,mahabharata-adiparva:20,mahabharata-aranyakaparva:19
kuRWay	dcs:1	kumarasambhava:1
kuYc	dcs:11	pratyabhijna-hridaya_kshemaraja:4,ramayana-sundarakanda:1,shv-up:1
kuYcay	dcs:10	yotat-up:2,kumarasambhava:2,devi-gita:2
kuhukuhAy	dcs:2	mahabharata-aranyakaparva:2
kulyAy	dcs:1	shatakatrayam-serebryakov:1
kumBay	dcs:3	hatha-yoga-pradipika:2,yotat-up:1
kup	dcs:95,vidyut:9	mahabharata-dronaparva:12,ramayana-ayodhyakanda:12,mahabharata-aranyakaparva:10
kuq	vidyut:1	mahabharata-bhishmaparva:1
kuraNgAy	dcs:1	shatakatrayam-serebryakov:1
kuts	dcs:1	mahabharata-sabhaparva:1
kutsay	dcs:16	mahabharata-karnaparva:4,mahabharata-adiparva:3,ramayana-aranyakanda:3
kuwway	dcs:1	mahabharata-dronaparva:1
kuz	vidyut:1	raghuvamsha:1
kvATay	dcs:1	mahabharata-svargarohanikaparva:1
kvaR	vidyut:2,dcs:1	hatha-yoga-pradipika:2,gitagovinda:1
kvaT	dcs:2	manavadharmashastra:1,buddhacharita:1
kzA	dcs:36	rigveda:32,atharvaveda:3,mahabharata-aranyakaparva:1
kzAlay	dcs:13	mahabharata-aranyakaparva:3,br-up:2,mahabharata-virataparva:2
kzAmay	dcs:15	bhagavadgita-prabhupada:2,mahabharata-adiparva:1,mahabharata-bhishmaparva:1
kzApay	dcs:2	atharvaveda:2
kzAray	dcs:2	manavadharmashastra:1,ramayana-ayodhyakanda:1
kzRu	dcs:2	atharvaveda:2
kzad	dcs:6	rigveda:5,atharvaveda:1
kzam	dcs:105,vidyut:31	mahabharata-aranyakaparva:27,rigveda:19,mahabharata-adiparva:10
kzamApay	dcs:2	devi-gita:2
kzamay	dcs:7	mahabharata-aranyakaparva:2,mahabharata-virataparva:2,mahabharata-adiparva:1
kzan	dcs:27	ramayana-aranyakanda:3,ramayana-sundarakanda:3,kumarasambhava:2
kzap	vidyut:10,dcs:8	rigveda:17,bhagavadgita-1788:1
kzapay	dcs:22	mahabharata-dronaparva:4,mahabharata-udyogaparva:3,ramayana-ayodhyakanda:2
kzar	dcs:100,vidyut:11	rigveda:50,atharvaveda:11,mahabharata-udyogaparva:6
kzepay	dcs:4	mahabharata-aranyakaparva:2,rigveda:1,buddhacharita:1
kzi	dcs:253,vidyut:31	rigveda:82,atharvaveda:29,mahabharata-dronaparva:15
kzip	dcs:535,vidyut:88	mahabharata-dronaparva:109,mahabharata-aranyakaparva:53,mahabharata-karnaparva:45
kzoBay	dcs:24	mahabharata-dronaparva:8,mahabharata-shalyaparva:4,mahabharata-adiparva:2
kzoBi	vidyut:1	mahabharata-adiparva:1
kzoday	dcs:1	rigveda:1
kzu	dcs:5,vidyut:2	manavadharmashastra:4,rigveda:2,chaurapanchashika:1
kzuB	dcs:43,vidyut:1	mahabharata-dronaparva:8,mahabharata-shalyaparva:4,ramayana-balakanda:3
kzuD	dcs:43,vidyut:1	mahabharata-aranyakaparva:8,rigveda:7,atharvaveda:6
kzud	dcs:12,vidyut:3	kama-sutra:3,rigveda:2,ramayana-ayodhyakanda:2
kzveqay	dcs:1	mahabharata-shalyaparva:1
kzviq	dcs:2	ramayana-sundarakanda:1,mahabharata-sauptikaparva:1
kﾱp	dcs:81	atharvaveda:14,manavadharmashastra:6,nyaya-bhashya:6
lABi	vidyut:1	mahabharata-aranyakaparva:1
lAlAy	dcs:1	shatakatrayam:1
lAlap	dcs:1	atharvaveda:1
lAlapy	dcs:9	mahabharata-aranyakaparva:2,ramayana-ayodhyakanda:1,ramayana-balakanda:1
lAlay	dcs:7	ramayana-ayodhyakanda:2,mahabharata-dronaparva:2,ramayana-sundarakanda:1
lApay	dcs:5	devi-gita:2,kama-sutra:1,gitarthasamgraha-abhinavagupta:1
lAqay	dcs:2	mahabharata-dronaparva:2
lAsay	dcs:1	gitagovinda:1
lI	dcs:167,vidyut:12	mahabharata-ashvamedhikaparva:19,hatha-yoga-pradipika:9,gitagovinda:9
lU	dcs:5	raghuvamsha:1,ramayana-ayodhyakanda:1,mahabharata-bhishmaparva:1
lUlup	dcs:1	mahabharata-karnaparva:1
laB	dcs:934,vidyut:24	mahabharata-aranyakaparva:134,mahabharata-udyogaparva:76,mahabharata-adiparva:60
laNG	dcs:8,vidyut:1	raghuvamsha:2,kumarasambhava:2,amaru-shataka:1
laNGay	dcs:17	mahabharata-aranyakaparva:5,ramayana-sundarakanda:5,manavadharmashastra:2
lag	dcs:41	amaru-shataka:4,shukasaptati:4,mahabharata-adiparva:3
lajj	dcs:25,vidyut:5	mahabharata-aranyakaparva:6,shukasaptati:4,ramayana-ayodhyakanda:3
lakz	dcs:2	ramayana-aranyakanda:1,shukasaptati:1
lakzay	dcs:204	mahabharata-aranyakaparva:41,ramayana-ayodhyakanda:23,mahabharata-adiparva:14
lal	dcs:17	gitagovinda:7,raghuvamsha:3,ramayana-sundarakanda:2
lamBay	dcs:5	mahabharata-adiparva:2,mahabharata-aranyakaparva:1,manavadharmashastra:1
lamb	dcs:86,vidyut:7,marker:1	mahabharata-adiparva:16,mahabharata-aranyakaparva:8,ramayana-ayodhyakanda:6
lambay	dcs:3	kama-sutra:2,raghuvamsha:1
lap	dcs:189,vidyut:27	ramayana-ayodhyakanda:53,mahabharata-aranyakaparva:24,ramayana-aranyakanda:21
las	dcs:31,vidyut:4	gitagovinda:17,shatakatrayam-serebryakov:6,shatakatrayam:3
laz	dcs:12	gitarthasamgraha-abhinavagupta:2,buddhacharita:2,mahabharata-aranyakaparva:2
leKay	dcs:2	shukasaptati:1,manavadharmashastra:1
lehay	dcs:3	ramayana-sundarakanda:1,ramayana-ayodhyakanda:1,br-up:1
lelAy	dcs:3	shv-up:2,mun-up:1
lelih	dcs:23	mahabharata-dronaparva:4,mahabharata-shalyaparva:2,mahabharata-aranyakaparva:2
lepay	dcs:1	manavadharmashastra:1
liK	dcs:27,vidyut:5	amaru-shataka:5,megha-duta:4,atharvaveda:4
liNg	vidyut:15,dcs:4	kama-sutra:6,sankhya-karika:4,nyaya-bhashya:2
liNgay	dcs:26	mahabharata-adiparva:5,shatakatrayam-serebryakov:4,megha-duta:2
lih	dcs:18,marker:1,vidyut:1	mahabharata-bhishmaparva:3,mahabharata-adiparva:2,mahabharata-karnaparva:2
lip	dcs:136,vidyut:20	kama-sutra:13,manavadharmashastra:11,bhagavadgita-prabhupada:11
lips	dcs:17	mahabharata-udyogaparva:5,kama-sutra:4,manavadharmashastra:3
loBay	dcs:29	mahabharata-adiparva:8,mahabharata-aranyakaparva:7,ramayana-aranyakanda:4
loBi	vidyut:3	ramayana-aranyakanda:2,mahabharata-adiparva:1
locay	dcs:1	gitagovinda:1
lohitAy	dcs:3	mahabharata-bhishmaparva:2,mahabharata-dronaparva:1
lok	vidyut:9,dcs:1	mahabharata-aranyakaparva:3,buddhacharita:2,hatha-yoga-pradipika:1
lokay	dcs:148	mahabharata-dronaparva:14,ramayana-sundarakanda:12,mahabharata-bhishmaparva:10
lolay	dcs:3	shatakatrayam-serebryakov:1,ramayana-sundarakanda:1,ramayana-ayodhyakanda:1
lolup	vidyut:1	mai-up:1
lopay	dcs:3	manavadharmashastra:1,mahabharata-udyogaparva:1,mahabharata-aranyakaparva:1
lopi	vidyut:2	raghuvamsha:1,ramayana-ayodhyakanda:1
loqay	dcs:16	mahabharata-dronaparva:6,mahabharata-adiparva:4,mahabharata-karnaparva:2
loqi	vidyut:3	ramayana-ayodhyakanda:1,mahabharata-adiparva:1,mahabharata-shalyaparva:1
luB	dcs:74,vidyut:4	mahabharata-udyogaparva:10,mahabharata-dronaparva:6,ramayana-ayodhyakanda:6
luW	dcs:3,vidyut:1	gitagovinda:2,amaru-shataka:1,mahabharata-udyogaparva:1
lul	dcs:10	ramayana-ayodhyakanda:3,amaru-shataka:2,mahabharata-shalyaparva:2
lup	dcs:28,vidyut:5	atharvaveda:6,mahabharata-aranyakaparva:5,mahabharata-udyogaparva:4
mA	dcs:1502,vidyut:16,marker:1	rigveda:398,atharvaveda:300,mahabharata-udyogaparva:78
mAday	dcs:74	rigveda:55,atharvaveda:16,br-up:1
mAlyaguRAy	dcs:1	shatakatrayam-serebryakov:1
mAmA	vidyut:6	amaru-shataka:2,gitarthasamgraha-abhinavagupta:2,bhagavadgity:1
mAnavasy	dcs:2	rigveda:2
mAnay	dcs:71	mahabharata-udyogaparva:11,mahabharata-aranyakaparva:8,mahabharata-dronaparva:6
mAni	vidyut:9	kumarasambhava:2,mahabharata-aranyakaparva:2,raghuvamsha:1
mApay	dcs:13	mahabharata-adiparva:3,yoga-sutry_vyasa-bhashya:2,mahabharata-sabhaparva:2
mAray	dcs:12	mahabharata-sauptikaparva:3,atharvaveda:3,mahabharata-adiparva:2
mArg	dcs:34	ramayana-sundarakanda:14,mahabharata-aranyakaparva:6,ramayana-balakanda:2
mArgay	dcs:3	shukasaptati:1,mahabharata-aranyakaparva:1,ramayana-sundarakanda:1
mArjay	dcs:5	raghuvamsha:1,shatakatrayam:1,shatakatrayam-serebryakov:1
mI	dcs:79,vidyut:29	rigveda:84,atharvaveda:6,nyaya-bhashya:4
mIl	dcs:13,vidyut:1	gitagovinda:4,raghuvamsha:2,manavadharmashastra:1
mIlay	dcs:19	gitagovinda:2,mahabharata-dronaparva:2,ramayana-aranyakanda:2
mImAMs	dcs:5	atharvaveda:3,mahabharata-adiparva:1,kena-up:1
mU	vidyut:1	rigveda:1
mUlay	dcs:3	shatakatrayam:2,mahabharata-aranyakaparva:1
mUrC	dcs:23,vidyut:1	raghuvamsha:8,br-up:5,vedartha-samgraha_ramanuja:3
mUrCay	dcs:18	mahabharata-udyogaparva:4,ramayana-sundarakanda:2,mahabharata-dronaparva:2
mUtra	dcs:48,vidyut:1	manavadharmashastra:17,atharvaveda:9,mahabharata-dronaparva:6
mUtray	dcs:1	mahabharata-udyogaparva:1
maKasy	dcs:3	rigveda:3
maMhay	dcs:1	rigveda:1
maRqay	dcs:16	ramayana-ayodhyakanda:3,ramayana-aranyakanda:2,gitagovinda:2
maT	dcs:156,vidyut:39,marker:1	mahabharata-dronaparva:31,mahabharata-adiparva:22,rigveda:21
maTAy	dcs:6	rigveda:5,atharvaveda:1
maTay	dcs:1	ramayana-aranyakanda:1
mad	dcs:13246,vidyut:28	rigveda:2274,mahabharata-aranyakaparva:1057,mahabharata-udyogaparva:804
maday	dcs:5	atharvaveda:4,rigveda:1
mah	dcs:295	rigveda:266,atharvaveda:12,tai-up:6
mahIy	dcs:58	mahabharata-aranyakaparva:16,ch-up:11,rigveda:8
mahay	dcs:24	rigveda:19,ch-up:2,atharvaveda:2
majj	dcs:149,vidyut:3	mahabharata-dronaparva:17,mahabharata-karnaparva:13,atharvaveda:11
majjay	dcs:13	mahabharata-aranyakaparva:5,mahabharata-karnaparva:2,ramayana-ayodhyakanda:1
majji	vidyut:5	mahabharata-aranyakaparva:4,mahabharata-dronaparva:1
mamar	dcs:1	rigveda:1
man	dcs:1870,vidyut:39,marker:1	mahabharata-udyogaparva:159,mahabharata-aranyakaparva:147,rigveda:143
manAy	dcs:1	rigveda:1
manasy	dcs:4	rigveda:2,ch-up:2
mand	dcs:44,vidyut:13	rigveda:54,atharvaveda:3
mandAy	dcs:2	megha-duta:1,raghuvamsha:1
mantr	vidyut:5	mahabharata-aranyakaparva:2,mahabharata-adiparva:2,ramayana-aranyakanda:1
mantray	dcs:265	mahabharata-adiparva:33,mahabharata-aranyakaparva:31,mahabharata-udyogaparva:30
marcay	dcs:9	rigveda:5,atharvaveda:1,mahabharata-sabhaparva:1
marci	vidyut:2	atharvaveda:2
marday	dcs:29	mahabharata-dronaparva:7,mahabharata-karnaparva:7,mahabharata-bhishmaparva:4
marjay	dcs:19	rigveda:17,mahabharata-udyogaparva:1,mahabharata-aranyakaparva:1
marmfS	dcs:5	rigveda:5
marmfj	dcs:26	rigveda:25,atharvaveda:1
marzay	dcs:30	mahabharata-sabhaparva:6,mahabharata-dronaparva:5,mahabharata-adiparva:4
marzi	vidyut:4	mahabharata-virataparva:2,mahabharata-aranyakaparva:1,mahabharata-dronaparva:1
may	dcs:3	rigveda:2,megha-duta:1
meD	vidyut:1	mahabharata-udyogaparva:1
med	dcs:1	rigveda:1
meday	dcs:2	rigveda:1,atharvaveda:1
mehay	dcs:2	rigveda:2
memy	dcs:2	rigveda:2
mf	dcs:360,vidyut:4	atharvaveda:52,manavadharmashastra:27,mahabharata-aranyakaparva:23
mfC	dcs:13	rigveda:8,mahabharata-sauptikaparva:1,mahabharata-shalyaparva:1
mfD	dcs:135,vidyut:3	rigveda:45,mahabharata-aranyakaparva:12,atharvaveda:10
mfR	dcs:12,vidyut:1	atharvaveda:8,rigveda:5
mfS	dcs:128,vidyut:10	rigveda:18,mahabharata-dronaparva:12,mahabharata-virataparva:9
mfc	dcs:3	rigveda:3
mfd	dcs:129,vidyut:9	mahabharata-karnaparva:23,mahabharata-dronaparva:19,nyaya-bhashya:12
mfgay	dcs:26	mahabharata-virataparva:4,mahabharata-adiparva:3,rigveda:3
mfj	dcs:172,vidyut:11	rigveda:78,atharvaveda:23,ramayana-ayodhyakanda:14
mfkz	vidyut:5	rigveda:5
mfq	dcs:32,vidyut:4	atharvaveda:30,rigveda:3,amaru-shataka:2
mfqay	dcs:6	atharvaveda:6
mfz	dcs:46,vidyut:15	mahabharata-dronaparva:15,atharvaveda:9,mahabharata-bhishmaparva:6
mi	dcs:113,vidyut:7	rigveda:25,atharvaveda:22,mahabharata-aranyakaparva:10
miSray	dcs:19	mahabharata-dronaparva:4,hatha-yoga-pradipika:2,mahabharata-aranyakaparva:2
miSri	vidyut:1	mahabharata-dronaparva:1
miT	dcs:6	rigveda:6
mid	vidyut:1	rigveda:1
mih	dcs:19,vidyut:4	rigveda:16,atharvaveda:3,br-up:2
mikz	dcs:10	rigveda:10
mil	dcs:11	gitagovinda:6,devi-gita:2,shukasaptati:2
miz	dcs:83,vidyut:2	rigveda:12,mahabharata-dronaparva:12,atharvaveda:7
mlA	dcs:16	mahabharata-karnaparva:4,shatakatrayam:2,amaru-shataka:2
mlApay	dcs:1	atharvaveda:1
mlApi	vidyut:1	atharvaveda:1
mnA	dcs:3,vidyut:2	kumarasambhava:1,vedartha-samgraha_ramanuja:1,kat-up:1
mocay	dcs:46	mahabharata-dronaparva:6,ramayana-ayodhyakanda:5,sankhya-karika:5
moci	vidyut:3	mahabharata-udyogaparva:2,rigveda:1
moday	dcs:9	yoga-sutry_vyasa-bhashya:2,yoga-sutry:1,mahabharata-adiparva:1
mohay	dcs:201	mahabharata-dronaparva:30,mahabharata-aranyakaparva:22,mahabharata-bhishmaparva:12
mokza	dcs:183,vidyut:2,marker:1	buddhacharita:22,mahabharata-adiparva:16,sankhya-karika:16
mokzay	dcs:64	mahabharata-adiparva:15,mahabharata-aranyakaparva:7,mahabharata-virataparva:4
mokzi	vidyut:22	mahabharata-aranyakaparva:6,mahabharata-adiparva:4,mahabharata-sabhaparva:3
mozi	vidyut:1	raghuvamsha:1
mrad	dcs:1	rigveda:1
mrakzi	vidyut:1	kama-sutra:1
mruc	dcs:8,vidyut:4	atharvaveda:5,rigveda:4,ch-up:2
muKaray	dcs:3	gitagovinda:3
muRqay	dcs:3	shatakatrayam-serebryakov:2,shatakatrayam:1
muc	dcs:1594,vidyut:34,marker:3	atharvaveda:159,mahabharata-dronaparva:123,mahabharata-aranyakaparva:119
mud	dcs:350,vidyut:5	mahabharata-aranyakaparva:46,mahabharata-adiparva:44,ramayana-balakanda:28
mudray	dcs:4	hatha-yoga-pradipika:2,gitagovinda:1,shukasaptati:1
muh	dcs:497,vidyut:15	mahabharata-udyogaparva:47,mahabharata-aranyakaparva:35,mahabharata-dronaparva:30
mukulay	dcs:1	shatakatrayam:1
mumUrz	dcs:3	mahabharata-dronaparva:2,ramayana-sundarakanda:1
mumukz	dcs:1	mahabharata-virataparva:1
mur	dcs:1	rigveda:1
muz	dcs:38	rigveda:13,mahabharata-aranyakaparva:4,atharvaveda:3
muzAy	dcs:10	rigveda:9,atharvaveda:1
myakz	dcs:13	rigveda:13
nAD	vidyut:15,dcs:11	rigveda:22,atharvaveda:3,ramayana-ayodhyakanda:1
nASay	dcs:161	atharvaveda:26,mahabharata-aranyakaparva:17,ramayana-sundarakanda:12
nAT	vidyut:10,dcs:5	atharvaveda:10,rigveda:3,buddhacharita:2
nAday	dcs:77	mahabharata-dronaparva:16,mahabharata-aranyakaparva:9,mahabharata-bhishmaparva:8
nAmay	dcs:3	mahabharata-aranyakaparva:1,kama-sutra:1,yotat-up:1
nAmi	vidyut:5	ramayana-ayodhyakanda:2,ch-up:1,raghuvamsha:1
nAnad	dcs:18	rigveda:8,mahabharata-dronaparva:3,mahabharata-karnaparva:3
nAnand	vidyut:1	mahabharata-adiparva:1
nAyay	dcs:37	mahabharata-aranyakaparva:10,ramayana-ayodhyakanda:4,mahabharata-dronaparva:3
nI	dcs:1190,vidyut:61,marker:3	rigveda:184,mahabharata-aranyakaparva:111,ramayana-ayodhyakanda:89
nIrI	vidyut:1	rigveda:1
nU	dcs:70,marker:1	rigveda:68,atharvaveda:3
naB	dcs:37,vidyut:1	rigveda:36,gitarthasamgraha-abhinavagupta:1,atharvaveda:1
naS	dcs:563,vidyut:12	rigveda:84,mahabharata-aranyakaparva:51,atharvaveda:38
naSAy	dcs:2	rigveda:2
nad	dcs:313,vidyut:35	mahabharata-dronaparva:82,mahabharata-bhishmaparva:50,mahabharata-karnaparva:41
naday	dcs:4	rigveda:4
nah	dcs:77,vidyut:43	atharvaveda:27,rigveda:13,mahabharata-dronaparva:9
nakz	dcs:34,vidyut:3	rigveda:33,atharvaveda:3,mahabharata-virataparva:1
nam	dcs:157,vidyut:25,marker:3	rigveda:28,atharvaveda:19,mahabharata-udyogaparva:13
namasy	dcs:70	rigveda:24,mahabharata-udyogaparva:4,bhagavadgita-prabhupada:4
namay	dcs:14	kama-sutra:3,rigveda:2,amaru-shataka:2
nand	dcs:166,vidyut:12	ramayana-ayodhyakanda:18,mahabharata-aranyakaparva:17,mahabharata-adiparva:16
nanday	dcs:32	mahabharata-dronaparva:9,mahabharata-udyogaparva:4,mahabharata-aranyakaparva:4
nannam	dcs:3	rigveda:3
nard	dcs:40,vidyut:13	mahabharata-dronaparva:10,ramayana-aranyakanda:6,mahabharata-shalyaparva:5
narday	dcs:1	mahabharata-karnaparva:1
nartay	dcs:11	mahabharata-dronaparva:2,amaru-shataka:2,shatakatrayam:2
nas	dcs:11,vidyut:2	rigveda:11,atharvaveda:1,raghuvamsha:1
ned	dcs:5	br-up:3,rigveda:1,atharvaveda:1
nenIy	dcs:1	rigveda:1
nenij	dcs:2,vidyut:1	atharvaveda:1,manavadharmashastra:1,rigveda:1
nfmaRasy	dcs:1	rigveda:1
nft	dcs:100,vidyut:13,marker:1	mahabharata-dronaparva:13,mahabharata-shalyaparva:13,mahabharata-aranyakaparva:12
niDu	vidyut:1	atharvaveda:1
niHS￞	dcs:2	atharvaveda:2
niHzWA	dcs:4	ch-up:4
niMs	dcs:7	rigveda:7
niSAmi	vidyut:2	mahabharata-dronaparva:1,atharvaveda:1
nidarSi	vidyut:4	vedartha-samgraha_ramanuja:2,raghuvamsha:1,buddhacharita:1
nidrA	dcs:103,vidyut:3,marker:2	ramayana-ayodhyakanda:6,mahabharata-dronaparva:6,yoga-sutry:5
nigAmi	vidyut:1	nyaya-bhashya:1
nigF	vidyut:1	shukasaptati:1
nii	vidyut:4	rigveda:2,mahabharata-udyogaparva:1,atharvaveda:1
nij	dcs:10,vidyut:1	rigveda:6,atharvaveda:3,manavadharmashastra:1
nikf	dcs:20,vidyut:7	mahabharata-aranyakaparva:5,mahabharata-dronaparva:5,mahabharata-udyogaparva:4
nikz	dcs:3,vidyut:1	atharvaveda:3,rigveda:1
nimantr	vidyut:2	ramayana-aranyakanda:1,mahabharata-udyogaparva:1
nimezi	vidyut:1	kena-up:1
ninIz	dcs:5	rigveda:1,ramayana-ayodhyakanda:1,ramayana-aranyakanda:1
nind	dcs:100,vidyut:3	manavadharmashastra:12,mahabharata-udyogaparva:10,rigveda:9
ninits	dcs:1	rigveda:1
nirAmi	vidyut:2	atharvaveda:2
nirBartsi	vidyut:1	ramayana-sundarakanda:1
nirDe	vidyut:2,dcs:1	atharvaveda:3
nirI	dcs:7,vidyut:2	rigveda:8,atharvaveda:1
nirRI	dcs:14	gitarthasamgraha-abhinavagupta:11,atharvaveda:2,vedartha-samgraha_ramanuja:1
nirRij	dcs:34,vidyut:3	rigveda:34,manavadharmashastra:2,ch-up:1
nirRud	dcs:3,vidyut:1	mnar-up:1,ramayana-balakanda:1,mahabharata-ashvamedhikaparva:1
nire	dcs:2	rigveda:2
nirvarti	vidyut:2	raghuvamsha:1,mahabharata-ashvamedhikaparva:1
nissTA	vidyut:1	rigveda:1
nissfj	vidyut:1	rigveda:1
nivAri	vidyut:10	ramayana-sundarakanda:2,mahabharata-adiparva:2,mahabharata-shalyaparva:2
nivAsi	vidyut:7	ramayana-balakanda:2,bhagavadgita-burba:1,mahabharata-aranyakaparva:1
nivedi	vidyut:9	ramayana-sundarakanda:2,mahabharata-svargarohanikaparva:2,ramayana-balakanda:1
nizWA	dcs:103	mahabharata-dronaparva:6,mahabharata-bhishmaparva:5,bhagavadgita-erman:5
nizecay	dcs:1	ramayana-ayodhyakanda:1
nizev	dcs:65,vidyut:1	mahabharata-aranyakaparva:18,mahabharata-udyogaparva:8,ramayana-ayodhyakanda:6
niziD	dcs:20,vidyut:3	vedartha-samgraha_ramanuja:8,raghuvamsha:4,kumarasambhava:2
nizic	dcs:15,vidyut:1	br-up:6,rigveda:3,atharvaveda:2
nizkF	dcs:2	mahabharata-udyogaparva:2
nizwap	dcs:5	ramayana-ayodhyakanda:2,mahabharata-dronaparva:1,mahabharata-adiparva:1
noday	dcs:2	gitagovinda:1,mahabharata-aranyakaparva:1
nonAv	dcs:16	rigveda:16
nu	dcs:282,vidyut:8	rigveda:123,mahabharata-udyogaparva:18,mahabharata-aranyakaparva:18
nud	dcs:116,vidyut:22,marker:2	atharvaveda:46,rigveda:28,mahabharata-aranyakaparva:8
nyarpi	vidyut:2	atharvaveda:2
nye	dcs:1	br-up:1
nyer	dcs:6	rigveda:6
pA	dcs:1193,vidyut:70,marker:1	rigveda:704,atharvaveda:121,mahabharata-aranyakaparva:48
pAWay	dcs:1	ramayana-balakanda:1
pAcay	dcs:6	br-up:5,shv-up:1
pAci	vidyut:1	mahabharata-ashvamedhikaparva:1
pAday	dcs:229	vedartha-samgraha_ramanuja:38,manavadharmashastra:28,mahabharata-adiparva:24
pAdi	vidyut:2	atharvaveda:1,ramayana-ayodhyakanda:1
pAlay	dcs:193,marker:3	ramayana-ayodhyakanda:35,mahabharata-aranyakaparva:25,mahabharata-udyogaparva:18
pAli	vidyut:32,dcs:2,marker:1	mahabharata-dronaparva:8,mahabharata-aranyakaparva:4,mahabharata-udyogaparva:4
pApat	dcs:3	rigveda:3
pAray	dcs:42	rigveda:20,atharvaveda:7,mahabharata-aranyakaparva:2
pAtay	dcs:474	mahabharata-dronaparva:112,mahabharata-bhishmaparva:55,mahabharata-karnaparva:51
pAti	vidyut:2	ramayana-ayodhyakanda:1,mahabharata-udyogaparva:1
pAtray	dcs:1	shatakatrayam-serebryakov:1
pAvay	dcs:11	ramayana-balakanda:2,mahabharata-ashvamedhikaparva:2,mai-up:1
pAway	dcs:33	ramayana-sundarakanda:7,mahabharata-aranyakaparva:4,buddhacharita:3
pAwi	vidyut:2	shukasaptati:1,mahabharata-aranyakaparva:1
pAyay	dcs:19	rigveda:5,ramayana-ayodhyakanda:3,mahabharata-dronaparva:2
pAyi	vidyut:2	rigveda:2
pE	vidyut:2	rigveda:2
pF	vidyut:8,dcs:1	rigveda:9
pI	dcs:28	rigveda:11,br-up:6,atharvaveda:3
pIl	vidyut:1	rigveda:1
pIqay	dcs:295	mahabharata-dronaparva:40,mahabharata-shalyaparva:30,mahabharata-aranyakaparva:23
pIyUzavarzAy	dcs:1	shatakatrayam-serebryakov:1
pU	dcs:771,vidyut:7	rigveda:605,atharvaveda:68,mahabharata-aranyakaparva:18
pUjay	dcs:613,marker:1	mahabharata-aranyakaparva:96,mahabharata-adiparva:69,mahabharata-udyogaparva:54
pUji	vidyut:14	mahabharata-udyogaparva:3,mahabharata-bhishmaparva:3,ramayana-aranyakanda:2
pUray	dcs:136	mahabharata-dronaparva:18,hatha-yoga-pradipika:14,mahabharata-udyogaparva:8
pUri	vidyut:2	mahabharata-shalyaparva:1,mahabharata-dronaparva:1
pUy	dcs:1	br-up:1
paR	dcs:6	mahabharata-sabhaparva:2,mahabharata-udyogaparva:2,mahabharata-aranyakaparva:1
paS	dcs:1752,marker:2	mahabharata-aranyakaparva:160,mahabharata-dronaparva:132,mahabharata-udyogaparva:109
paT	vidyut:1	rigveda:1
paW	dcs:30,vidyut:2	manavadharmashastra:5,mahabharata-aranyakaparva:5,ramayana-balakanda:4
pac	dcs:119,vidyut:10	rigveda:23,atharvaveda:17,mahabharata-aranyakaparva:9
pad	dcs:1967,vidyut:88,marker:3	nyaya-bhashya:152,mahabharata-aranyakaparva:151,mahabharata-adiparva:149
padi	vidyut:4	atharvaveda:3,kama-sutra:1
palAay	vidyut:1	ramayana-aranyakanda:1
palAy	dcs:25	mahabharata-dronaparva:7,mahabharata-karnaparva:5,mahabharata-virataparva:3
pallavay	dcs:2	gitagovinda:2
palyay	dcs:11	br-up:11
pan	dcs:6	rigveda:6
panAy	dcs:2	rigveda:2
panIPaR	dcs:1	rigveda:1
panasy	dcs:4	rigveda:4
panay	dcs:7	rigveda:7
panipn	dcs:1	rigveda:1
parARI	vidyut:2	atharvaveda:2
parARud	dcs:2	rigveda:2
parASF	vidyut:3	atharvaveda:2,rigveda:1
parAi	vidyut:3	rigveda:2,atharvaveda:1
parI	dcs:76	rigveda:20,atharvaveda:7,ch-up:7
pare	dcs:54	atharvaveda:33,rigveda:15,ramayana-aranyakanda:3
pariGAy	dcs:1	hatha-yoga-pradipika:1
pariRI	dcs:6,vidyut:2	kama-sutra:2,ramayana-sundarakanda:2,atharvaveda:1
parigrAhay	dcs:1	mahabharata-adiparva:1
parii	vidyut:3	atharvaveda:1,isha-up:1,rigveda:1
parikarmay	dcs:1	gitagovinda:1
parinirRij	dcs:1	mahabharata-udyogaparva:1
parinizWA	dcs:6	mahabharata-bhishmaparva:2,ramayana-balakanda:1,mahabharata-adiparva:1
paripre	dcs:1	rigveda:1
parizU	dcs:2	atharvaveda:2
parizWA	dcs:10,vidyut:4	rigveda:10,mahabharata-dronaparva:2,atharvaveda:1
parizic	dcs:20	rigveda:15,mahabharata-adiparva:2,atharvaveda:2
paruzay	dcs:1	kama-sutra:1
paryARI	dcs:2	mahabharata-adiparva:1,mahabharata-sabhaparva:1
paryAvarti	vidyut:1	ch-up:1
paryavekz	dcs:4	kau-up:3,mahabharata-ashvamedhikaparva:1
parye	dcs:5	ch-up:4,mahabharata-ashvamedhikaparva:1
paryupaAs	vidyut:19	mahabharata-striparva:3,bhagavadgita-smirnov:2,ch-up:2
pat	dcs:1722,vidyut:60,marker:1	mahabharata-dronaparva:252,mahabharata-aranyakaparva:165,mahabharata-karnaparva:161
patay	dcs:25	rigveda:21,atharvaveda:4
paty	dcs:28	rigveda:27,atharvaveda:1
pay	dcs:11,vidyut:1	atharvaveda:7,rigveda:4,mahabharata-adiparva:1
pepiS	vidyut:1,dcs:1	atharvaveda:1,rigveda:1
pezay	dcs:1	ramayana-sundarakanda:1
pezi	vidyut:1	mahabharata-dronaparva:1
pf	dcs:429,vidyut:8	rigveda:138,atharvaveda:60,ramayana-ayodhyakanda:37
pfR	dcs:41	rigveda:35,atharvaveda:6
pfc	dcs:55,vidyut:7	rigveda:50,atharvaveda:8,manavadharmashastra:2
pfkz	dcs:25,vidyut:1	rigveda:26
pftanAy	dcs:17	atharvaveda:16,rigveda:1
pftany	dcs:18	rigveda:11,atharvaveda:7
piRqay	dcs:1	buddhacharita:1
piS	dcs:22,vidyut:2	rigveda:17,atharvaveda:6,br-up:1
pinv	dcs:73,vidyut:2	rigveda:63,atharvaveda:12
pipAs	dcs:4	ch-up:2,mahabharata-dronaparva:1,rigveda:1
pipIz	dcs:2	rigveda:2
pipatiz	dcs:1	atharvaveda:1
piprIz	dcs:1	rigveda:1
pitUy	dcs:2	rigveda:2
piz	dcs:41,vidyut:5	rigveda:8,mahabharata-aranyakaparva:6,atharvaveda:5
plAvay	dcs:16	ramayana-balakanda:3,mahabharata-udyogaparva:2,manavadharmashastra:2
plu	dcs:243,vidyut:27	ramayana-sundarakanda:47,mahabharata-dronaparva:41,mahabharata-aranyakaparva:24
pluz	vidyut:2,dcs:1	kumarasambhava:1,rigveda:1,br-up:1
poTay	dcs:36	mahabharata-karnaparva:11,mahabharata-dronaparva:10,mahabharata-shalyaparva:4
popruT	dcs:1	rigveda:1
pozay	dcs:6	rigveda:4,atharvaveda:1,ramayana-ayodhyakanda:1
prA	dcs:35,vidyut:5,marker:1	rigveda:32,atharvaveda:3,mai-up:2
prARI	dcs:1	atharvaveda:1
prAS	dcs:73	atharvaveda:45,manavadharmashastra:6,mahabharata-aranyakaparva:4
prAh	dcs:261	shukasaptati:80,mahabharata-aranyakaparva:21,mahabharata-adiparva:18
prApi	vidyut:3	gitarthasamgraha-abhinavagupta:2,mahabharata-karnaparva:1
prArTay	dcs:103	mahabharata-aranyakaparva:14,mahabharata-dronaparva:12,mahabharata-adiparva:11
prArc	dcs:1	rigveda:1
prAv	dcs:34	rigveda:30,atharvaveda:4
prAyaScittIy	dcs:1	manavadharmashastra:1
prI	dcs:338,vidyut:7	mahabharata-aranyakaparva:61,mahabharata-adiparva:43,rigveda:27
prIRay	dcs:12	ramayana-sundarakanda:2,ramayana-aranyakanda:2,shatakatrayam-serebryakov:2
praAp	vidyut:100	mahabharata-aranyakaparva:17,mahabharata-adiparva:9,manavadharmashastra:7
praAvarti	vidyut:1	mahabharata-dronaparva:1
praDmA	vidyut:2	mahabharata-virataparva:1,bhagavadgita-burba:1
praDmApi	vidyut:1	mahabharata-udyogaparva:1
praRI	dcs:41,vidyut:12	rigveda:20,manavadharmashastra:5,atharvaveda:4
praRij	vidyut:1	atharvaveda:1
praRud	vidyut:27,dcs:24	atharvaveda:10,mahabharata-udyogaparva:10,mahabharata-bhishmaparva:5
praSF	vidyut:1	atharvaveda:1
praT	dcs:117,vidyut:10	rigveda:40,mahabharata-adiparva:16,mahabharata-aranyakaparva:13
praTay	dcs:22	rigveda:10,amaru-shataka:3,atharvaveda:2
praUrRu	vidyut:1	atharvaveda:1
praarTi	vidyut:8	raghuvamsha:3,atharvaveda:2,mahabharata-dronaparva:2
praav	vidyut:13,marker:1	rigveda:13,manavadharmashastra:1
pracC	dcs:750,vidyut:4,marker:1	mahabharata-adiparva:100,mahabharata-aranyakaparva:91,shukasaptati:75
pracakzi	vidyut:1	rigveda:1
pracyAvi	vidyut:2	atharvaveda:1,mahabharata-sabhaparva:1
praiz	vidyut:1	mahabharata-aranyakaparva:1
prakASi	vidyut:2	nyaya-bhashya:1,pr-up:1
prakaway	dcs:6	shatakatrayam:2,jabala-up:2,shatakatrayam-serebryakov:1
prakfp	vidyut:1	nyaya-bhashya:1
prak￞	dcs:17	ramayana-ayodhyakanda:3,mahabharata-bhishmaparva:3,ramayana-sundarakanda:2
prapaYcay	dcs:1	gitagovinda:1
prasAdi	vidyut:10	shatakatrayam:2,ramayana-ayodhyakanda:2,mahabharata-udyogaparva:2
pratF	vidyut:4	rigveda:2,mahabharata-virataparva:1,ramayana-aranyakanda:1
pratI	dcs:67	vedartha-samgraha_ramanuja:10,mahabharata-udyogaparva:7,ramayana-ayodhyakanda:6
pratiDA	dcs:15,vidyut:6,marker:1	rigveda:13,atharvaveda:7,ait-up:1
pratiSF	vidyut:3	atharvaveda:2,rigveda:1
pratidADA	vidyut:1	rigveda:1
pratii	vidyut:9	rigveda:5,mahabharata-udyogaparva:2,mahabharata-dronaparva:1
pratilomay	dcs:1	kama-sutra:1
pratisaMDI	vidyut:1	nyaya-bhashya:1
prativedi	vidyut:2	atharvaveda:1,ramayana-ayodhyakanda:1
pratizWA	dcs:405,vidyut:1	atharvaveda:47,br-up:42,ch-up:23
pratiziD	dcs:70,vidyut:4	nyaya-bhashya:31,vedartha-samgraha_ramanuja:7,mahabharata-adiparva:7
pratizkamB	dcs:1	rigveda:1
pratrAsi	vidyut:5	atharvaveda:5
pratyADA	vidyut:1	br-up:1
pratyAyi	vidyut:2	raghuvamsha:1,shukasaptati:1
pratyavaIkzi	vidyut:1	mahabharata-adiparva:1
pratyavekz	dcs:4	mahabharata-virataparva:1,mahabharata-dronaparva:1,ramayana-ayodhyakanda:1
pratyudi	dcs:9	mahabharata-dronaparva:4,mahabharata-bhishmaparva:2,mahabharata-aranyakaparva:1
pratyutTA	dcs:12,vidyut:2	mahabharata-aranyakaparva:3,manavadharmashastra:2,mahabharata-adiparva:2
pravAsi	vidyut:6	manavadharmashastra:3,ramayana-ayodhyakanda:2,mahabharata-aranyakaparva:1
pravarti	vidyut:24	mahabharata-aranyakaparva:5,mahabharata-ashvamedhikaparva:3,nyaya-bhashya:3
pravrAji	vidyut:3	raghuvamsha:1,mahabharata-dronaparva:1,ramayana-ayodhyakanda:1
prayoji	vidyut:7	mahabharata-svargarohanikaparva:2,mahabharata-karnaparva:1,nyaya-bhashya:1
pre	dcs:193	manavadharmashastra:38,rigveda:35,atharvaveda:19
preNK	dcs:3	shatakatrayam:1,shatakatrayam-serebryakov:1,amaru-shataka:1
prekz	dcs:223	ramayana-ayodhyakanda:29,mahabharata-dronaparva:29,mahabharata-shalyaparva:21
preps	dcs:6	atharvaveda:5,gitarthasamgraha-abhinavagupta:1
prer	dcs:3	rigveda:1,atharvaveda:1,mahabharata-dronaparva:1
preray	dcs:20	rigveda:4,mahabharata-dronaparva:3,nyaya-bhashya:3
prez	dcs:33	manavadharmashastra:6,mahabharata-aranyakaparva:5,rigveda:4
prezi	vidyut:3	ch-up:2,mahabharata-dronaparva:1
priyAy	dcs:3	atharvaveda:2,rigveda:1
prodi	dcs:4	shatakatrayam:2,shatakatrayam-serebryakov:2
prokz	dcs:6	mahabharata-udyogaparva:2,atharvaveda:1,mahabharata-sabhaparva:1
pru	vidyut:2,dcs:1	rigveda:2,mahabharata-adiparva:1
pruT	dcs:6	rigveda:6
pruz	dcs:8	rigveda:5,manavadharmashastra:2,atharvaveda:1
pruzAy	dcs:8	rigveda:8
psA	vidyut:3,dcs:1	atharvaveda:4
pulakay	dcs:2	gitagovinda:1,amaru-shataka:1
pupukz	dcs:1	mahabharata-virataparva:1
pur	dcs:65,vidyut:7	rigveda:38,atharvaveda:6,ramayana-balakanda:5
putrIy	dcs:1	rigveda:1
putriy	dcs:1	atharvaveda:1
puz	dcs:146,vidyut:1	rigveda:54,atharvaveda:23,raghuvamsha:5
puzp	vidyut:1	manavadharmashastra:1
pyA	dcs:110	rigveda:86,atharvaveda:12,kau-up:4
pyAyay	dcs:13	mahabharata-aranyakaparva:4,atharvaveda:3,mahabharata-karnaparva:1
qI	dcs:4	shukasaptati:4
qambay	dcs:4	shukasaptati:3,raghuvamsha:1
rA	dcs:154	rigveda:137,atharvaveda:15,mahabharata-mausalaparva:1
rAD	dcs:49,vidyut:16	atharvaveda:13,rigveda:12,mahabharata-aranyakaparva:9
rADay	dcs:48	mahabharata-aranyakaparva:8,mahabharata-adiparva:7,shatakatrayam:5
rAR	dcs:47,vidyut:10	atharvaveda:24,br-up:9,ch-up:5
rARi	vidyut:10	rigveda:7,atharvaveda:2,mahabharata-udyogaparva:1
rAj	dcs:389,vidyut:17	rigveda:84,atharvaveda:67,mahabharata-dronaparva:42
rAjay	dcs:3	ramayana-ayodhyakanda:2,mahabharata-dronaparva:1
rAji	vidyut:6,dcs:6	ramayana-aranyakanda:3,rigveda:2,nyaya-bhashya:2
rAmay	dcs:3	rigveda:3
rAraj	dcs:1	rigveda:1
rArap	dcs:1	rigveda:1
rAraw	vidyut:1	shukasaptati:1
rAvay	dcs:1	manavadharmashastra:1
rUpay	dcs:17	ramayana-aranyakanda:8,gitarthasamgraha-abhinavagupta:3,kama-sutra:2
raB	dcs:315,vidyut:25,marker:2	mahabharata-dronaparva:46,atharvaveda:42,rigveda:30
raD	dcs:14,vidyut:2	rigveda:15,atharvaveda:1
raMh	dcs:5,vidyut:4	rigveda:9
raMhay	dcs:4	rigveda:4
raR	dcs:11,vidyut:1	rigveda:8,shatakatrayam-serebryakov:2,gitagovinda:2
raRay	dcs:7	rigveda:7
raTary	dcs:4	rigveda:4
raTirAy	dcs:2	rigveda:2
raYj	dcs:119,vidyut:17	ramayana-ayodhyakanda:19,kama-sutra:14,ramayana-aranyakanda:10
raYjay	dcs:35	kama-sutra:14,gitagovinda:4,ramayana-ayodhyakanda:3
racay	dcs:30	gitagovinda:10,amaru-shataka:4,kama-sutra:3
rad	dcs:33,vidyut:6	rigveda:26,atharvaveda:9,isha-up:2
rah	dcs:6	ramayana-aranyakanda:3,mahabharata-aranyakaparva:2,mahabharata-sabhaparva:1
rajay	dcs:2	atharvaveda:2
rakz	dcs:592,vidyut:72	rigveda:102,mahabharata-dronaparva:92,atharvaveda:63
rakzay	dcs:2	kama-sutra:1,hatha-yoga-pradipika:1
ram	dcs:524,vidyut:16,marker:1	ramayana-ayodhyakanda:57,mahabharata-aranyakaparva:53,mahabharata-adiparva:33
ramApay	dcs:5	manavadharmashastra:5
ramay	dcs:19	gitagovinda:6,rigveda:2,megha-duta:2
ran	dcs:41	rigveda:34,atharvaveda:5,amaru-shataka:1
ranDay	dcs:33	rigveda:23,atharvaveda:10
ranDi	vidyut:2,dcs:1	rigveda:3
ranDray	dcs:1	ramayana-ayodhyakanda:1
rap	dcs:4	rigveda:3,atharvaveda:1
rapS	dcs:4	rigveda:4
ras	dcs:112,vidyut:6	mahabharata-karnaparva:15,mahabharata-dronaparva:14,vedartha-samgraha_ramanuja:11
rasay	dcs:7	br-up:4,pr-up:1,nyaya-bhashya:1
recay	dcs:24	hatha-yoga-pradipika:19,yotat-up:4,devi-gita:1
rej	dcs:31	rigveda:27,atharvaveda:3,buddhacharita:1
rejay	dcs:5	rigveda:5
rerih	dcs:8	rigveda:7,atharvaveda:1
rezay	dcs:234	mahabharata-dronaparva:46,mahabharata-bhishmaparva:28,mahabharata-adiparva:21
ri	dcs:113,vidyut:11	rigveda:38,mahabharata-aranyakaparva:12,ramayana-sundarakanda:11
riB	dcs:14	rigveda:14
riP	vidyut:5,dcs:2	rigveda:5,atharvaveda:2
riS	dcs:1,vidyut:1	rigveda:2
ric	dcs:113,vidyut:7	rigveda:38,gitarthasamgraha-abhinavagupta:11,nyaya-bhashya:9
rih	dcs:21,vidyut:2	rigveda:21,atharvaveda:2
rip	dcs:8	rigveda:7,atharvaveda:1
rirakz	dcs:51	mahabharata-adiparva:14,mahabharata-aranyakaparva:10,mahabharata-dronaparva:6
ririkz	dcs:1	rigveda:1
riz	dcs:86,vidyut:4	rigveda:54,atharvaveda:14,ch-up:10
rizaRy	dcs:4	rigveda:4
roDay	dcs:4	hatha-yoga-pradipika:1,mahabharata-udyogaparva:1,mahabharata-sauptikaparva:1
roDi	vidyut:2	raghuvamsha:1,mahabharata-udyogaparva:1
rocay	dcs:87	rigveda:17,ramayana-ayodhyakanda:10,mahabharata-shalyaparva:9
roci	vidyut:4	atharvaveda:2,rigveda:2
roday	dcs:7	ch-up:2,br-up:2,rigveda:1
rodi	vidyut:1	rigveda:1
rohay	dcs:18	atharvaveda:10,rigveda:5,mahabharata-bhishmaparva:1
romAYc	dcs:1	gitagovinda:1
ropay	dcs:123	mahabharata-aranyakaparva:13,ramayana-ayodhyakanda:13,mahabharata-udyogaparva:10
rorUy	dcs:3	mahabharata-adiparva:1,mahabharata-shalyaparva:1,mahabharata-striparva:1
roro	dcs:26	rigveda:22,atharvaveda:2,mahabharata-virataparva:1
roruc	dcs:1	rigveda:1
rozay	dcs:9	mahabharata-dronaparva:4,ramayana-ayodhyakanda:1,ramayana-balakanda:1
ru	dcs:24,vidyut:8,marker:1	rigveda:9,buddhacharita:5,mahabharata-aranyakaparva:3
ruD	dcs:288,vidyut:28	atharvaveda:27,rigveda:23,mahabharata-udyogaparva:20
ruc	dcs:280,vidyut:11,marker:1	rigveda:92,mahabharata-dronaparva:20,mahabharata-udyogaparva:19
rud	dcs:255,vidyut:5	ramayana-ayodhyakanda:52,mahabharata-aranyakaparva:32,mahabharata-adiparva:18
ruh	dcs:505,vidyut:18,marker:11	atharvaveda:102,rigveda:52,ramayana-ayodhyakanda:46
ruj	dcs:92,vidyut:7	rigveda:41,atharvaveda:15,mahabharata-dronaparva:12
rup	dcs:14,vidyut:5	atharvaveda:9,rigveda:6,bhagavadgita-prabhupada:2
rurukz	dcs:2	buddhacharita:1,rigveda:1
ruz	dcs:56,vidyut:2	mahabharata-adiparva:9,mahabharata-aranyakaparva:7,amaru-shataka:5
sA	dcs:141	rigveda:14,mahabharata-sabhaparva:14,mahabharata-udyogaparva:9
sAD	dcs:40	rigveda:40
sADay	dcs:210	nyaya-bhashya:38,kama-sutra:21,mahabharata-aranyakaparva:19
sAday	dcs:807	mahabharata-aranyakaparva:155,mahabharata-dronaparva:86,mahabharata-karnaparva:55
sAhay	dcs:10	mahabharata-udyogaparva:2,ramayana-ayodhyakanda:2,kama-sutra:2
sAhi	vidyut:1	rigveda:1
sAmi	vidyut:1	rigveda:1
sAntvay	dcs:87	mahabharata-aranyakaparva:28,ramayana-ayodhyakanda:13,mahabharata-adiparva:9
sAray	dcs:40	mahabharata-aranyakaparva:4,kama-sutra:4,ramayana-sundarakanda:3
sAsah	vidyut:2	rigveda:2
sAyay	dcs:1	raghuvamsha:1
sIkz	dcs:3	rigveda:3
sIv	dcs:14	rigveda:4,mahabharata-dronaparva:3,mahabharata-karnaparva:2
sIvay	dcs:1	atharvaveda:1
sKal	dcs:17,vidyut:1	amaru-shataka:4,mahabharata-aranyakaparva:2,buddhacharita:2
sPAray	dcs:39	mahabharata-dronaparva:16,mahabharata-bhishmaparva:8,mahabharata-karnaparva:5
sPUrj	dcs:10,vidyut:1	mahabharata-dronaparva:2,mahabharata-virataparva:2,mahabharata-shalyaparva:2
sPUrjay	dcs:2	rigveda:1,atharvaveda:1
sPewi	vidyut:1	shukasaptati:1
sPoway	dcs:14	mahabharata-dronaparva:4,ramayana-sundarakanda:3,mahabharata-bhishmaparva:2
sPur	dcs:81,vidyut:7	shatakatrayam:11,rigveda:10,ramayana-aranyakanda:8
sPuw	dcs:9,vidyut:1	gitagovinda:3,atma-up:2,mahabharata-karnaparva:1
sPuway	dcs:3	gitarthasamgraha-abhinavagupta:3
sTA	dcs:3929,vidyut:72,marker:10	mahabharata-aranyakaparva:377,mahabharata-dronaparva:291,rigveda:257
sTApay	dcs:220,marker:1	mahabharata-aranyakaparva:21,ramayana-ayodhyakanda:19,mahabharata-adiparva:16
sTagay	dcs:2	amaru-shataka:2
sU	dcs:250,vidyut:18	rigveda:98,atharvaveda:47,mahabharata-adiparva:15
sUcay	dcs:19	gitarthasamgraha-abhinavagupta:5,mahabharata-aranyakaparva:3,amaru-shataka:2
sUd	dcs:13	rigveda:11,atharvaveda:2
sUday	dcs:34	rigveda:9,mahabharata-ashvamedhikaparva:6,ramayana-sundarakanda:5
saBAgay	dcs:1	atharvaveda:1
saBAjay	dcs:6	mahabharata-adiparva:2,mahabharata-udyogaparva:1,ramayana-aranyakanda:1
saG	dcs:1	rigveda:1
saKIy	dcs:6	rigveda:6
saMBAvi	vidyut:26	mahabharata-adiparva:3,mahabharata-bhishmaparva:3,mahabharata-aranyakaparva:2
saMBAz	vidyut:20	ramayana-sundarakanda:4,ramayana-aranyakanda:3,kama-sutra:2
saMBU	vidyut:87,marker:1	atharvaveda:15,mahabharata-adiparva:11,br-up:10
saMBf	vidyut:21	rigveda:6,mahabharata-aranyakaparva:3,ramayana-balakanda:2
saMDAri	vidyut:6	mahabharata-dronaparva:2,mahabharata-aranyakaparva:1,mahabharata-adiparva:1
saMGawwi	vidyut:6	gitarthasamgraha-abhinavagupta:3,mahabharata-dronaparva:2,mahabharata-sabhaparva:1
saMbanD	vidyut:61	mahabharata-udyogaparva:12,mahabharata-dronaparva:5,nyaya-bhashya:4
saMboDi	vidyut:9	mahabharata-adiparva:2,mahabharata-dronaparva:2,raghuvamsha:1
saMbuD	vidyut:7	mahabharata-udyogaparva:2,kama-sutra:1,shatakatrayam:1
saMcAli	vidyut:4	hatha-yoga-pradipika:3,mahabharata-sauptikaparva:1
saMdIpi	vidyut:4	mahabharata-udyogaparva:2,mahabharata-sabhaparva:1,mahabharata-adiparva:1
saMdarSi	vidyut:12	mahabharata-dronaparva:3,mahabharata-udyogaparva:2,mahabharata-shalyaparva:2
saMgF	vidyut:23	rigveda:4,mahabharata-udyogaparva:4,mahabharata-shalyaparva:4
saMjAni	vidyut:15	bhagavadgita-erman:3,bhagavadgita-sharma:3,mahabharata-dronaparva:2
saMjIvi	vidyut:12	mahabharata-ashvamedhikaparva:5,mahabharata-adiparva:4,mahabharata-aranyakaparva:1
saMjiGfkza	vidyut:1	mahabharata-udyogaparva:1
saMkAli	vidyut:1	mahabharata-virataparva:1
saMkF	vidyut:35	mahabharata-aranyakaparva:4,bhagavadgita-prabhupada:4,manavadharmashastra:3
saMkaTi	vidyut:6	mahabharata-udyogaparva:2,mahabharata-adiparva:1,mahabharata-aranyakaparva:1
saMkalpi	vidyut:14	mahabharata-shalyaparva:2,mahabharata-ashvamedhikaparva:2,mahabharata-aranyakaparva:2
saMkuc	vidyut:6	pratyabhijna-hridaya_kshemaraja:2,mahabharata-adiparva:1,paramarthasara-abhinavagupta:1
saMmAni	vidyut:6	ramayana-ayodhyakanda:3,shukasaptati:2,mahabharata-ashramavasikaparva:1
saMnAdi	vidyut:7	mahabharata-adiparva:2,mahabharata-dronaparva:2,ramayana-ayodhyakanda:1
saMnipAti	vidyut:3	mahabharata-aranyakaparva:2,mahabharata-bhishmaparva:1
saMnivarti	vidyut:5	mahabharata-adiparva:2,mahabharata-aranyakaparva:1,mahabharata-dronaparva:1
saMniveSi	vidyut:2	mahabharata-adiparva:1,mahabharata-sabhaparva:1
saMniyoji	vidyut:3	mahabharata-adiparva:2,mahabharata-sabhaparva:1
saMnizev	dcs:1	manavadharmashastra:1
saMnu	vidyut:1	rigveda:1
saMpAdi	vidyut:19	kama-sutra:2,yoga-sutry_vyasa-bhashya:2,shatakatrayam-serebryakov:2
saMpad	vidyut:62	ch-up:13,ramayana-aranyakanda:13,mahabharata-udyogaparva:9
saMparivft	vidyut:1	mahabharata-adiparva:1
saMpat	vidyut:21	mahabharata-dronaparva:4,mahabharata-bhishmaparva:3,ramayana-sundarakanda:2
saMpfc	vidyut:4	rigveda:4
saMpiz	vidyut:5	atharvaveda:3,rigveda:2
saMplAvi	vidyut:2	mahabharata-ashramavasikaparva:1,mahabharata-bhishmaparva:1
saMplu	vidyut:5	manavadharmashastra:1,mahabharata-karnaparva:1,ramayana-sundarakanda:1
saMpraApi	vidyut:1	mahabharata-udyogaparva:1
saMpraDAri	vidyut:1	mahabharata-udyogaparva:1
saMpraDAv	dcs:1	mahabharata-udyogaparva:1
saMpraIkz	vidyut:24	ramayana-sundarakanda:3,mahabharata-udyogaparva:3,ramayana-balakanda:3
saMpradA	vidyut:21	nyaya-bhashya:6,manavadharmashastra:3,mahabharata-udyogaparva:2
saMpradApi	vidyut:2	ramayana-ayodhyakanda:2
saMpradfS	vidyut:4	mahabharata-udyogaparva:1,mahabharata-virataparva:1,ramayana-aranyakanda:1
saMpradru	vidyut:1	mahabharata-dronaparva:1
saMprajYA	vidyut:10	yoga-sutry_vyasa-bhashya:6,buddhacharita:1,ramayana-balakanda:1
saMprasAdi	vidyut:8	br-up:2,mai-up:2,ch-up:1
saMprasTA	vidyut:3	pr-up:3
saMprasU	vidyut:4	vedartha-samgraha_ramanuja:1,manavadharmashastra:1,mun-up:1
saMpratipAdi	vidyut:4	mahabharata-adiparva:3,mahabharata-aranyakaparva:1
saMpravft	vidyut:10	bhagavadgita-burba:2,ramayana-balakanda:1,bhagavadgity:1
saMprayoji	vidyut:1	mahabharata-ashvamedhikaparva:1
saMprayuj	vidyut:9	kama-sutra:2,manavadharmashastra:1,mahabharata-sabhaparva:1
saMprezi	vidyut:8	mahabharata-sabhaparva:2,ramayana-sundarakanda:2,mahabharata-udyogaparva:1
saMrI	vidyut:2	rigveda:2
saMsADi	vidyut:1	manavadharmashastra:1
saMsAri	vidyut:1	gitarthasamgraha-abhinavagupta:1
saMsajj	vidyut:3	ramayana-ayodhyakanda:1,mahabharata-udyogaparva:1,mahabharata-bhishmaparva:1
saMstamBi	vidyut:3	raghuvamsha:2,kumarasambhava:1
saMtApi	vidyut:47	mahabharata-aranyakaparva:13,mahabharata-adiparva:11,ramayana-aranyakanda:3
saMtF	vidyut:19	mahabharata-aranyakaparva:2,bhagavadgita-prabhupada:2,atharvaveda:1
saMtarpi	vidyut:9	mahabharata-aranyakaparva:3,mahabharata-adiparva:2,mahabharata-karnaparva:1
saMtitarIza	vidyut:1	mahabharata-karnaparva:1
saMtozi	vidyut:4	mahabharata-aranyakaparva:2,shatakatrayam:1,shatakatrayam-serebryakov:1
saMtyAji	vidyut:1	raghuvamsha:1
saPalay	dcs:1	gitagovinda:1
saYj	dcs:431,vidyut:9	mahabharata-dronaparva:32,kama-sutra:31,mahabharata-bhishmaparva:23
saYjay	dcs:18	bhagavadgita-smirnov:2,bhagavadgita-1914:2,bhagavadgita-sementsov:2
sac	dcs:186,vidyut:9	rigveda:166,atharvaveda:28,bhagavadgity:1
sacanasy	dcs:1	rigveda:1
sad	dcs:837,vidyut:77,marker:2	rigveda:260,atharvaveda:63,mahabharata-aranyakaparva:54
sah	dcs:541,vidyut:10	rigveda:86,atharvaveda:70,mahabharata-udyogaparva:44
sajj	vidyut:12	gitarthasamgraha-abhinavagupta:4,mahabharata-udyogaparva:2,mahabharata-aranyakaparva:1
sajjay	dcs:3	manavadharmashastra:1,mahabharata-shalyaparva:1,mahabharata-dronaparva:1
sam	dcs:350,vidyut:4,marker:2	rigveda:217,atharvaveda:117,ramayana-ayodhyakanda:7
samAdis	dcs:35	mahabharata-aranyakaparva:5,mahabharata-dronaparva:4,ramayana-balakanda:4
samAi	vidyut:8	mahabharata-dronaparva:3,mahabharata-bhishmaparva:2,mahabharata-aranyakaparva:1
samApi	vidyut:3	raghuvamsha:2,ramayana-sundarakanda:1
samaBiprekz	dcs:1	mahabharata-bhishmaparva:1
samaBizecay	dcs:1	mahabharata-ashvamedhikaparva:1
samaBizwu	dcs:1	ramayana-balakanda:1
samaBye	dcs:5	mahabharata-bhishmaparva:2,mahabharata-ashvamedhikaparva:1,mahabharata-sabhaparva:1
samaDizWA	vidyut:4,dcs:1	devi-gita:3,ramayana-balakanda:1,mahabharata-dronaparva:1
samarTi	vidyut:7	nyaya-bhashya:2,mahabharata-virataparva:1,rigveda:1
samarpi	vidyut:1	mahabharata-adiparva:1
samary	dcs:1	rigveda:1
samatI	dcs:44,marker:1	bhagavadgita-prabhupada:4,mahabharata-aranyakaparva:4,bhagavadgita-radha:3
samavazwamB	dcs:2	mahabharata-udyogaparva:1,mahabharata-mausalaparva:1
samavekz	dcs:20	buddhacharita:4,mahabharata-aranyakaparva:3,mahabharata-udyogaparva:2
samay	vidyut:1	raghuvamsha:1
same	dcs:265	mahabharata-aranyakaparva:45,mahabharata-udyogaparva:33,mahabharata-dronaparva:24
samer	dcs:1	rigveda:1
samf	vidyut:6	rigveda:4,mahabharata-dronaparva:1,atharvaveda:1
samprArTay	dcs:2	ramayana-ayodhyakanda:1,mahabharata-udyogaparva:1
sampratI	dcs:1	mahabharata-aranyakaparva:1
sampratizWA	dcs:18	mahabharata-bhishmaparva:2,bhagavadgita-erman:2,bhagavadgita-smirnov:2
sampratiziD	dcs:1	mahabharata-sauptikaparva:1
sampre	dcs:1	atharvaveda:1
samprekz	dcs:89	mahabharata-dronaparva:19,mahabharata-bhishmaparva:18,mahabharata-aranyakaparva:10
samudi	dcs:38,vidyut:1	mahabharata-adiparva:13,mahabharata-udyogaparva:5,ramayana-ayodhyakanda:5
samupAS	dcs:1	mahabharata-aranyakaparva:1
samupArjay	dcs:3	mahabharata-udyogaparva:1,mahabharata-ashvamedhikaparva:1,mahabharata-shalyaparva:1
samupaAs	vidyut:3	ramayana-ayodhyakanda:1,ramayana-balakanda:1,raghuvamsha:1
samupabfhay	dcs:2	mahabharata-adiparva:2
samupaspfs	dcs:3	mahabharata-aranyakaparva:2,ramayana-sundarakanda:1
samupe	dcs:19	mahabharata-adiparva:5,ramayana-aranyakanda:3,mahabharata-aranyakaparva:3
samupekz	dcs:4	mahabharata-aranyakaparva:1,mahabharata-sabhaparva:1,buddhacharita:1
samutTA	dcs:97	mahabharata-dronaparva:14,ch-up:14,mahabharata-adiparva:12
san	dcs:129,vidyut:8	rigveda:125,atharvaveda:11,ramayana-balakanda:1
sanizR	dcs:1	rigveda:1
sanizvan	dcs:1	rigveda:1
sap	vidyut:14,dcs:11	rigveda:25
sapary	dcs:50	rigveda:44,atharvaveda:6
saraRy	dcs:2	rigveda:2
saray	dcs:1	rigveda:1
sarj	dcs:1	rigveda:1
sarjay	dcs:52	mahabharata-udyogaparva:11,mahabharata-aranyakaparva:8,ramayana-balakanda:6
sarpay	dcs:5	kama-sutra:2,mahabharata-bhishmaparva:1,mahabharata-aranyakaparva:1
sarsf	vidyut:2,dcs:2	atharvaveda:2,rigveda:2
sas	dcs:12,vidyut:7	rigveda:18,bhagavadgita-sharma:1
satvanAy	dcs:1	atharvaveda:1
secay	dcs:1	manavadharmashastra:1
sev	dcs:191,vidyut:17,marker:1	mahabharata-aranyakaparva:26,ramayana-aranyakanda:23,manavadharmashastra:20
seziD	dcs:2	rigveda:2
sf	dcs:302,vidyut:63	rigveda:65,mahabharata-adiparva:20,gitagovinda:19
sfj	dcs:1415,vidyut:31,marker:2	rigveda:225,mahabharata-dronaparva:140,mahabharata-aranyakaparva:127
sfp	dcs:84,vidyut:23	atharvaveda:16,mahabharata-adiparva:10,rigveda:8
si	vidyut:6,dcs:4	rigveda:4,atharvaveda:3,mahabharata-udyogaparva:1
siD	dcs:162,vidyut:9	rigveda:26,nyaya-bhashya:18,mahabharata-udyogaparva:15
siYj	dcs:1	gitagovinda:1
sic	dcs:178,vidyut:14	rigveda:66,atharvaveda:37,mahabharata-dronaparva:12
sizAs	dcs:32	rigveda:28,atharvaveda:4
sizAsa	vidyut:1	rigveda:1
sizAsi	vidyut:2	rigveda:2
skaBAy	dcs:4	rigveda:3,atharvaveda:1
skamB	dcs:8	rigveda:6,atharvaveda:2
skand	dcs:54,vidyut:1	mahabharata-adiparva:8,mahabharata-shalyaparva:8,rigveda:8
skanday	dcs:3	manavadharmashastra:2,mahabharata-dronaparva:1
skandi	vidyut:1	manavadharmashastra:1
sku	vidyut:1	atharvaveda:1
smApay	dcs:4	mahabharata-karnaparva:1,mahabharata-dronaparva:1,mahabharata-shalyaparva:1
smAray	dcs:9	mahabharata-sabhaparva:3,mahabharata-udyogaparva:2,mahabharata-mausalaparva:1
smf	dcs:747,vidyut:10	mahabharata-aranyakaparva:70,manavadharmashastra:57,mahabharata-adiparva:56
smi	dcs:209	mahabharata-dronaparva:41,mahabharata-aranyakaparva:33,mahabharata-adiparva:24
snA	dcs:184,vidyut:16	mahabharata-aranyakaparva:99,manavadharmashastra:15,mahabharata-shalyaparva:14
snApay	dcs:8	shukasaptati:4,ramayana-ayodhyakanda:2,ramayana-balakanda:1
snapay	dcs:4	atharvaveda:2,gitagovinda:1,megha-duta:1
snehay	dcs:2	rigveda:2
snu	dcs:8,vidyut:1	rigveda:6,mahabharata-bhishmaparva:1,mahabharata-aranyakaparva:1
so	vidyut:3	mahabharata-sabhaparva:1,mahabharata-karnaparva:1,mahabharata-udyogaparva:1
sozav	dcs:1	rigveda:1
spASay	dcs:1	rigveda:1
spand	dcs:8,vidyut:1	yoga-sutry_vyasa-bhashya:2,ramayana-sundarakanda:2,ramayana-ayodhyakanda:1
spanday	dcs:1	mahabharata-ashvamedhikaparva:1
sparSay	dcs:3	ramayana-ayodhyakanda:1,rigveda:1,manavadharmashastra:1
sparSi	vidyut:3	manavadharmashastra:1,raghuvamsha:1,pr-up:1
spf	dcs:15	rigveda:10,tai-up:4,nyaya-bhashya:1
spfD	dcs:75,vidyut:2	rigveda:32,mahabharata-adiparva:7,mahabharata-aranyakaparva:6
spfS	dcs:375,vidyut:15,marker:6	mahabharata-aranyakaparva:62,manavadharmashastra:36,ramayana-ayodhyakanda:26
spfh	dcs:2	kama-sutra:1,raghuvamsha:1
spfhay	dcs:22	mahabharata-udyogaparva:4,rigveda:3,mahabharata-aranyakaparva:3
srAvay	dcs:1	manavadharmashastra:1
sraMs	dcs:39	rigveda:4,mahabharata-adiparva:3,buddhacharita:3
sraMsay	dcs:1	kumarasambhava:1
sriD	dcs:17	rigveda:15,atharvaveda:2
sru	dcs:143,vidyut:5	rigveda:52,atharvaveda:15,mahabharata-dronaparva:14
stAray	dcs:2	manavadharmashastra:1,shatakatrayam:1
stAvay	dcs:2	mahabharata-adiparva:2
staBAy	dcs:7	rigveda:7
stamB	dcs:91,vidyut:3,marker:2	rigveda:22,atharvaveda:6,bhagavadgita-prabhupada:6
stamBay	dcs:27	mahabharata-adiparva:7,mahabharata-dronaparva:6,mahabharata-shalyaparva:5
stan	dcs:5,vidyut:3	mahabharata-karnaparva:2,mahabharata-shalyaparva:2,rigveda:2
stanay	dcs:32	rigveda:17,atharvaveda:9,ch-up:4
steni	vidyut:1	manavadharmashastra:1
stf	dcs:152,vidyut:14	rigveda:45,atharvaveda:21,mahabharata-dronaparva:14
stoBay	dcs:1	rigveda:1
stu	dcs:433,vidyut:63,marker:1	rigveda:283,atharvaveda:27,mahabharata-adiparva:26
stuB	dcs:10	rigveda:10
styE	dcs:6,vidyut:2	yoga-sutry_vyasa-bhashya:3,ramayana-ayodhyakanda:2,yoga-sutry:1
su	dcs:344,vidyut:11,marker:1	rigveda:288,atharvaveda:20,ramayana-aranyakanda:19
suKay	dcs:7	gitagovinda:3,shatakatrayam:2,shatakatrayam-serebryakov:1
sukratUy	dcs:1	rigveda:1
sumanasy	dcs:11	atharvaveda:8,rigveda:3
sumnAy	dcs:1	rigveda:1
sumnay	dcs:1	rigveda:1
susmUrz	dcs:1	nyaya-bhashya:1
svAd	dcs:1	rigveda:1
svAday	dcs:8	ramayana-sundarakanda:3,megha-duta:1,mahabharata-virataparva:1
svApay	dcs:7	rigveda:4,atharvaveda:3
svApi	vidyut:5	rigveda:2,mahabharata-adiparva:1,ramayana-balakanda:1
svF	vidyut:8	ramayana-ayodhyakanda:2,mahabharata-aranyakaparva:2,mahabharata-udyogaparva:1
svaYj	vidyut:5	rigveda:3,mahabharata-sabhaparva:1,mahabharata-shalyaparva:1
svad	dcs:16,vidyut:2	rigveda:15,atharvaveda:1,mahabharata-udyogaparva:1
svaday	dcs:8	rigveda:7,atharvaveda:1
svaj	dcs:12,marker:1	atharvaveda:3,ramayana-ayodhyakanda:2,raghuvamsha:1
svalpaSilAy	dcs:1	shatakatrayam-serebryakov:1
svan	vidyut:15,dcs:10	rigveda:5,mahabharata-dronaparva:4,buddhacharita:3
svap	dcs:351,vidyut:28	shukasaptati:36,ramayana-sundarakanda:35,mahabharata-aranyakaparva:35
svapasy	dcs:3	rigveda:2,atharvaveda:1
svar	dcs:235,vidyut:1	rigveda:149,atharvaveda:46,br-up:8
svf	vidyut:18	mahabharata-dronaparva:5,mahabharata-karnaparva:4,ch-up:4
svid	dcs:52,vidyut:1	rigveda:26,atharvaveda:5,mahabharata-dronaparva:4
syand	dcs:32,vidyut:3	rigveda:14,atharvaveda:6,ch-up:3
syanday	dcs:2	mahabharata-virataparva:1,kama-sutra:1
tAki	vidyut:1	mahabharata-virataparva:1
tAnay	dcs:2	atharvaveda:2
tApay	dcs:30	mahabharata-karnaparva:5,mahabharata-dronaparva:4,ramayana-sundarakanda:4
tAqay	dcs:145	mahabharata-dronaparva:36,mahabharata-karnaparva:24,mahabharata-bhishmaparva:17
tAray	dcs:82,marker:1	mahabharata-adiparva:13,mahabharata-aranyakaparva:10,mahabharata-udyogaparva:8
tAri	vidyut:4	pr-up:1,ramayana-balakanda:1,mahabharata-udyogaparva:1
tAv	dcs:4	atharvaveda:4
tF	dcs:7,vidyut:5,marker:1	ramayana-ayodhyakanda:4,rigveda:3,isha-up:2
tUrv	dcs:7,vidyut:1	rigveda:8
tUtUrz	dcs:1	rigveda:1
taMs	dcs:3,vidyut:1	rigveda:4
taMsay	dcs:2	shatakatrayam:1,shatakatrayam-serebryakov:1
taYc	vidyut:3	rigveda:3
tak	dcs:2	rigveda:2
takz	dcs:108,vidyut:5	rigveda:78,atharvaveda:10,mahabharata-shalyaparva:6
tam	dcs:13,vidyut:8,marker:2	ramayana-ayodhyakanda:6,rigveda:4,gitagovinda:3
tan	dcs:369,vidyut:38,marker:1	rigveda:172,atharvaveda:61,gitagovinda:12
tanUkf	dcs:1	yoga-sutry_vyasa-bhashya:1
tand	dcs:2	rigveda:2
tap	dcs:612,vidyut:60	mahabharata-aranyakaparva:65,rigveda:57,atharvaveda:54
tapasy	dcs:25	mahabharata-aranyakaparva:3,ramayana-balakanda:2,mahabharata-adiparva:2
taralay	dcs:1	amaru-shataka:1
tarj	dcs:2	ramayana-sundarakanda:2
tarjay	dcs:14	mahabharata-dronaparva:3,ramayana-aranyakanda:2,kama-sutra:2
tarji	vidyut:7	ramayana-sundarakanda:3,mahabharata-shalyaparva:2,raghuvamsha:1
tark	vidyut:5	kama-sutra:3,devi-gita:1,manavadharmashastra:1
tarkay	dcs:32	mahabharata-aranyakaparva:7,ramayana-sundarakanda:6,mahabharata-virataparva:4
tarpay	dcs:107	mahabharata-aranyakaparva:29,mahabharata-adiparva:19,atharvaveda:11
tarpi	vidyut:2	mahabharata-aranyakaparva:1,mahabharata-shalyaparva:1
tartar	dcs:5	rigveda:5
taruRAy	dcs:3	hatha-yoga-pradipika:1,shatakatrayam:1,shatakatrayam-serebryakov:1
taruz	dcs:5	rigveda:5
taruzy	dcs:1	rigveda:1
tas	dcs:101,vidyut:1	rigveda:22,atharvaveda:9,mahabharata-aranyakaparva:8
tavizIy	dcs:2	rigveda:2
tavizy	dcs:4	rigveda:3,atharvaveda:1
tetij	dcs:1	rigveda:1
tf	dcs:490,vidyut:13,marker:1	rigveda:167,ramayana-ayodhyakanda:37,atharvaveda:36
tfd	dcs:31,vidyut:12	rigveda:27,atharvaveda:9,ch-up:4
tfh	dcs:4	atharvaveda:3,kau-up:1
tfp	dcs:128,vidyut:8	rigveda:24,ch-up:21,mahabharata-adiparva:12
tfz	dcs:24,vidyut:2	rigveda:22,atharvaveda:2,mahabharata-aranyakaparva:1
tij	dcs:1	rigveda:1
tilvilAy	dcs:2	rigveda:2
tim	vidyut:1	mahabharata-aranyakaparva:1
titIrz	dcs:4	mahabharata-adiparva:1,mahabharata-udyogaparva:1,mahabharata-dronaparva:1
titfd	vidyut:2,dcs:2	atharvaveda:2,rigveda:2
titfps	dcs:2	rigveda:1,atharvaveda:1
titikz	dcs:19	mahabharata-udyogaparva:7,rigveda:3,mahabharata-adiparva:3
tizWAs	dcs:4	sub-up:3,br-up:1
toSay	dcs:2	rigveda:2
tolay	dcs:1	shukasaptati:1
tozay	dcs:57	mahabharata-aranyakaparva:14,mahabharata-adiparva:12,devi-gita:6
trA	dcs:166	rigveda:34,mahabharata-aranyakaparva:14,mahabharata-udyogaparva:14
trApi	vidyut:2	mahabharata-udyogaparva:1,mahabharata-ashvamedhikaparva:1
trAsay	dcs:61	mahabharata-dronaparva:18,mahabharata-aranyakaparva:8,ramayana-ayodhyakanda:7
trAsi	vidyut:3	mahabharata-bhishmaparva:1,mahabharata-shalyaparva:1,mahabharata-dronaparva:1
trE	vidyut:36	rigveda:15,mahabharata-dronaparva:5,mahabharata-bhishmaparva:3
trap	dcs:5,vidyut:4	mahabharata-udyogaparva:2,mahabharata-sabhaparva:2,ramayana-ayodhyakanda:2
tras	dcs:124,vidyut:9	mahabharata-dronaparva:31,ramayana-aranyakanda:14,mahabharata-aranyakaparva:13
truw	vidyut:3	shatakatrayam-serebryakov:2,mahabharata-adiparva:1
tsar	dcs:8,vidyut:1	rigveda:5,atharvaveda:3,paramarthasara-abhinavagupta:1
tu	dcs:1508,vidyut:1	mahabharata-dronaparva:158,mahabharata-aranyakaparva:142,mahabharata-udyogaparva:136
tuRqay	dcs:1	ramayana-sundarakanda:1
tuS	dcs:7	rigveda:7
tud	dcs:46,vidyut:23,marker:1	atharvaveda:16,rigveda:10,mahabharata-adiparva:8
tudAy	dcs:1	atharvaveda:1
tuj	dcs:49,vidyut:1	rigveda:48,atharvaveda:2
tujay	dcs:4	rigveda:2,atharvaveda:2
tulay	dcs:7	megha-duta:2,shatakatrayam:2,mahabharata-aranyakaparva:1
tur	dcs:22	rigveda:20,atharvaveda:2
turaRy	dcs:3	rigveda:3
turay	dcs:3	rigveda:3
tus	vidyut:3	mahabharata-shantiparva:2,shatakatrayam:1
tuz	dcs:220,vidyut:38	mahabharata-aranyakaparva:38,ramayana-balakanda:17,mahabharata-udyogaparva:13
tuzay	dcs:1	rigveda:1
tvakz	vidyut:1	rigveda:1
tvar	dcs:433,vidyut:7	mahabharata-dronaparva:130,mahabharata-karnaparva:56,mahabharata-bhishmaparva:43
tvaray	dcs:21	ramayana-ayodhyakanda:6,mahabharata-dronaparva:3,mahabharata-shantiparva:3
tviz	dcs:26,vidyut:2	rigveda:19,atharvaveda:6,mahabharata-karnaparva:2
tyAjay	dcs:4	buddhacharita:1,amaru-shataka:1,megha-duta:1
tyaj	dcs:916,vidyut:92	ramayana-ayodhyakanda:78,mahabharata-aranyakaparva:74,mahabharata-udyogaparva:56
u	dcs:143,vidyut:5	rigveda:81,atharvaveda:41,mahabharata-dronaparva:4
uB	dcs:181,vidyut:2	rigveda:105,atharvaveda:33,br-up:4
ubj	dcs:5,vidyut:4	atharvaveda:5,rigveda:4
uc	dcs:9,vidyut:6	rigveda:11,atharvaveda:3,ramayana-ayodhyakanda:1
ucCozay	dcs:1	ramayana-ayodhyakanda:1
ucCvi	dcs:4	amaru-shataka:2,br-up:2
udDAri	vidyut:1	raghuvamsha:1
udDarzi	vidyut:2	rigveda:1,mahabharata-dronaparva:1
udIri	vidyut:4	raghuvamsha:2,rigveda:2
udah	dcs:4	atharvaveda:2,ramayana-ayodhyakanda:2
udany	dcs:1	rigveda:1
udboDi	vidyut:1	hatha-yoga-pradipika:1
uddAdA	vidyut:1	mahabharata-udyogaparva:1
ude	dcs:8	atharvaveda:5,ch-up:3
udi	dcs:219,vidyut:7,marker:1	rigveda:35,atharvaveda:29,ch-up:26
udiNgi	vidyut:1	atharvaveda:1
udyoji	vidyut:1	ramayana-sundarakanda:1
uh	vidyut:2	rigveda:1,mahabharata-ashramavasikaparva:1
ujJA	dcs:4	atharvaveda:2,shatakatrayam-serebryakov:1,rigveda:1
ukz	dcs:58,vidyut:30	rigveda:32,atharvaveda:16,mahabharata-shalyaparva:5
ukzay	dcs:2	rigveda:2
und	dcs:13,vidyut:8	rigveda:8,atharvaveda:5,mahabharata-dronaparva:1
unmAdi	vidyut:3	ramayana-aranyakanda:1,atharvaveda:1,mahabharata-virataparva:1
unmajji	vidyut:2	manavadharmashastra:1,mahabharata-dronaparva:1
upAS	dcs:8	mahabharata-ashvamedhikaparva:2,mahabharata-udyogaparva:2,ramayana-balakanda:1
upAj	dcs:4	rigveda:3,atharvaveda:1
upArjay	dcs:21	mahabharata-aranyakaparva:4,shatakatrayam-serebryakov:3,mahabharata-udyogaparva:3
upAv	dcs:6	rigveda:5,atharvaveda:1
upaAdA	vidyut:2	nyaya-bhashya:1,gitarthasamgraha-abhinavagupta:1
upaAhf	vidyut:1	mahabharata-dronaparva:1
upaAnI	vidyut:2	ramayana-balakanda:1,buddhacharita:1
upaAs	vidyut:18	ramayana-ayodhyakanda:5,mahabharata-aranyakaparva:3,mahabharata-adiparva:2
upaAyA	vidyut:4	rigveda:1,mahabharata-ashvamedhikaparva:1,mahabharata-virataparva:1
upaDA	dcs:25,marker:1	ramayana-ayodhyakanda:6,ramayana-sundarakanda:6,raghuvamsha:2
upaDApi	vidyut:2	rigveda:2
upaIkz	vidyut:4	nyaya-bhashya:3,mahabharata-aranyakaparva:1
upaas	vidyut:12	mahabharata-aranyakaparva:3,kena-up:1,ramayana-ayodhyakanda:1
upadADA	vidyut:2	rigveda:1,atharvaveda:1
upamantri	vidyut:1	kama-sutra:1
upaprai	vidyut:2	rigveda:2
upapre	dcs:6	rigveda:3,kena-up:2,atharvaveda:1
uparC	dcs:3	atharvaveda:2,rigveda:1
upasaMpAdi	vidyut:2	ramayana-ayodhyakanda:2
upasame	dcs:4	jabala-up:1,kai-up:1,ch-up:1
upaveSi	vidyut:2	shukasaptati:1,br-up:1
upavid	dcs:1	rigveda:1
upe	dcs:215	mahabharata-aranyakaparva:31,mahabharata-adiparva:18,atharvaveda:10
upekz	dcs:48	mahabharata-udyogaparva:10,mahabharata-aranyakaparva:6,ramayana-ayodhyakanda:5
upez	dcs:2	atharvaveda:1,rigveda:1
upotTA	dcs:2	br-up:2
uqqIy	dcs:2	hatha-yoga-pradipika:1,yotat-up:1
uruzy	dcs:40	rigveda:40
utTA	dcs:409,vidyut:7	mahabharata-adiparva:36,mahabharata-aranyakaparva:35,atharvaveda:29
utTApi	vidyut:2	atharvaveda:1,ramayana-ayodhyakanda:1
utkaRW	dcs:8	ramayana-ayodhyakanda:5,ramayana-aranyakanda:1,gitagovinda:1
utkalApay	dcs:1	shukasaptati:1
utpAdi	vidyut:1	pr-up:1
utpAri	vidyut:1	atharvaveda:1
utpAti	vidyut:1	atharvaveda:1
uttAri	vidyut:2	shukasaptati:2
uttamB	dcs:4	br-up:2,rigveda:1,atharvaveda:1
uttamBay	dcs:1	hatha-yoga-pradipika:1
uz	dcs:17,vidyut:6	rigveda:12,atharvaveda:4,mahabharata-udyogaparva:2
vA	dcs:831,vidyut:15	rigveda:101,mahabharata-aranyakaparva:86,mahabharata-udyogaparva:61
vAS	dcs:48	rigveda:30,ramayana-aranyakanda:4,atharvaveda:3
vASay	dcs:1	rigveda:1
vAYC	dcs:27	mahabharata-aranyakaparva:6,shatakatrayam:5,atharvaveda:4
vAcay	dcs:15	ramayana-ayodhyakanda:3,mahabharata-adiparva:3,mahabharata-aranyakaparva:2
vAday	dcs:238	mahabharata-adiparva:33,ramayana-ayodhyakanda:33,mahabharata-udyogaparva:27
vAgurAy	dcs:1	hatha-yoga-pradipika:1
vAhay	dcs:57	mahabharata-adiparva:7,ramayana-ayodhyakanda:7,buddhacharita:5
vAhi	vidyut:11	ramayana-ayodhyakanda:2,hatha-yoga-pradipika:2,mahabharata-aranyakaparva:2
vAjay	dcs:46	rigveda:45,atharvaveda:1
vAji	vidyut:7	rigveda:6,atharvaveda:1
vAmay	dcs:1	mahabharata-aranyakaparva:1
vAnay	dcs:1	atharvaveda:1
vApay	dcs:12	raghuvamsha:3,mahabharata-adiparva:3,mahabharata-sabhaparva:1
vAray	dcs:778	mahabharata-dronaparva:234,mahabharata-bhishmaparva:92,mahabharata-aranyakaparva:59
vAs	dcs:16	ramayana-ayodhyakanda:4,raghuvamsha:2,ramayana-aranyakanda:2
vAsay	dcs:78	rigveda:17,ramayana-ayodhyakanda:13,manavadharmashastra:7
vAsi	vidyut:7,dcs:2	ramayana-ayodhyakanda:2,isha-up:2,rigveda:1
vAtay	dcs:5	rigveda:5
vAvAS	dcs:1	mahabharata-bhishmaparva:1
vAvac	dcs:2	rigveda:2
vAvad	dcs:6	rigveda:3,atharvaveda:2,ait-up:1
vF	vidyut:1	rigveda:1
vI	dcs:163,vidyut:3,marker:1	rigveda:121,atharvaveda:12,mahabharata-adiparva:8
vIj	dcs:5	mahabharata-striparva:3,mahabharata-ashramavasikaparva:1,mahabharata-dronaparva:1
vIjay	dcs:9	ramayana-ayodhyakanda:2,ramayana-sundarakanda:1,mahabharata-aranyakaparva:1
vIqay	dcs:2	atharvaveda:2
vIray	dcs:5	rigveda:3,atharvaveda:2
vaD	dcs:348	mahabharata-dronaparva:88,mahabharata-karnaparva:33,mahabharata-aranyakaparva:31
vaS	dcs:164,vidyut:3	rigveda:143,atharvaveda:17,kat-up:2
vaYc	dcs:12,vidyut:6	rigveda:12,atharvaveda:3,mai-up:1
vaYcay	dcs:45	mahabharata-udyogaparva:6,mahabharata-shalyaparva:5,mahabharata-dronaparva:4
vaYci	vidyut:5	mahabharata-adiparva:2,raghuvamsha:1,gitagovinda:1
vac	dcs:5253,vidyut:57,marker:5	mahabharata-adiparva:525,mahabharata-aranyakaparva:499,ramayana-ayodhyakanda:307
vacasy	dcs:2	rigveda:2
vad	dcs:795,vidyut:54,marker:2	rigveda:116,atharvaveda:69,mahabharata-aranyakaparva:57
vah	dcs:846,vidyut:23,marker:8	rigveda:375,atharvaveda:122,mahabharata-dronaparva:62
vaj	dcs:136,vidyut:3	ramayana-ayodhyakanda:22,mahabharata-aranyakaparva:17,mahabharata-adiparva:11
vakz	dcs:30,vidyut:1	rigveda:31
vakzi	vidyut:1	rigveda:1
val	dcs:15,vidyut:15	gitagovinda:7,amaru-shataka:5,ramayana-sundarakanda:5
valg	dcs:10,vidyut:1	atharvaveda:2,mahabharata-dronaparva:2,mahabharata-karnaparva:2
valgUy	dcs:1	rigveda:1
vam	dcs:33,vidyut:2	mahabharata-aranyakaparva:4,mahabharata-shalyaparva:4,mahabharata-karnaparva:3
van	dcs:118,vidyut:6	rigveda:114,atharvaveda:9,mahabharata-svargarohanikaparva:1
vand	dcs:109,vidyut:6	rigveda:38,ramayana-ayodhyakanda:18,atharvaveda:9
vanuzy	dcs:17	rigveda:17
vap	dcs:85,vidyut:13	rigveda:25,atharvaveda:24,manavadharmashastra:21
vapuzy	dcs:2	rigveda:2
varDay	dcs:178	rigveda:62,atharvaveda:25,mahabharata-adiparva:13
varDi	vidyut:52	rigveda:7,manavadharmashastra:6,gitarthasamgraha-abhinavagupta:4
varIvarjay	dcs:1	atharvaveda:1
varIvfj	dcs:2	rigveda:2
varRay	dcs:42	kama-sutra:15,mahabharata-adiparva:7,mahabharata-aranyakaparva:3
varRi	vidyut:4	vedartha-samgraha_ramanuja:2,mahabharata-aranyakaparva:1,raghuvamsha:1
varay	dcs:55	mahabharata-aranyakaparva:20,mahabharata-adiparva:11,ramayana-balakanda:8
varey	dcs:3	rigveda:2,atharvaveda:1
vari	vidyut:4	mahabharata-udyogaparva:1,mahabharata-virataparva:1,mahabharata-adiparva:1
varivasy	dcs:6	rigveda:6
varjay	dcs:198	manavadharmashastra:36,ramayana-ayodhyakanda:16,mahabharata-aranyakaparva:12
vartay	dcs:332	rigveda:35,ramayana-ayodhyakanda:32,mahabharata-adiparva:23
varti	vidyut:6	rigveda:2,atharvaveda:1,mahabharata-ashramavasikaparva:1
varvft	dcs:7,vidyut:1	atharvaveda:5,rigveda:3
varzay	dcs:7	rigveda:3,ch-up:2,mahabharata-aranyakaparva:1
varzi	vidyut:5	ramayana-balakanda:2,rigveda:2,mahabharata-karnaparva:1
vas	dcs:1075,vidyut:49,marker:2	mahabharata-aranyakaparva:209,rigveda:163,ramayana-ayodhyakanda:120
vasAy	dcs:1	rigveda:1
vasUy	dcs:1	rigveda:1
vat	dcs:184,marker:10	br-up:22,atharvaveda:20,mahabharata-adiparva:18
ve	dcs:149,vidyut:10	rigveda:39,atharvaveda:23,br-up:17
veSay	dcs:236	mahabharata-aranyakaparva:17,ramayana-ayodhyakanda:15,atharvaveda:12
vecay	dcs:2	buddhacharita:1,manavadharmashastra:1
veday	dcs:294	mahabharata-aranyakaparva:54,mahabharata-adiparva:28,mahabharata-udyogaparva:22
vejay	dcs:7	kumarasambhava:2,ramayana-balakanda:1,ramayana-sundarakanda:1
vel	vidyut:4	mahabharata-dronaparva:2,mahabharata-karnaparva:1,mahabharata-virataparva:1
ven	dcs:9,vidyut:6	rigveda:15
veni	vidyut:1	rigveda:1
vepay	dcs:11	atharvaveda:7,rigveda:3,mahabharata-udyogaparva:1
vepi	vidyut:4	atharvaveda:4
vevIy	dcs:1	rigveda:1
vevid	dcs:6,vidyut:1	rigveda:7
vevij	dcs:4	rigveda:4
veviz	dcs:8,vidyut:2	rigveda:7,atharvaveda:3
vezay	dcs:2	manavadharmashastra:1,ramayana-balakanda:1
vezw	dcs:21,vidyut:6	ramayana-ayodhyakanda:4,mahabharata-udyogaparva:3,ramayana-sundarakanda:3
vezway	dcs:31,marker:1	mahabharata-adiparva:4,ramayana-aranyakanda:4,kama-sutra:3
vezwi	vidyut:1	atharvaveda:1
vf	dcs:1633,vidyut:29,marker:7	rigveda:341,mahabharata-aranyakaparva:143,mahabharata-dronaparva:140
vfD	dcs:747,vidyut:8	rigveda:330,mahabharata-aranyakaparva:71,mahabharata-adiparva:46
vfh	dcs:32,vidyut:4	rigveda:17,atharvaveda:10,ch-up:3
vfj	dcs:96,vidyut:11,marker:2	rigveda:67,atharvaveda:26,br-up:3
vfjinAy	dcs:1	rigveda:1
vft	dcs:2465,vidyut:83,marker:1	mahabharata-dronaparva:237,mahabharata-aranyakaparva:194,mahabharata-bhishmaparva:149
vfz	dcs:249,vidyut:19	mahabharata-dronaparva:51,mahabharata-adiparva:25,mahabharata-aranyakaparva:21
vfzAy	dcs:16	rigveda:14,atharvaveda:2
vfzaRy	dcs:9	atharvaveda:6,rigveda:3
viBAvi	vidyut:2	kama-sutra:1,raghuvamsha:1
viD	dcs:83,vidyut:6	rigveda:64,atharvaveda:16,mahabharata-dronaparva:4
viDAri	vidyut:6	pr-up:4,atharvaveda:1,rigveda:1
viDe	vidyut:5	raghuvamsha:1,ramayana-sundarakanda:1,mahabharata-adiparva:1
viDmA	vidyut:2	mahabharata-udyogaparva:2
viDuray	dcs:1	gitagovinda:1
viDvaMsi	vidyut:2	mahabharata-udyogaparva:1,mahabharata-karnaparva:1
viGnay	dcs:1	mahabharata-sabhaparva:1
viIkz	vidyut:25	ramayana-sundarakanda:8,mahabharata-dronaparva:5,buddhacharita:2
viS	dcs:2145,vidyut:37,marker:15	rigveda:300,mahabharata-aranyakaparva:203,atharvaveda:147
viSezi	vidyut:4	mahabharata-dronaparva:3,shatakatrayam-serebryakov:1
viSrAmi	vidyut:1	raghuvamsha:1
viTury	dcs:1	rigveda:1
vic	dcs:60,vidyut:8,marker:1	mahabharata-adiparva:7,atharvaveda:6,rigveda:6
vicAri	vidyut:2	mahabharata-udyogaparva:1,gitarthasamgraha-abhinavagupta:1
vicakzi	vidyut:1	rigveda:1
vid	dcs:4296,vidyut:32,marker:9	rigveda:623,atharvaveda:428,mahabharata-aranyakaparva:279
vidF	vidyut:1	raghuvamsha:1
vidarSi	vidyut:3	ramayana-ayodhyakanda:2,ramayana-aranyakanda:1
viday	vidyut:1,dcs:1	rigveda:2
vidozi	vidyut:2	rigveda:2
vij	dcs:127,vidyut:9	mahabharata-aranyakaparva:12,ramayana-aranyakanda:11,mahabharata-dronaparva:10
vijYApi	vidyut:2	raghuvamsha:1,ramayana-sundarakanda:1
vikalpi	vidyut:2	nyaya-bhashya:1,atharvaveda:1
vikzoBi	vidyut:7	mahabharata-aranyakaparva:2,mahabharata-dronaparva:2,mahabharata-adiparva:1
vilAli	vidyut:2	atharvaveda:2
vilaNGi	vidyut:1	raghuvamsha:1
viloBi	vidyut:3	raghuvamsha:2,buddhacharita:1
vilok	vidyut:2	amaru-shataka:2
vip	dcs:118,vidyut:11	rigveda:36,ramayana-sundarakanda:11,mahabharata-udyogaparva:9
vipAti	vidyut:1	atharvaveda:1
vipay	dcs:1	rigveda:1
vipinAy	dcs:1	gitagovinda:1
vipratiziD	dcs:3	mahabharata-udyogaparva:1,nyaya-bhashya:1,mahabharata-virataparva:1
viprekz	dcs:5	ramayana-sundarakanda:1,mahabharata-karnaparva:1,mahabharata-aranyakaparva:1
viroci	vidyut:4	rigveda:3,mahabharata-shalyaparva:1
viropi	vidyut:1	rigveda:1
visramBi	vidyut:2	kama-sutra:2
vistAri	vidyut:4	manavadharmashastra:2,mahabharata-bhishmaparva:1,shatakatrayam-serebryakov:1
vivAs	dcs:59	rigveda:51,ramayana-ayodhyakanda:2,atharvaveda:1
vivAsa	dcs:5,vidyut:1	mahabharata-adiparva:2,ramayana-ayodhyakanda:1,mahabharata-ashvamedhikaparva:1
vivAsi	vidyut:14	ramayana-ayodhyakanda:9,mahabharata-aranyakaparva:2,ramayana-aranyakanda:1
vivakz	dcs:36	rigveda:16,mahabharata-bhishmaparva:4,mahabharata-udyogaparva:3
vivfts	dcs:1	rigveda:1
vividiz	dcs:1	br-up:1
vivikz	dcs:1	mahabharata-aranyakaparva:1
vivits	dcs:2	mahabharata-adiparva:2
vivraj	dcs:1	buddhacharita:1
viyAti	vidyut:2	atharvaveda:2
viz	dcs:118,vidyut:7	rigveda:36,manavadharmashastra:15,mahabharata-aranyakaparva:10
vizA	dcs:17,marker:1	rigveda:10,atharvaveda:8
vizAy	dcs:3	shatakatrayam:2,shatakatrayam-serebryakov:1
vizU	vidyut:1	gitarthasamgraha-abhinavagupta:1
vizWA	dcs:99,vidyut:3	rigveda:25,atharvaveda:14,mahabharata-adiparva:10
vizkamB	dcs:3	rigveda:3
vizo	vidyut:1	rigveda:1
vizwamB	dcs:34	mahabharata-bhishmaparva:4,mahabharata-dronaparva:4,bhagavadgita-radha:3
vizwamBay	dcs:4	mahabharata-dronaparva:3,ramayana-sundarakanda:1
vlag	dcs:2	rigveda:2
vrAD	dcs:8	rigveda:8
vrAjay	dcs:38	ramayana-ayodhyakanda:21,mahabharata-udyogaparva:4,mahabharata-dronaparva:3
vrIq	dcs:30	mahabharata-aranyakaparva:9,mahabharata-adiparva:5,ramayana-ayodhyakanda:4
vraSc	dcs:59,vidyut:4	atharvaveda:33,rigveda:25,mahabharata-aranyakaparva:2
vraj	dcs:349,vidyut:8,marker:1	mahabharata-aranyakaparva:33,manavadharmashastra:33,rigveda:31
vyADAy	dcs:1	hatha-yoga-pradipika:1
vyATi	vidyut:5	rigveda:3,atharvaveda:1,ramayana-sundarakanda:1
vyUrRu	vidyut:7	atharvaveda:6,rigveda:1
vyaD	dcs:887,vidyut:18	mahabharata-dronaparva:342,mahabharata-karnaparva:131,mahabharata-bhishmaparva:119
vyaMsay	dcs:10	mahabharata-dronaparva:5,mahabharata-bhishmaparva:2,mahabharata-shalyaparva:1
vyaT	dcs:158,vidyut:9	mahabharata-dronaparva:32,mahabharata-aranyakaparva:15,mahabharata-karnaparva:12
vyaTay	dcs:64	bhagavadgita-prabhupada:5,bhagavadgity:4,gitarthasamgraha-abhinavagupta:4
vyac	dcs:11,vidyut:1	rigveda:11,mahabharata-udyogaparva:1
vyapaUhi	vidyut:1	gitagovinda:1
vyape	dcs:8	mahabharata-udyogaparva:4,mahabharata-shantiparva:2,ramayana-ayodhyakanda:1
vyapoh	dcs:23	manavadharmashastra:6,mahabharata-dronaparva:3,ramayana-ayodhyakanda:3
vyatI	dcs:66	mahabharata-aranyakaparva:11,ramayana-ayodhyakanda:6,mahabharata-udyogaparva:6
vyatii	vidyut:1	raghuvamsha:1
vyatizaYji	vidyut:1	kama-sutra:1
vye	dcs:64,vidyut:6	rigveda:40,atharvaveda:7,mahabharata-aranyakaparva:6
vyucC	vidyut:8	rigveda:7,atharvaveda:1
vyutTA	dcs:6	nyaya-bhashya:3,br-up:1,buddhacharita:1
yA	dcs:2580,vidyut:176,marker:7	rigveda:501,mahabharata-dronaparva:317,mahabharata-aranyakaparva:206
yAc	dcs:217,vidyut:21,marker:1	mahabharata-aranyakaparva:31,ramayana-ayodhyakanda:27,atharvaveda:23
yAcay	dcs:3	atharvaveda:2,shukasaptati:1
yAd	dcs:4	rigveda:4
yAjay	dcs:33	mahabharata-ashvamedhikaparva:19,mahabharata-adiparva:5,mahabharata-virataparva:2
yAmay	dcs:3	rigveda:3
yApay	dcs:4	mahabharata-udyogaparva:1,mahabharata-adiparva:1,megha-duta:1
yAsay	dcs:4	mahabharata-bhishmaparva:2,buddhacharita:1,mahabharata-dronaparva:1
yAtay	dcs:22	rigveda:8,mahabharata-aranyakaparva:6,mahabharata-udyogaparva:2
yAvay	dcs:17	atharvaveda:10,rigveda:7
yUh	dcs:119,vidyut:2	mahabharata-bhishmaparva:32,mahabharata-dronaparva:13,ch-up:12
yaMyam	dcs:1	rigveda:1
yaj	dcs:775,vidyut:42,marker:5	rigveda:294,atharvaveda:94,mahabharata-aranyakaparva:40
yajYAy	dcs:1	rigveda:1
yakz	dcs:3	rigveda:3
yam	dcs:1397,vidyut:40,marker:3	rigveda:274,mahabharata-aranyakaparva:122,mahabharata-adiparva:85
yamAy	dcs:1	gitagovinda:1
yamay	dcs:34	br-up:17,shatakatrayam:3,gitarthasamgraha-abhinavagupta:2
yantray	dcs:8	shukasaptati:2,ramayana-aranyakanda:2,mahabharata-aranyakaparva:1
yas	dcs:233,vidyut:106	rigveda:51,mahabharata-dronaparva:23,devi-gita:14
yat	dcs:412,vidyut:88	mahabharata-dronaparva:79,rigveda:49,mahabharata-bhishmaparva:44
yavay	dcs:4	rigveda:3,atharvaveda:1
yez	dcs:1	rigveda:1
yiyAs	dcs:6	br-up:2,amaru-shataka:2,mahabharata-aranyakaparva:1
yoDay	dcs:135	mahabharata-dronaparva:44,mahabharata-bhishmaparva:24,mahabharata-shalyaparva:24
yoDi	vidyut:3	mahabharata-aranyakaparva:2,mahabharata-adiparva:1
yojay	dcs:234	kama-sutra:50,mahabharata-udyogaparva:17,mahabharata-aranyakaparva:15
yoji	vidyut:1	raghuvamsha:1
yoktray	dcs:1	mahabharata-adiparva:1
yopay	dcs:3	atharvaveda:2,rigveda:1
yoyu	vidyut:3,dcs:2	rigveda:5
yu	dcs:219,vidyut:24,marker:2	rigveda:195,atharvaveda:24,ramayana-ayodhyakanda:6
yuD	dcs:1208,vidyut:121	mahabharata-dronaparva:306,mahabharata-bhishmaparva:171,mahabharata-udyogaparva:138
yucC	vidyut:1	rigveda:1
yuj	dcs:2119,vidyut:67,marker:1	rigveda:317,mahabharata-aranyakaparva:125,mahabharata-udyogaparva:117
yup	vidyut:4,dcs:1	atharvaveda:3,rigveda:2
yuyUz	dcs:3	rigveda:3
yuyuts	dcs:13	mahabharata-udyogaparva:4,mahabharata-dronaparva:4,mahabharata-karnaparva:2
zWIv	dcs:3	kama-sutra:1,manavadharmashastra:1,atharvaveda:1
