form_slp1	primary_lemma	primary_pos	primary_n	alt_lemma	alt_pos	alt_n
ABAga	ABaj	noun	2	ABAji	noun	2
ABAgena	ABaj	noun	2	ABAji	noun	2
ABAva	ABAvi	noun	8	ABA	noun	6
ABAva	ABAvi	noun	8	ABA	verb	2
ABAzyamARa	ABAz	noun	2	ABAzi	noun	2
ABU	ABu	noun	6	ABU	noun	3
ABaranti	ABf	noun	4	ABf	verb	1
ABram	ABra	noun	3	aBr	verb	1
ADAvatA	Asf	noun	2	ADAv	noun	2
ADarzayan	ADarzi	noun	4	ADfz	noun	2
ADarzayan	ADarzi	noun	4	ADarzi	verb	2
ADarzayan	ADarzi	noun	4	ADfz	verb	1
ADita	ADitA	noun	3	ADA	verb	1
AGozayanta	AGozi	verb	2	AGuz	verb	1
AKyAd	AKyA	noun	9	AKyA	verb	1
AKyAd	AKyA	noun	9	Acakzi	verb	1
ASAsyamAna	ASAsi	noun	4	ASAs	noun	2
ASaMsat	ASaMs	noun	3	ASaMs	verb	1
ASaNkin	ASaNk	noun	2	ASaNki	noun	2
ASasti	ASas	noun	6	ASaMs	noun	6
ASreza	ASrezA	noun	3	ASreza	noun	2
ASvAs	ASva	noun	10	ASu	noun	8
ASvAs	ASva	noun	10	ASvAsi	noun	7
AYjanAByaYjana	AYjanAByaYjanA	noun	3	AYjanAByaYjana	noun	2
AbadDAByAm	AbadDa	noun	18	AbanD	noun	9
AcCA	AcCo	noun	15	AcCAyi	noun	6
AcCedi	AcCedi	noun	9	AcCid	noun	3
AcCedi	AcCedi	noun	9	AcCid	verb	1
AcCedi	AcCedi	noun	9	AcCedi	verb	1
Acakzam	Acakz	noun	14	Acakzi	noun	14
Acaratas	Acar	noun	5	Acar	verb	1
AdAsyAma	AdA	verb	2	Ado	verb	1
AdAsyAma	AdA	verb	2	AdE	verb	1
AdAsyamAna	AdA	noun	6	Ado	noun	2
AdAsyamAna	AdA	noun	6	AdE	noun	2
AdAsyat	AdA	noun	6	Ado	noun	3
AdAsyat	AdA	noun	6	AdE	noun	3
AdAsyat	AdA	noun	6	AdA	verb	2
AdAsyat	AdA	noun	6	Ado	verb	1
AdAsyat	AdA	noun	6	AdE	verb	1
AdAtavya	AdA	noun	4	Ado	noun	2
AdAtavya	AdA	noun	4	AdE	noun	2
AdIpayat	AdIpi	noun	3	AdIpi	verb	1
Adadi	Adadi	noun	3	AdA	verb	1
Adaya	Adi	verb	2	AAdi	verb	2
Adeha	Adehi	noun	8	Adih	noun	6
AdevI	Adiv	noun	1	Adevi	noun	1
Adid	Aditsi	noun	21	Aditsa	noun	21
Adit	Aditsi	noun	21	Aditsa	noun	21
Adite	AditA	noun	14	Ado	noun	13
Adite	AditA	noun	14	Adi	noun	9
Adite	AditA	noun	14	AAdi	noun	9
Adivat	ad	noun	3	Aad	noun	3
Adyanta	Adyanta	noun	4	ad	verb	1
Adyanta	Adyanta	noun	4	Aad	verb	1
Adyanta	Adyanta	noun	4	Adi	verb	1
Adyanta	Adyanta	noun	4	AAdi	verb	1
Adyantavat	Adyantavat	noun	3	Adyantavat	ind	1
Ag	Aci	noun	7	Aaj	noun	7
Ag	Aci	noun	7	AaYj	noun	3
Ag	Aci	noun	7	AaYc	noun	3
Agam	ag	noun	3	ag	verb	1
Agamyase	AgAmi	verb	4	Agam	verb	1
AhUyantAm	Ahu	verb	1	Ahve	verb	1
AhUyate	Ahu	verb	1	Ahve	verb	1
Aham	Ahi	noun	8	ah	noun	3
Ahanas	Ahanas	noun	5	Ahan	noun	3
Ahanas	Ahanas	noun	5	Ahi	noun	1
Ahitavat	Ahi	noun	6	ADA	noun	3
AhotA	Ahu	noun	2	Ahu	verb	2
AjYAyi	AjYA	noun	3	AjYA	verb	1
Ajagara	AgF	verb	2	Ajagara	noun	2
Ajayat	Aji	noun	3	Aji	verb	1
AjiGrat	AGrA	noun	3	AGrA	verb	1
AjihIrzu	AjihIrza	noun	6	AjihIrzi	noun	3
AkAryam	AkAri	noun	6	AkF	noun	3
AkAryam	AkAri	noun	6	Akf	noun	3
Akarzat	Akfz	noun	3	Akfz	verb	1
Akzepin	Akzip	noun	4	Akzepi	noun	4
AlApayizyaTa	AlAli	verb	3	AlApi	verb	1
AlamBanIya	AlaB	noun	2	AlamBi	noun	2
Alayat	Ali	noun	3	Ali	verb	1
Alok	Alok	noun	7	Aloc	noun	7
Alok	Alok	noun	7	Aloci	noun	7
Alok	Alok	noun	7	Aloki	noun	7
AlokayatAm	Aloki	verb	3	Aloki	noun	2
Alokayizyan	Aloki	noun	2	Aloki	verb	1
AlokyA	Alok	noun	1	Aloc	noun	1
AlokyA	Alok	noun	1	Aloki	noun	1
Amantrayan	Amantri	noun	2	Amantri	verb	1
Amayad	Ami	noun	9	Ami	verb	3
Amayas	Ami	verb	3	Amaya	noun	2
AnAdayan	AnAdi	noun	2	AnAdi	verb	1
AnAdayat	AnAdi	noun	3	AnAdi	verb	1
AnI	AnI	noun	12	an	noun	8
AnI	AnI	noun	12	Ani	noun	8
Anadat	Anad	noun	3	Anad	verb	1
AnandatA	AnandatA	noun	3	Anand	noun	2
Anandayate	Anandi	noun	2	Anandi	verb	1
Anarda	Anard	noun	8	Anardi	noun	8
Anarda	Anard	noun	8	ard	verb	6
Anarda	Anard	noun	8	Anard	verb	1
Anayeya	Ani	verb	2	AnI	verb	1
AnonavIti	Anonu	verb	1	AnonU	verb	1
Anyam	an	noun	6	Ani	noun	6
Anyam	an	noun	6	AnI	noun	2
ApaSyam	AdfS	noun	3	AdfS	verb	1
ApaSyat	AdfS	noun	3	AdfS	verb	1
Apapra	ApF	verb	2	AprA	verb	1
Apatatas	Apat	noun	5	Apat	verb	1
AprAt	AprA	noun	9	AprA	verb	1
Apus	Ap	verb	2	ApA	verb	1
Aqayat	Aqi	noun	3	Aqi	verb	1
ArADanIya	ArAD	noun	2	ArADi	noun	2
ArADayam	ArADaya	noun	3	ArADi	verb	1
ArcCat	f	verb	1	fcC	verb	1
ArcCatAm	f	verb	1	fcC	verb	1
ArjIkIya	ArjIkIyA	noun	3	ArjIkIya	noun	2
ArohatAm	Aruh	noun	2	Aruh	verb	2
ArtanA	ArtanA	noun	3	Artana	noun	1
AruRI	AruRI	noun	8	ArU	noun	6
AruRI	AruRI	noun	8	Aru	noun	6
AruRI	AruRI	noun	8	AruRi	noun	6
AruRI	AruRI	noun	8	AruRin	noun	1
AsAna	as	noun	4	Aas	noun	2
AsIdatAm	Asad	noun	4	Asad	verb	4
AsTas	as	verb	1	Aas	verb	1
AsTas	as	verb	1	AsTA	noun	1
AsaBis	Asan	noun	2	Asya	noun	2
Asaran	Asf	noun	2	Asf	verb	2
Asecya	Asic	noun	2	Aseci	noun	2
Asecya	Asic	noun	2	Aseci	ind	1
Asevita	Asev	noun	2	Asevi	noun	2
AsevyA	Asev	noun	1	Asevi	noun	1
Asin	Asi	noun	6	as	noun	4
Asin	Asi	noun	6	As	noun	2
Asin	Asi	noun	6	Aas	noun	2
Asin	Asi	noun	6	AAsi	noun	2
Asyad	Aas	noun	3	as	verb	1
Asyad	Aas	noun	3	Aas	verb	1
Atan	AtaYci	noun	7	AtaYc	noun	4
Atan	AtaYci	noun	7	at	verb	1
Atani	Atani	noun	3	Ati	noun	1
Atapat	Atap	noun	3	Atap	verb	1
Atarpayat	Atarpi	noun	6	Atarpi	verb	2
Atastare	AstF	verb	4	Astf	verb	4
Atastare	AstF	verb	4	AstAri	verb	1
AtizWam	AtizWa	noun	3	AsTA	verb	1
AtizWatAm	AsTA	verb	3	AsTA	noun	2
Atmagatam	Atmagata	noun	3	Atmagatam	ind	1
AtmasamBava	AtmasamBavA	noun	3	AtmasamBava	noun	2
AtmodBave	AtmodBavA	noun	14	AtmodBava	noun	9
Atodin	Atud	noun	2	Atodi	noun	2
Atyanta	at	verb	1	Ati	verb	1
AvApti	AvApi	noun	24	AvAji	noun	6
AvAyam	AvApi	noun	12	AvAyi	noun	12
AvAyam	AvApi	noun	12	AvE	noun	3
AvAyam	AvApi	noun	12	Ave	noun	3
AvAyam	AvApi	noun	12	AvA	noun	3
AvAyam	AvApi	noun	12	AvE	verb	1
AvahatAm	Avah	verb	3	Avah	noun	2
Avantika	Avantika	noun	4	AvantikA	noun	3
Avapa	Avap	noun	6	Avap	verb	1
Avarjayata	Avarji	verb	9	Avfj	verb	3
AvarjayetAm	Avarji	verb	9	Avfj	verb	3
Avartin	Avartin	noun	4	Avft	noun	2
Avartin	Avartin	noun	4	Avarti	noun	2
Avarzat	Avfz	noun	3	Avfz	verb	1
Avas	O	noun	20	o	noun	4
Avas	O	noun	20	av	verb	1
Avas	O	noun	20	Avi	noun	4
Avas	O	noun	20	av	noun	1
Avas	O	noun	20	AvA	noun	1
Aveda	Avedi	noun	8	Avid	noun	6
Aveda	Avedi	noun	8	Avid	verb	2
AvedayatAm	Avedi	verb	3	Avedi	noun	2
AviDyat	AvyaD	noun	3	AvyaD	verb	1
Avit	Avid	noun	14	AvyaD	noun	7
AvivAs	AvivAsa	noun	21	AvivAsi	noun	21
AvivAsa	AvivAsa	noun	30	AvivAsi	noun	24
AvivAsa	AvivAsa	noun	30	AvivAsa	verb	6
AvivAsanta	AvivAsi	verb	3	AvivAsa	verb	1
AvivAsata	AvivAsa	verb	7	AvivAsi	verb	6
AvivAse	AvivAsa	noun	180	AvivAsi	noun	117
AvivAse	AvivAsa	noun	180	AvivAsi	verb	3
AvivAse	AvivAsa	noun	180	AvivAsa	verb	2
AyAsaka	AyAsi	noun	4	Ayas	noun	2
AyantI	AyAmi	noun	12	Ayam	noun	6
Ayita	Ayi	noun	4	Aay	noun	2
Ayita	Ayi	noun	4	AAyi	noun	2
AyoDyAyAm	AyuD	noun	1	AyoDi	noun	1
Aza	Azi	noun	4	az	verb	3
Aza	Azi	noun	4	az	noun	2
Azwra	AzwrA	noun	3	Azwra	noun	2
BAjayate	BAji	noun	10	BAji	verb	5
BAmita	BAmi	noun	6	BAm	noun	2
BArin	BAri	noun	6	Bf	noun	4
BArin	BAri	noun	6	BF	noun	2
BAsakam	BAsi	noun	12	BAs	noun	6
BAsakam	BAsi	noun	12	Bas	noun	3
BAsase	BAsas	noun	3	BAs	verb	1
BAvajYa	BAvajYA	noun	3	BAvajYa	noun	2
BAvayitavya	BAvi	noun	10	BU	noun	2
BAvayitf	BAvi	noun	15	BU	noun	3
BAzin	BAzi	noun	4	BAz	noun	2
BAzin	BAzi	noun	4	Baz	noun	2
BAzyamARa	BAzi	noun	4	BAz	noun	2
BIm	BI	noun	2	Ba	noun	2
BImaraTa	BImaraTA	noun	3	BImaraTa	noun	2
BItavat	BI	noun	3	BItavat	ind	1
BUridA	BUridA	noun	2	BUrida	noun	1
BUridakziRam	BUridakziRa	noun	3	BUridakziRam	ind	1
BUtaDarA	BUtaDarA	noun	3	BUtaDara	noun	1
BUtamAtra	BUtamAtrA	noun	3	BUtamAtra	noun	2
BaYjyAt	BaYj	noun	6	BaYji	noun	4
BaYjyAt	BaYj	noun	6	BaYj	verb	2
BaYjyAt	BaYj	noun	6	BaYji	verb	2
BadrAyAm	Badra	noun	3	BadrA	noun	2
BaginIByAm	Bagin	noun	6	BaginI	noun	6
BajyamAnam	Baj	noun	3	BaYj	noun	3
Bajyeran	Baj	verb	1	BaYj	verb	1
Baktas	Bakta	noun	2	Baj	noun	1
BakzaRIya	Bakzi	noun	6	Bakz	noun	2
Bakzin	Bakzi	noun	6	Bakz	noun	2
BakzyantAm	Bakzi	verb	3	Bakz	verb	1
Bar	Barv	noun	7	Barvi	noun	7
BaratarzaBAn	BaratafzaBa	noun	1	BaratarzaBa	noun	1
BaratarzaBa	BaratafzaBa	noun	2	BaratarzaBa	noun	2
BaratarzaBam	BaratafzaBa	noun	3	BaratarzaBa	noun	3
BaratarzaBasya	BaratafzaBa	noun	2	BaratarzaBa	noun	2
BaratarzaBe	BaratafzaBa	noun	9	BaratarzaBa	noun	9
Bartfvrata	BartfvratA	noun	3	Bartfvrata	noun	2
BavatyAm	BavatI	noun	2	Bavat	noun	1
BavizyAmas	BU	verb	2	as	verb	1
BejAna	Baj	noun	2	BaYj	noun	2
Bikzita	Bikz	noun	2	Bikzi	noun	2
BindatAm	Bid	noun	2	Bind	noun	2
BindatAm	Bid	noun	2	Bid	verb	1
BindatAm	Bid	noun	2	Bind	verb	1
Bojin	Buj	noun	4	Boji	noun	4
BrASyAni	BrAS	noun	3	BrASi	noun	3
BrAjas	BrAj	noun	38	BrAjas	noun	5
BrAjas	BrAj	noun	38	BrAja	noun	2
BrAjas	BrAj	noun	38	BrAji	noun	26
Bu	BU	noun	10	Bu	noun	3
BujaNgamAm	BujaMgamA	noun	2	BujaMgama	noun	2
BujaNgama	BujaMgama	noun	4	BujaMgamA	noun	3
BujizyAm	BujizyA	noun	2	Bujizya	noun	2
Buk	Buj	noun	28	Buk	ind	1
CAdayAYcakrire	Cad	verb	2	CAdi	verb	2
CAdayetAm	Cad	verb	2	CAdi	verb	2
CAditavatI	Cad	noun	4	CAdi	noun	4
CAyaka	CAyi	noun	4	Co	noun	2
Calana	CalanA	noun	3	Calana	noun	2
CandasyAm	CandasyA	noun	2	Candasya	noun	1
Candita	Cand	noun	2	Candi	noun	2
Candya	Cand	noun	4	Candi	noun	2
CandyamAna	Cand	noun	2	Candi	noun	2
CandyatAm	Cand	verb	1	Candi	verb	1
DAtryAm	DAtrI	noun	2	DAtri	noun	1
DAvad	sf	noun	3	DAv	noun	3
DUmravarRa	DUmravarRa	noun	4	DUmravarRA	noun	3
DUp	DUpAyi	noun	14	DUpAya	noun	14
DUtapApa	DUtapApA	noun	3	DUtapApa	noun	2
DUyamAnam	DU	noun	12	Du	noun	3
Dam	Da	noun	9	DA	noun	2
DaneSam	DaneSa	noun	3	DaneS	noun	2
Danuzkowi	DanuzkowI	noun	5	Danuzkowi	noun	3
DarmArTam	DarmArTa	noun	3	DarmArTam	ind	1
DarmaBftAm	DarmaBft	noun	3	DarmaBfta	noun	1
DarmacAriRi	DarmacArin	noun	8	DarmacAriRI	noun	5
DarmacAriRyAm	DarmacArin	noun	2	DarmacAriRI	noun	2
DarmajYAnAm	DarmajYa	noun	3	DarmajYAna	noun	1
Darzayata	Darzi	verb	2	Dfz	verb	1
Davati	DU	noun	2	DU	verb	1
DavyA	DU	noun	3	Du	noun	1
Davya	DU	noun	6	Du	noun	2
DftimatI	Dftimat	noun	12	DftimatI	noun	8
DizaRAyAs	DizaRa	noun	6	DizaRA	noun	4
Dotf	DU	noun	18	Du	noun	6
DrAji	DrAji	noun	12	DrAj	noun	3
DrAji	DrAji	noun	12	Draj	noun	3
Dvan	DvAni	noun	14	Dvani	noun	14
Dvan	DvAni	noun	14	DvaYj	noun	7
Dvan	DvAni	noun	14	DvaYji	noun	7
Dvan	DvAni	noun	14	DvaMsi	noun	7
Dvan	DvAni	noun	14	DvaMs	noun	4
GAsi	GAsi	noun	12	Gas	noun	3
GAtanI	GAtanI	noun	8	GAti	noun	1
GaRwArava	GaRwAravA	noun	3	GaRwArava	noun	2
Gaw	Gawwi	noun	21	Gaw	noun	14
Gaw	Gawwi	noun	21	Gaz	noun	7
Gaw	Gawwi	noun	21	Gaww	noun	7
Gaw	Gawwi	noun	21	GAwi	noun	7
Gawitavat	Gaw	noun	6	GAwi	noun	3
GfRa	GfRA	noun	3	GfRa	noun	2
GfRa	GfRA	noun	3	GfR	noun	2
GfRinA	GfRi	noun	4	GfRin	noun	4
GorarUpA	GorarUpA	noun	3	GorarUpa	noun	2
GorarUpARAm	GorarUpa	noun	6	GorarUpA	noun	2
GorarUpAm	GorarUpA	noun	2	GorarUpa	noun	2
GorarUpAn	GorarUpa	noun	2	GorarUpA	noun	1
GorarUpa	GorarUpa	noun	4	GorarUpA	noun	3
GorarUpe	GorarUpa	noun	18	GorarUpA	noun	14
Gozaya	Gozi	verb	2	Guz	verb	1
Gozin	Guz	noun	4	Gozi	noun	4
ISanI	IS	noun	1	ISi	noun	1
ISita	ISitA	noun	3	IS	noun	2
ISita	ISitA	noun	3	ISi	noun	2
Ir	Ir	noun	14	Iri	noun	14
Ir	Ir	noun	14	F	noun	7
IryamARa	Ir	noun	4	Iri	noun	4
IryamARa	Ir	noun	4	F	noun	2
IyamAna	I	noun	6	i	noun	6
IzitA	Iz	noun	6	Iz	verb	4
IzitA	Iz	noun	6	Izi	noun	2
IzitA	Iz	noun	6	Izi	verb	2
Izita	Iz	noun	4	Izi	noun	4
Izitam	Iz	noun	6	Izi	noun	6
KAdayanti	KAdi	noun	8	KAdi	verb	2
KAde	KAdi	noun	44	KAda	noun	9
KAde	KAdi	noun	44	KAd	noun	42
KAde	KAdi	noun	44	Kad	noun	9
KAdin	KAdi	noun	4	KAd	noun	2
KAdin	KAdi	noun	4	Kad	noun	2
KaRqayitum	KaRqi	ind	3	KaRq	ind	1
KaRqyamAne	KaRq	noun	18	KaRqi	noun	18
Kan	KaRq	noun	14	KaRqi	noun	14
Kan	KaRq	noun	14	KaYj	noun	7
Kan	KaRq	noun	14	KaYji	noun	7
KanI	Kani	noun	12	KanI	noun	8
KanatAm	Kan	noun	2	Kan	verb	2
Kaqgahasta	KaqgahastA	noun	3	Kaqgahasta	noun	2
Karvita	Karv	noun	2	Karvi	noun	2
Kawaka	KawakA	noun	3	Kawaka	noun	2
Kawaka	KawakA	noun	3	Kaw	noun	2
KyAtAm	KyA	noun	3	KyA	verb	1
PAlguni	PAlgunI	noun	5	PAlguni	noun	3
Palinam	Palina	noun	6	Palin	noun	2
PalitAs	Palita	noun	10	PalitA	noun	5
PalitAs	Palita	noun	10	Pal	noun	5
SAkti	SAki	noun	12	SAK	noun	6
SAkti	SAki	noun	12	SAKi	noun	6
SAkti	SAki	noun	12	SAci	noun	6
SAlika	SAlika	noun	4	SAlikA	noun	3
SAlvarAja	SAlvarAjan	noun	3	SAlvarAja	noun	2
SAntanave	SAMtanava	noun	27	SAMtanu	noun	2
SArNgikA	SArNgikA	noun	3	SArNgika	noun	1
SAradaRqAyanI	SAradaRqAyanI	noun	8	SAradaRqAyani	noun	6
SAstravat	SAstravat	noun	3	SAstravat	ind	1
SAtakarRi	SAtakarRi	noun	3	SAtakarRin	noun	3
SAyin	SAyi	noun	8	So	noun	2
SAyin	SAyi	noun	8	SE	noun	2
SAyin	SAyi	noun	8	Si	noun	2
SAyin	SAyi	noun	8	SI	noun	2
SIBa	SIB	noun	6	SIBi	noun	4
SIlatA	SIlatA	noun	3	SIl	noun	2
SIlatas	SIl	noun	5	SIl	verb	1
SIlatas	SIl	noun	5	SIlatas	ind	1
SIlin	SIli	noun	6	SIl	noun	2
SItozRa	SItozRa	noun	4	SItozRA	noun	3
SUrasenAnAm	SUrasena	noun	3	SUrasenA	noun	2
SUzya	SUz	noun	2	SUzi	noun	2
SaMSanti	SaMSamya	noun	12	SaMSam	verb	2
SaNKAs	SaNKa	noun	10	SaNKA	noun	5
SaNKaDma	SaNKaDma	noun	2	SaNKaDmA	noun	1
SaNkanIyAm	SaNk	noun	1	SaNki	noun	1
SaNkanIya	SaNk	noun	2	SaNki	noun	2
SaRqikAnAm	SaRqika	noun	3	SaRqikA	noun	2
SaSipraBa	SaSipraBa	noun	4	SaSipraBA	noun	3
SaSivat	SE	noun	3	So	noun	3
Sak	Sak	noun	14	Sac	noun	7
SakaDUmaja	SakaDUmaja	noun	2	SakaDUmajA	noun	1
Salyakartf	Salyakartf	noun	3	Salyakarttf	noun	3
Sar	Sarv	noun	7	Sarvi	noun	7
SarDayata	SarDi	verb	3	SfD	verb	1
SarIrabanDena	SarIrabanDa	noun	2	SarIrabanDena	ind	1
SaraRi	SaraRi	noun	3	SF	noun	2
SaraRyAnAm	SaraRya	noun	9	SaraRyA	noun	2
SaradaRqA	SaradaRqA	noun	3	SaradaRqa	noun	1
SaradaRqAm	SaradaRqA	noun	2	SaradaRqa	noun	1
Saravya	Saravya	noun	4	SaravyA	noun	3
SarkarikA	SarkarikA	noun	3	Sarkarika	noun	1
Sarvari	SarvarI	noun	5	Sarvarin	noun	3
Sarya	Sarya	noun	6	SaryA	noun	3
SatAyus	SatAyus	noun	27	SatAyu	noun	2
SataGni	SataGnI	noun	5	SataGni	noun	3
SataGni	SataGnI	noun	5	SataGnin	noun	3
SataSAradAya	SataSArada	noun	4	SataSAradAya	ind	1
SataSIrza	SataSIrza	noun	4	SataSIrzA	noun	3
SataSIrza	SataSIrza	noun	4	SataSIrzan	noun	3
SataSalAka	SataSalAkA	noun	3	SataSalAka	noun	2
SatadAya	Satada	noun	2	SatadAya	noun	2
SatadAya	Satada	noun	2	SatadA	noun	1
Satahrada	SatahradA	noun	3	Satahrada	noun	2
SatavIrya	SatavIrya	noun	4	SatavIryA	noun	3
SatruYjayA	SatruMjayA	noun	3	SatruMjaya	noun	1
SatruYjaya	SatruMjayA	noun	3	SatruMjaya	noun	2
Satruha	Satruhan	noun	6	Satruha	noun	2
Sevya	Sev	noun	2	Sevi	noun	2
Sezin	Siz	noun	6	Sezi	noun	6
SiKariRi	SiKarin	noun	8	SiKariRI	noun	5
SiSriyARa	Sri	noun	2	SrI	noun	2
Sikvas	Sikvas	noun	5	Sikva	noun	1
Sikzitavat	Sikzi	noun	6	Sikz	noun	3
Sikzitavat	Sikzi	noun	6	Sikza	noun	3
Sikzitavat	Sikzi	noun	6	SiSakizi	noun	3
Sikzitavat	Sikzi	noun	6	SiSakiza	noun	3
SilAvahA	SilAvahA	noun	3	SilAvaha	noun	1
SiprAByAm	Sipra	noun	9	SiprA	noun	6
SiroDara	SiroDarA	noun	3	SiroDara	noun	2
Sizwavat	Siz	noun	9	SAs	noun	3
SizyamARa	Siz	noun	6	SAs	noun	2
SlAGyAnAm	SlAG	noun	3	SlAGi	noun	3
SlakzRAyAm	SlakzRA	noun	2	SlakzRa	noun	2
Slok	Slok	noun	7	Sloki	noun	7
SoBin	SuB	noun	6	SoBi	noun	6
SoSuByamAna	SoSuBya	noun	30	SoSuB	noun	6
SoSuByamAna	SoSuBya	noun	30	SoSumB	noun	4
Socakas	Suc	noun	4	Soci	noun	4
SocanIyam	Suc	noun	6	Soci	noun	6
Soci	Soci	noun	21	Suc	noun	6
Sona	Sun	noun	4	Soni	noun	4
SrAta	SrA	verb	2	SrAta	noun	2
SrIkAma	SrIkAmA	noun	3	SrIkAma	noun	2
SrImatyA	SrImatI	noun	3	SrImat	noun	2
SrImatyA	SrImatI	noun	3	SrImati	noun	1
SraTaya	SraTi	verb	2	SrATi	verb	1
Srapita	SrapitA	noun	3	Srapita	noun	2
Srapita	SrapitA	noun	3	SrApi	noun	2
SrutArTa	SrutArTa	noun	4	SrutArTA	noun	3
SrutAyus	SrutAyus	noun	9	SrutAyu	noun	2
SuBAcArAm	SuBAcArA	noun	2	SuBAcAra	noun	1
SuBAcAra	SuBAcArA	noun	3	SuBAcAra	noun	2
SuDyantAm	SunD	verb	2	SuD	verb	1
SuSrUzam	SuSrUza	noun	11	SuSrUzi	noun	8
SuSrUzita	SuSrUzi	noun	2	SuSrUza	noun	2
SucitAm	SucitA	noun	2	Suc	noun	1
SudDAnta	SudDAntA	noun	3	SudDAnta	noun	2
SukraSocis	SukraSocis	noun	9	SukraSoci	noun	2
SuktimatI	SuktimatI	noun	8	Suktimat	noun	4
SunDya	SunD	noun	6	SunDi	noun	4
SunDyu	SunDyU	noun	15	SunDyu	noun	9
Suzmi	Suzmin	noun	6	Suzmi	noun	3
Svavat	Svavat	noun	6	Svavat	ind	1
Svavftti	Svavftti	noun	6	Svavfttin	noun	3
SvetASva	SvetASva	noun	4	SvetASvA	noun	3
SvetavarRa	SvetavarRA	noun	3	SvetavarRa	noun	2
SyAmAsu	SyAma	noun	3	SyAmA	noun	2
SyenAm	SyenA	noun	2	Syena	noun	2
UrDvaretas	UrDvaretas	noun	10	UrDvareta	noun	2
UrmyAsu	UrmyA	noun	2	Urmya	noun	1
aBAji	BAji	verb	5	Baj	verb	1
aBAji	BAji	verb	5	BaYj	verb	1
aBAvayat	aBAvayat	noun	7	BAvi	verb	5
aBAvayat	aBAvayat	noun	7	BU	verb	1
aBAvayata	BAvi	verb	10	BU	verb	2
aBIpsu	aBiIpsa	noun	8	aBiIpsi	noun	3
aBItavat	aBii	noun	3	aBItavat	ind	1
aBarizyat	Bf	verb	2	BF	verb	1
aBiBAta	aBiBA	noun	2	aBiBA	verb	1
aBiBAva	aBiBAvi	noun	16	aBiBA	noun	6
aBiBAva	aBiBAvi	noun	16	aByas	noun	2
aBiBAva	aBiBAvi	noun	16	aBiBA	verb	1
aBiBAvya	aBiBAvi	noun	4	aByas	noun	2
aBiBAvya	aBiBAvi	noun	4	aBiBU	noun	2
aBiBAvya	aBiBAvi	noun	4	aBiBAvi	ind	2
aBiBU	aBiBu	noun	6	aByas	noun	3
aBiBU	aBiBu	noun	6	aBiBU	noun	3
aBiBu	aBiBU	noun	5	aBiBu	noun	3
aBiDAni	aBiDA	noun	13	aBiDAnI	noun	5
aBiDAvAmi	aBisf	verb	1	aBiDAv	verb	1
aBiDAvam	aBiDAv	noun	14	aBiDAvi	noun	12
aBiDAvantam	aBisf	noun	1	aBiDAv	noun	1
aBiDAvat	aBisf	noun	3	aBiDAv	noun	3
aBiDattam	aBiDA	verb	1	aBidADA	verb	1
aBiSas	aBiSas	noun	5	aBiSaMs	noun	3
aBicArin	aBicar	noun	2	aBicAri	noun	2
aBicakzyA	aBicakz	noun	1	aBicakzi	noun	1
aBigfRanti	aBigF	noun	4	aBigF	verb	1
aBihatas	aBihan	noun	1	aBihan	verb	1
aBihruti	aBihrut	noun	6	aBihruti	noun	3
aBikANkzaRa	aBikANkz	noun	2	aBikANkzi	noun	2
aBikANkzin	aBikANkz	noun	2	aBikANkzi	noun	2
aBikANkzita	aBikANkz	noun	2	aBikANkzi	noun	2
aBinAdin	aBinad	noun	2	aBinAdi	noun	2
aBinAditA	aBinAdi	verb	2	aBinAdi	noun	1
aBinIyamAna	aBinI	noun	2	aBinii	noun	2
aBinandin	aBinand	noun	2	aBinandi	noun	2
aBiniveSin	aBiniviS	noun	2	aBiniveSi	noun	2
aBinizpad	aBinizpat	noun	7	aBinizpad	noun	7
aBinyubja	aBinyubji	noun	6	aBinyubj	noun	4
aBinyubja	aBinyubji	noun	6	aBinyubj	verb	1
aBipAtin	aBipat	noun	2	aBipAti	noun	2
aBipad	aBipad	noun	7	aBipat	noun	7
aBipat	aBipad	noun	7	aBipat	noun	7
aBiprARita	aBipraan	noun	2	aBipraan	verb	2
aBiprARita	aBipraan	noun	2	aBipraARi	noun	2
aBipramarzaRa	aBipramfz	noun	4	aBipramarzi	noun	4
aBiprayAtA	aBiprayA	noun	5	aBiprayA	verb	2
aBiprayAta	aBiprayA	noun	2	aBiprayA	verb	1
aBirADana	aBirAD	noun	2	aBirADi	noun	2
aBirakzi	aBirakz	noun	9	aBirakzi	noun	9
aBisaMbanDAt	aBisaMbanD	noun	8	aBisaMbanDi	noun	8
aBisaMbanDa	aBisaMbanD	noun	8	aBisaMbanDi	noun	8
aBisaMbanDya	aBisaMbanD	noun	2	aBisaMbanDi	noun	2
aBisaMbanDya	aBisaMbanD	noun	2	aBisaMbanDi	ind	1
aBisaMcaranti	aBisaMcar	noun	4	aBisaMcar	verb	1
aBisaMpad	aBisaMpat	noun	7	aBisaMpad	noun	7
aBisaNgamya	aBisaMgAmi	noun	4	aBisaMgam	noun	2
aBisaNgamya	aBisaMgAmi	noun	4	aBisaMgam	ind	1
aBisacatAm	aBisac	noun	2	aBisac	verb	2
aBisamBavanti	aBisaMBU	noun	4	aBisaMBU	verb	1
aBisampatanti	aBisaMpat	noun	4	aBisaMpat	verb	1
aBisanDAya	aBisaMDA	noun	8	aBisaMDA	ind	1
aBisanti	aByas	noun	3	aByas	verb	1
aBitarjita	aBitarj	noun	2	aBitarji	noun	2
aBivAd	aBivAdi	noun	14	aBivA	noun	9
aBivAd	aBivAdi	noun	14	aBivad	noun	7
aBivAdanIya	aBivAdi	noun	4	aBivad	noun	2
aBivAdayAmAsa	aBivAdi	verb	16	aBivad	verb	3
aBivAdayamAna	aBivAdi	noun	8	aBivad	noun	4
aBivAdayamAnam	aBivAdi	noun	12	aBivad	noun	6
aBivAdayatAm	aBivAdi	verb	4	aBivAdi	noun	4
aBivAdayatAm	aBivAdi	verb	4	aBivad	noun	2
aBivAdayatAm	aBivAdi	verb	4	aBivad	verb	2
aBivAdita	aBivAdi	noun	4	aBivad	noun	2
aBivAdyas	aBivad	noun	3	aBivAdi	noun	2
aBivAvaSe	aBivAvaSya	noun	60	aBivAvaS	noun	39
aBivIkzyamARa	aBiviIkz	noun	2	aBiviIkzi	noun	2
aBivadate	aBivad	noun	4	aBivad	verb	2
aBivart	aBivarDi	noun	7	aBivarti	noun	7
aBivarziRIm	aBivfz	noun	1	aBivarzi	noun	1
aBivfta	aBivf	noun	2	aBivft	noun	2
aBivfzya	aBivfz	noun	2	aBivfz	ind	1
aBivirAjita	aBivirAj	noun	2	aBivirAji	noun	2
aBivyAharatAm	aBivyAhf	verb	3	aBivyAhf	noun	2
aBiyA	aBiyA	noun	22	aBiyAvi	noun	6
aBiyAcati	aBiyAc	noun	4	aBiyAc	verb	2
aBiyAta	aBiyA	noun	2	aBiyA	verb	1
aBiyajati	aBiyaj	noun	2	aBiyaj	verb	1
aBizekzyate	aBizic	noun	2	aBizic	verb	2
aBizyad	aBizyat	noun	7	aBizo	noun	3
aBizyad	aBizyat	noun	7	aBizyand	noun	3
aByAgAma	aByAgam	noun	2	aBye	verb	1
aByAhatas	aByAhan	noun	1	aByAhan	verb	1
aByAsin	aByAsi	noun	4	aByAs	noun	2
aByAsin	aByAsi	noun	4	aByas	noun	2
aByAyatI	aByAyam	noun	6	aBye	noun	4
aByaBAvi	aBiBAvi	verb	2	aBiBU	verb	1
aByaBAvi	aBiBAvi	verb	2	aByas	verb	1
aByarcanIya	aByarc	noun	4	aByarci	noun	4
aByarzA	aByarzi	noun	7	aByfz	noun	3
aByarza	aByarzi	noun	8	aByfz	noun	6
aByavapad	aByavapat	noun	7	aByavapad	noun	7
aByavapad	aByavapat	noun	7	aBivap	verb	1
aByuccaranti	aByuccar	noun	4	aByuccar	verb	1
aByujjIvati	aByujjIv	noun	2	aByujjIv	verb	1
aByupagacCatAm	aByupagam	noun	2	aByupagam	verb	1
aByupagamyam	aByupagAmi	noun	6	aByupagam	noun	3
aDiDatTa	aDiDA	verb	1	aDidADA	verb	1
aDicaNkramA	aDicaMkramya	noun	11	aDicaMkram	noun	8
aDijajYe	aDijan	verb	4	aDijYA	verb	2
aDirUQe	aDirUQA	noun	14	aDirUQi	noun	2
aDirUQe	aDirUQA	noun	14	aDiruh	noun	13
aDiskanda	aDiskand	noun	8	aDiskandi	noun	8
aDiskanda	aDiskand	noun	8	aDiskand	verb	1
aDvagA	aDvagA	noun	3	aDvaga	noun	2
aDvaryos	aDvaryu	noun	8	aDvan	noun	2
aDyasyate	aDyas	noun	2	aDyas	verb	2
aDyezyamARa	aDii	noun	8	aDyezi	noun	2
aKarvam	aKarva	noun	3	Karv	verb	1
aKyatam	KyA	verb	1	cakz	verb	1
aMhati	aMhatI	noun	5	aMhati	noun	3
aMhati	aMhatI	noun	5	aMh	verb	1
aMhati	aMhatI	noun	5	aMh	noun	2
aNgin	aNgi	noun	6	aNg	noun	2
aNguri	aNgurI	noun	5	aNguri	noun	3
aNgya	aNgi	noun	6	aYj	noun	4
aNgya	aNgi	noun	6	aNg	noun	2
aNkta	aYc	noun	6	aYj	verb	1
aPalAm	aPalA	noun	2	aPala	noun	2
aSAsyam	aSAsya	noun	3	SE	verb	1
aSAsyam	aSAsya	noun	3	So	verb	1
aSAt	aS	noun	8	SAs	verb	2
aSAt	aS	noun	8	So	verb	1
aSaninAm	aSanin	noun	2	aSanI	noun	1
aSezata	aSezatA	noun	3	Si	verb	2
aSezata	aSezatA	noun	3	Siz	verb	2
aSizyanta	Siz	verb	3	SAs	verb	1
aSloRas	SloR	verb	1	aSloRa	noun	1
aSrAta	SrA	verb	2	aSrAta	noun	2
aSrAtam	aSrAta	noun	3	SrA	verb	2
aSrameRa	aSrama	noun	2	aSrameRa	ind	1
aSrute	aSruta	noun	18	aSrutA	noun	14
aSrute	aSruta	noun	18	aSruti	noun	2
aSvArohAn	aSvAroha	noun	1	aSvArohA	noun	1
aSvAroha	aSvArohA	noun	3	aSvAroha	noun	2
aSvadA	aSvadA	noun	2	aSvada	noun	1
aSvada	aSvada	noun	2	aSvadA	noun	1
aSvahfdaya	aSvahfdayA	noun	3	aSvahfdaya	noun	2
aSvika	aSvikA	noun	3	aSvika	noun	2
aTarvANgirasA	aTarvANgiras	noun	3	aTarvANgirasa	noun	3
aYcitAByAm	aYci	noun	36	aYc	noun	27
aYjalika	aYjalikA	noun	3	aYjalika	noun	2
aYjayantIm	aYji	noun	2	aYj	noun	1
abudDipUrvam	abudDipUrva	noun	3	abudDipUrvam	ind	1
acA	aYc	noun	15	ac	noun	4
acalas	cal	verb	3	acala	noun	2
acetam	ac	verb	1	cit	verb	1
acetas	acetas	noun	5	cit	verb	1
acikIrzat	cikIrza	verb	2	cikarIza	verb	1
aciket	kit	verb	2	ki	verb	1
acitre	acitra	noun	18	ac	noun	2
adAri	dAri	verb	4	dF	verb	2
adAri	dAri	verb	4	df	verb	2
adButopama	adButopamA	noun	3	adButopama	noun	2
adabDAsu	adabDAsu	noun	3	adabDa	noun	1
adattA	adattA	noun	3	adatta	noun	2
adevam	adeva	noun	6	div	verb	2
aditsanta	ditsi	verb	4	ditsa	verb	2
aditsat	aditsat	noun	7	ditsi	verb	4
aditsat	aditsat	noun	7	ditsa	verb	3
adravas	dru	verb	1	adrava	noun	1
advezas	adveza	noun	1	advezas	ind	1
adyApi	dyApi	verb	1	adyApi	ind	1
ag	aYc	noun	9	ak	noun	7
ag	aYc	noun	9	ag	noun	7
ag	aYc	noun	9	ac	noun	7
ag	aYc	noun	9	aj	noun	7
ag	aYc	noun	9	Aki	noun	7
ag	aYc	noun	9	Agi	noun	7
ag	aYc	noun	9	aYj	noun	3
agadas	agada	noun	2	gad	verb	1
agastyA	agastI	noun	3	agasti	noun	1
agastyA	agastI	noun	3	agastya	noun	1
agatAsu	agatAsu	noun	3	agata	noun	2
agniSAlA	agniSAlA	noun	3	agniSAla	noun	1
agniSAla	agniSAlA	noun	3	agniSAla	noun	2
agniSiKAm	agniSiKa	noun	3	agniSiKA	noun	2
agnijA	agnijA	noun	3	agnija	noun	2
agnijihva	agnijihvA	noun	3	agnijihva	noun	2
agnijvAla	agnijvAlA	noun	3	agnijvAla	noun	2
agnitapas	agnitap	noun	12	agnitapas	noun	5
agrega	agrega	noun	2	agregA	noun	1
agru	agrU	noun	5	agru	noun	3
agu	agu	noun	6	ago	noun	3
aharzam	aharza	noun	3	hfz	verb	1
ahatAm	ahata	noun	2	han	verb	1
ahiMsra	ahiMsra	noun	4	ahiMsrA	noun	3
ahimAyAm	ahima	noun	1	ahimAya	noun	1
ahimAya	ahima	noun	2	ahimAya	noun	2
ajAnaye	ajAni	noun	2	jAni	verb	1
ajaka	ajakA	noun	3	ajaka	noun	2
ajanI	ajani	noun	6	aj	noun	1
ajapa	ajapA	noun	3	ajapa	noun	2
ajyamAna	aj	noun	2	aYj	noun	2
ak	aYc	noun	15	ak	noun	7
ak	aYc	noun	15	ag	noun	7
ak	aYc	noun	15	ac	noun	7
ak	aYc	noun	15	aj	noun	7
ak	aYc	noun	15	Aki	noun	7
ak	aYc	noun	15	Agi	noun	7
ak	aYc	noun	15	aYj	noun	3
akarizyat	akarizyat	noun	7	kF	verb	3
akarizyat	akarizyat	noun	7	kf	verb	2
akfzata	kf	verb	2	kfz	verb	2
akrAnta	akrAntA	noun	3	akrAnta	noun	2
akriyARAm	akriya	noun	3	akriyA	noun	2
akriyAyAm	akriyA	noun	2	akriya	noun	1
akruDyad	akruDyat	noun	7	kruD	verb	1
aktos	aktu	noun	4	aktA	noun	2
aktos	aktu	noun	4	aktos	ind	1
akzatAByAm	akzata	noun	36	akzatA	noun	6
akzati	akz	noun	2	akz	verb	1
akzavatI	akzavatI	noun	8	akzavat	noun	4
alpakAya	alpaka	noun	4	alpakAya	noun	2
amantryata	mantr	verb	1	mantri	verb	1
amatam	amata	noun	6	am	verb	1
ameDas	ameDas	noun	5	meD	verb	1
ameDas	ameDas	noun	5	miD	verb	1
amftarasa	amftarasA	noun	3	amftarasa	noun	2
amftasamBava	amftasamBavA	noun	3	amftasamBava	noun	2
amukta	amukta	noun	4	muc	verb	1
anAdizwa	nad	verb	2	anAdizwa	noun	2
anAdyanta	anAdyanta	noun	4	nAdi	verb	2
anAdyanta	anAdyanta	noun	4	nad	verb	1
anAga	anAgA	noun	3	anAga	noun	2
anAgas	anAgas	noun	5	anAga	noun	1
anAnata	anAnata	noun	4	nAnay	verb	1
anAnatam	anAnata	noun	6	nAnay	verb	1
anAsTa	anAsTA	noun	3	anAsTa	noun	2
anAtmavat	anAtmavat	noun	3	anAtmavat	ind	1
anUhya	anUhya	noun	2	anuvah	ind	1
anUne	anUnA	noun	14	anUna	noun	9
anaSva	anaSva	noun	4	anaSvan	noun	3
anapatrapa	anapatrapA	noun	3	anapatrapa	noun	2
anarva	anarvan	noun	3	anarva	noun	2
anarvaRAm	anarvan	noun	2	anarvaRa	noun	2
anasUya	anasUyA	noun	3	anasUya	noun	2
anda	and	noun	6	andi	noun	4
anda	and	noun	6	and	verb	1
anenas	anenas	noun	5	anena	noun	1
anicCa	anicCA	noun	3	anicCa	noun	2
animezam	animeza	noun	3	animezam	ind	1
anindye	anindya	noun	9	nind	verb	1
anindye	anindya	noun	9	nindi	verb	1
annapUrRA	annapUrRA	noun	3	annapUrRa	noun	1
anuBAvin	anuBU	noun	2	anuBAvi	noun	2
anujAta	anujAta	noun	4	anujAtA	noun	3
anupAdAya	anupAdi	noun	8	anupad	noun	2
anupaTam	anupaTa	noun	6	anupaTam	ind	1
anusaYcaranti	anusaMcar	noun	4	anusaMcar	verb	1
anusamAharat	anusamAhf	noun	3	anusamAhf	verb	1
anusamprAptA	anusaMpraAp	noun	3	anusaMpraAp	verb	2
anusanDAtA	anusaMDA	noun	2	anusaMDA	verb	2
anuveSya	anuviS	noun	2	anuveSi	noun	2
anuveSya	anuviS	noun	2	anuveSi	ind	1
anuviDAvati	anuviDAv	noun	2	anuviDAv	verb	1
anuyojya	anuyuj	noun	2	anuyoji	noun	2
anuyojya	anuyuj	noun	2	anuyoji	ind	1
anvAsAn	anvAsi	noun	6	anvas	noun	2
anvAyam	anvAi	noun	9	anvi	verb	1
anvAyam	anvAi	noun	9	anvAi	verb	1
anvavekzita	anvavaIkz	noun	2	anvavaIkzi	noun	2
anvaveta	anvavai	noun	2	anvavai	verb	1
anvezyati	anvi	noun	3	anvi	verb	1
apAcakAra	apaAkf	verb	2	apaAkF	verb	2
apAcya	apAcya	noun	2	apaaYc	ind	2
apAnaka	apaan	noun	8	apaAni	noun	8
apAtayam	pAti	verb	1	pata	verb	1
apAtayam	pAti	verb	1	pati	verb	1
apAvinak	apavic	verb	2	apavij	verb	2
apAyata	pE	verb	2	apaAyam	noun	2
apAyata	pE	verb	2	pA	verb	1
apAyata	pE	verb	2	apaay	verb	1
apAyata	pE	verb	2	apaAyam	verb	1
apAyin	apai	noun	2	apaay	noun	2
apAyin	apai	noun	2	apaAyi	noun	2
apUrayata	pUri	verb	4	pUr	verb	2
apaDamanti	apaDmA	noun	4	apaDmA	verb	1
apacArin	apacar	noun	2	apacAri	noun	2
apadasyanti	apadas	noun	4	apadas	verb	1
apadeSya	apadiS	noun	2	apadeSi	noun	2
apadeSya	apadiS	noun	2	apadeSi	ind	1
apadi	apad	noun	3	padi	verb	2
apadyanta	pad	verb	2	padi	verb	2
apahAraka	apahAri	noun	4	apahf	noun	2
apahArin	apahf	noun	2	apahAri	noun	2
apahAsyam	apahas	noun	3	apahAsi	noun	3
apakAri	apakAri	noun	9	apaskAri	noun	9
apakAri	apakAri	noun	9	apakf	noun	3
apakAri	apakAri	noun	9	apaskF	noun	3
apakArin	apakf	noun	2	apaskF	noun	2
apakArin	apakf	noun	2	apakAri	noun	2
apakArin	apakf	noun	2	apaskAri	noun	2
apamfzwa	apamfj	noun	2	apamfj	verb	1
apanud	apanud	noun	14	apanu	noun	7
aparADin	aparAD	noun	2	aparADi	noun	2
aparADita	aparADitA	noun	3	aparADi	noun	2
aparvan	aparvan	noun	4	parv	verb	1
apasTAtA	apasTA	verb	2	apasTA	noun	1
apasarati	apasf	noun	2	apasf	verb	1
apaseDanti	apasiD	noun	8	apasiD	verb	2
apasya	apasyA	noun	3	apasya	noun	2
apatrap	apatrap	noun	7	apatrApi	noun	7
apavyayate	apavye	noun	2	apavye	verb	1
apekzaka	apaIkz	noun	4	apaIkzi	noun	4
apfRan	pF	verb	1	pfR	verb	1
apivfYjanti	apivfj	noun	3	apivfj	verb	1
aprApte	aprApta	noun	9	aprApti	noun	2
aprajas	aprajas	noun	5	apraja	noun	1
apratizWa	apratizWa	noun	4	apratizWA	noun	3
apriyARAm	apriya	noun	6	apriyA	noun	2
apsAm	apsA	noun	4	psA	verb	1
apyUhe	apyUh	noun	51	apyUhi	noun	39
apyUhe	apyUh	noun	51	apivah	verb	4
apyUhe	apyUh	noun	51	apivah	noun	3
apyUhe	apyUh	noun	51	apyUh	verb	1
arAjan	arAjan	noun	2	rAj	verb	1
arDin	fD	noun	4	arDi	noun	4
araNkfti	araMkft	noun	3	araMkfti	noun	3
araTi	araTI	noun	5	araTin	noun	3
aranDayas	ranDi	verb	2	ranD	verb	1
arapas	arapas	noun	5	rap	verb	1
arapas	arapas	noun	5	arapa	noun	1
araqa	araqA	noun	3	araqa	noun	2
arcatas	arcat	noun	12	arc	verb	2
arcatas	arcat	noun	12	arc	noun	10
arcayantas	arci	noun	6	arc	noun	2
arcin	arci	noun	6	arc	noun	4
arcin	arci	noun	6	fc	noun	2
arcyantAm	arci	verb	3	arc	verb	2
ard	ard	noun	14	ardi	noun	14
ard	ard	noun	14	arDi	noun	14
ard	ard	noun	14	arTi	noun	14
ard	ard	noun	14	ftIyi	noun	7
ardayatAm	ardi	noun	4	ardi	verb	4
ardayatAm	ardi	noun	4	ard	noun	2
ardayatAm	ardi	noun	4	ard	verb	2
ardyamAna	ard	noun	4	ardi	noun	4
arepas	arepas	noun	5	arepa	noun	1
arihA	ariha	noun	1	arihan	noun	1
arihan	arihan	noun	2	rih	verb	1
arizwAByAm	arizwa	noun	27	arizwA	noun	6
artA	ftIyi	noun	5	f	noun	4
artA	ftIyi	noun	5	f	verb	4
artA	ftIyi	noun	5	ftIya	noun	2
artizye	ftIya	verb	1	ftIyi	verb	1
aruRI	aruRI	noun	8	aruRi	noun	6
aruRI	aruRI	noun	8	aru	noun	3
arvatI	arvatI	noun	8	arvat	noun	4
arzAd	fz	noun	4	arzi	noun	4
arzaRI	arzaRI	noun	8	arzaRin	noun	1
arzaRI	arzaRI	noun	8	fz	noun	1
arzaRI	arzaRI	noun	8	arzi	noun	1
asAd	as	noun	8	so	verb	1
asahyam	asahya	noun	3	sah	verb	1
asaktam	asakta	noun	3	asaktam	ind	1
asamagram	asamagra	noun	3	asamagram	ind	1
asambADAn	asaMbADa	noun	2	asaMbADA	noun	1
asambADa	asaMbADa	noun	4	asaMbADA	noun	3
asinva	asinva	noun	2	si	verb	1
asizAsan	sizAsi	verb	2	sizAsa	verb	2
asizAsan	sizAsi	verb	2	sisanizi	verb	2
asizAsan	sizAsi	verb	2	sisaniza	verb	2
asozwa	sU	verb	2	su	verb	1
aspfha	aspfhA	noun	3	aspfha	noun	2
aspfzwe	aspfzwa	noun	9	aspfzwi	noun	2
asuta	asuta	noun	2	su	verb	1
asutfpA	asutfp	noun	3	asutfpa	noun	1
asvapat	asvapat	noun	7	svap	verb	1
asyat	as	noun	3	so	verb	1
asyata	as	verb	1	so	verb	1
atadarham	atadarha	noun	3	atadarham	ind	1
atamas	atamas	noun	5	tam	verb	1
atana	atana	noun	4	at	noun	2
atasas	atasa	noun	2	tas	verb	1
atejas	atejas	noun	10	tej	verb	1
atfpam	atfpa	noun	3	tfp	verb	2
atiBA	atiBA	noun	22	atiBAvi	noun	12
atiDAvata	atisf	verb	1	atiDAv	verb	1
atiTinI	atiTin	noun	8	atiTi	noun	3
atibale	atibala	noun	18	atibalA	noun	14
atibruvanti	atibrU	noun	3	atibrU	verb	1
aticCandas	aticCandas	noun	15	aticCanda	noun	1
atidIvya	atidiv	ind	1	atidiv	verb	1
atigacCati	atigam	noun	2	atigam	verb	1
atihitam	atihi	noun	5	atiDA	noun	3
atijIva	atijIv	noun	8	atijIvi	noun	8
atijIva	atijIv	noun	8	atijIv	verb	1
atijana	atijan	noun	8	atijAni	noun	8
atikAlya	atikAli	noun	4	atikAli	ind	2
atikopa	atikopi	noun	8	atikup	noun	6
atikopana	atikup	noun	2	atikopi	noun	2
atimAnin	atiman	noun	2	atimAni	noun	2
atimAnitA	atimAnitA	noun	3	atimAni	verb	2
atimAnitA	atimAnitA	noun	3	atimAni	noun	1
atimAnya	atiman	noun	2	atimAni	noun	2
atimAnya	atiman	noun	2	atimAni	ind	1
atipAtin	atipat	noun	2	atipAti	noun	2
atipaSya	atidfS	noun	2	atidfS	verb	1
atipaSyati	atidfS	noun	2	atidfS	verb	1
atipat	atipad	noun	7	atipat	noun	7
atirAga	atirAj	noun	4	atirAji	noun	2
atirucira	atirucirA	noun	3	atirucira	noun	2
atisanDAya	atisaMDA	noun	8	atisaMDA	ind	1
atisfjya	atisfj	noun	4	atisfj	ind	2
atitAryA	atitF	noun	1	atitAri	noun	1
atitIvra	atitIvrA	noun	3	atitIvra	noun	2
atitarARi	atitF	noun	12	atitF	verb	1
atitfzRA	atitfzRA	noun	3	atitfzRa	noun	1
atitvarayA	atitvAri	noun	4	atitvar	noun	3
atitvareRa	atitvAri	noun	8	atitvar	noun	6
ativAdin	ativad	noun	2	ativAdi	noun	2
ativarte	ativarti	noun	43	ativft	noun	27
ativarte	ativarti	noun	43	ativft	verb	1
ativiza	ativizA	noun	3	ativiza	noun	2
atiyaSas	atiyaSas	noun	5	atiyaSa	noun	1
atizWAya	atizWA	noun	9	atizWA	ind	1
atrApi	trApi	verb	2	trap	verb	1
atrI	atri	noun	6	atrin	noun	1
atvarA	atvarA	noun	3	atvara	noun	1
atyAsAdya	atyAsad	noun	4	atyAsAdi	noun	4
atyAsAdya	atyAsad	noun	4	atyAsAdi	ind	2
avAca	avaAci	noun	8	avaAcapi	noun	8
avAdya	avaad	noun	2	avaAdi	noun	2
avAdya	avaad	noun	2	avaAdi	ind	1
avAp	avaAp	noun	7	avaApi	noun	7
avAsAm	avaas	noun	7	avaAsi	noun	7
avAsAm	avaas	noun	7	avaso	verb	1
avAsyA	avaas	noun	1	avaAsi	noun	1
avIvfDaDvam	varDi	verb	2	vfD	verb	1
avIvftan	varti	verb	3	vft	verb	1
avaDit	avaDitsi	noun	7	avaDitsa	noun	7
avaDyAnAm	avaDya	noun	3	avaDyAna	noun	1
avaDyam	avaDya	noun	3	avaDA	noun	2
avaSas	avaSas	noun	12	avaSa	noun	1
avaboDaka	avabuD	noun	12	avaboDi	noun	12
avaca	avaci	noun	8	avacapi	noun	8
avacam	avaci	noun	5	avacapi	noun	5
avacam	avaci	noun	5	vac	verb	2
avagamyam	avagAmi	noun	6	avagam	noun	3
avagfhRatAm	avagrah	noun	2	avagrah	verb	1
avahArya	avahf	noun	2	avahAri	noun	2
avahArya	avahf	noun	2	avahAri	ind	1
avahAsya	avahA	noun	4	avahas	noun	2
avahAsya	avahA	noun	4	avahAsi	noun	2
avahAsya	avahA	noun	4	avahAsi	ind	1
avahas	avahas	noun	7	vah	verb	1
avahas	avahas	noun	7	avahA	noun	1
avahata	vah	verb	2	avahan	noun	2
avahata	vah	verb	2	avahan	verb	1
avakIlana	avakIl	noun	2	avakIli	noun	2
avakzAma	avakzAma	noun	2	vakz	verb	1
avakzodana	avakzud	noun	2	avakzodi	noun	2
avalambin	avalamb	noun	2	avalambi	noun	2
avalok	avaloc	noun	7	avalok	noun	7
avalok	avaloc	noun	7	avaloki	noun	7
avalok	avaloc	noun	7	avaloci	noun	7
avalokaka	avalok	noun	4	avaloki	noun	4
avalokin	avalok	noun	2	avaloki	noun	2
avamAnin	avamAni	noun	6	avaman	noun	4
avamAnin	avamAni	noun	6	avamAn	noun	2
avamAnya	avamAni	noun	6	avaman	noun	4
avamAnya	avamAni	noun	6	avamAn	noun	4
avamAnya	avamAni	noun	6	avamAni	ind	4
avamAnya	avamAni	noun	6	avamAn	ind	2
avamardin	avamfd	noun	2	avamardi	noun	2
avamata	avaman	noun	4	vam	verb	1
avamehanti	avamih	noun	4	avamih	verb	1
avarti	vft	verb	3	varti	verb	3
avarti	vft	verb	3	avarti	noun	3
avarti	vft	verb	3	avartin	noun	3
avasAdin	avasad	noun	4	avasAdi	noun	4
avasTa	avasTA	noun	5	avasTa	noun	2
avasyatam	vas	verb	1	avaso	verb	1
avat	avaday	noun	7	av	noun	3
avatan	avataMs	noun	7	avatAmi	noun	7
avatan	avataMs	noun	7	avataMsi	noun	7
avaya	avaI	noun	6	avayA	noun	2
avekzita	avaIkz	noun	2	avaIkzi	noun	2
avfzi	vf	verb	7	varzi	verb	3
aviDyetAm	viD	verb	1	vyaD	verb	1
aviGna	aviGna	noun	4	aviGnA	noun	3
avikriya	avikriyA	noun	3	avikriya	noun	2
avinItAnAm	avinIta	noun	3	avinItA	noun	2
avinIta	avinItA	noun	3	avinIta	noun	2
avisaMvAditA	avisaMvAditA	noun	3	avisaMvAdita	noun	1
avitaTam	avitaTa	noun	6	avitaTam	ind	1
avitaTena	avitaTa	noun	4	avitaTena	ind	1
avivenam	veni	verb	1	avivenam	ind	1
avyaTi	avyaTi	noun	6	avyaTin	noun	3
avyaTi	avyaTi	noun	6	vyATi	verb	1
avyavasTa	avyavasTA	noun	3	avyavasTa	noun	2
ayAta	ayAta	noun	2	yA	verb	1
ayoDya	ayoDyA	noun	3	ayoDya	noun	2
ayoDyayA	ayoDyA	noun	2	ayoDya	noun	1
ayojayatAm	yoji	verb	3	yuj	verb	1
ayos	a	noun	6	A	noun	6
ayos	a	noun	6	e	noun	4
ayos	a	noun	6	eman	noun	2
ayos	a	noun	6	oman	noun	2
azAQa	azAQa	noun	4	azAQA	noun	3
b	pay	noun	7	Bas	noun	3
b	pay	noun	7	BAsi	noun	3
bADyamAna	bADi	noun	6	bAD	noun	2
bARin	baR	noun	2	bARi	noun	2
bAhubale	bAhubala	noun	18	bAhubali	noun	2
bIjavat	bIjavat	noun	3	bIjavat	ind	1
baBrARa	Bf	noun	4	BraR	verb	2
baBri	baBri	noun	12	baBr	noun	9
baDvA	baDU	noun	2	baDva	noun	1
baRa	baR	noun	4	baR	verb	1
baRqA	baRqA	noun	3	baRqa	noun	1
bad	basti	noun	14	bad	noun	7
bahvapatya	bahvapatya	noun	4	bahvapatyA	noun	3
balada	baladA	noun	4	balada	noun	2
banDuvat	banDuvat	noun	3	banDuvat	ind	1
bfhadBAsa	bfhadBAsA	noun	3	bfhadBAsa	noun	2
bfhaddiva	bfhaddiva	noun	4	bfhaddivA	noun	3
bfhatPala	bfhatPala	noun	4	bfhatPalA	noun	3
bfhatkAya	bfhatka	noun	4	bfhatkAya	noun	2
bfhatsena	bfhatsenA	noun	3	bfhatsena	noun	2
biBid	biBitsa	noun	7	biBitsi	noun	7
brahmaRvatI	brahmaRvatI	noun	8	brahmaRvat	noun	4
brahmajAyAm	brahmaja	noun	2	brahmajAyA	noun	2
brahmakfte	brahmakfta	noun	9	brahmakft	noun	3
brahmakfte	brahmakfta	noun	9	brahmakfti	noun	2
brahmakfti	brahmakft	noun	3	brahmakfti	noun	3
brahmasuta	brahmasutA	noun	3	brahmasuta	noun	2
brahmavedI	brahmavedi	noun	6	brahmavedin	noun	1
brahmodya	brahmodya	noun	4	brahmodyA	noun	3
buButsu	buButsa	noun	6	buButsi	noun	3
budDikftam	budDikfta	noun	3	budDikft	noun	2
budDipUrvam	budDipUrva	noun	3	budDipUrvam	ind	1
cAcCA	cAcCA	noun	15	cAcCAya	noun	9
cAdAd	cAdi	noun	4	cad	noun	2
cAham	cAhi	noun	8	cah	noun	3
cAmI	cam	noun	6	cAmi	noun	4
cAnyAn	can	noun	6	cAni	noun	2
cAnyAni	can	noun	9	cAni	noun	3
cAnye	can	noun	27	cAni	noun	9
cAnye	can	noun	27	can	verb	1
cAnye	can	noun	27	cAni	verb	1
cAnyena	can	noun	6	cAni	noun	2
cAruhAsini	cAruhAsinI	noun	5	cAruhAsin	noun	4
cArulocanA	cArulocanA	noun	3	cArulocana	noun	2
cArulocana	cArulocana	noun	4	cArulocanA	noun	3
cArulocane	cArulocana	noun	18	cArulocanA	noun	14
cArunetre	cArunetra	noun	18	cArunetrA	noun	14
cAyA	cAy	noun	6	cAyi	noun	6
cAyA	cAy	noun	6	ci	noun	3
cAyA	cAy	noun	6	cApi	noun	2
cAyA	cAy	noun	6	cay	noun	1
cAyam	cAyi	noun	18	ci	noun	9
cAyam	cAyi	noun	18	cAy	noun	9
cAyam	cAyi	noun	18	cApi	noun	6
cAyam	cAyi	noun	18	cay	noun	3
cUla	cUlA	noun	3	cUla	noun	2
caNkramyamARa	caMkramya	noun	6	caMkram	noun	2
caRqAlA	caRqAlA	noun	3	caRqAla	noun	1
cak	cak	noun	14	cakki	noun	14
cak	cak	noun	14	cAki	noun	7
cak	cak	noun	14	caYc	noun	3
cakAsa	cakAs	noun	6	cakAsi	noun	4
cakAsa	cakAs	noun	6	kas	verb	2
cakitacakitam	cakitacakita	noun	3	cakitacakitam	ind	1
cakrANga	cakrANga	noun	4	cakrANgA	noun	3
cakrabanDam	cakrabanDa	noun	3	cakrabanDam	ind	1
cakravat	cakravat	noun	9	cakravat	ind	1
cakzARa	cakz	noun	4	kzE	noun	2
cakzARa	cakz	noun	4	kzaR	verb	2
cal	cal	noun	21	cAli	noun	7
canA	cAni	noun	5	can	noun	4
candraBa	candraBA	noun	3	candraBa	noun	2
candrodaye	candrodayA	noun	14	candrodaya	noun	9
capewA	capewA	noun	3	capewa	noun	1
car	car	noun	7	carv	noun	7
car	car	noun	7	carvi	noun	7
carmaRvatIm	carmaRvat	noun	2	carmaRvatI	noun	2
carmaRvati	carmaRvat	noun	6	carmaRvatI	noun	5
carmavat	carmavat	noun	6	carmavat	ind	1
caturantA	caturantA	noun	3	caturanta	noun	1
caturanta	caturantA	noun	3	caturanta	noun	2
cekit	cekit	noun	7	cekitya	noun	7
cekita	cekitya	noun	6	ceki	verb	1
cetam	ceti	noun	24	cit	noun	6
cicCid	cicCitsi	noun	7	cicCitsa	noun	7
cikIrzamARa	cikIrza	noun	8	cikarIza	noun	4
cikIrzeya	cikIrza	verb	2	cikarIza	verb	1
cikIrzu	cikIrza	noun	12	cikIrzi	noun	6
cikIrzu	cikIrza	noun	12	cikarIza	noun	6
cikIrzu	cikIrza	noun	12	cikarIzi	noun	3
cintayamAna	cint	noun	4	cinti	noun	4
cintayantIm	cint	noun	1	cinti	noun	1
cintyamAnasya	cint	noun	2	cinti	noun	2
cintyamAne	cint	noun	9	cinti	noun	9
cinvatAm	ci	noun	2	ci	verb	1
cirakAlAt	cirakAla	noun	2	cirakAlAt	ind	1
citrapada	citrapada	noun	4	citrapadA	noun	3
citrayAma	citri	verb	2	citrayAma	noun	2
cukopayizu	cukopayiza	noun	6	cukupiza	noun	3
dASAnAm	dAS	noun	24	dASi	noun	12
dASvas	dASvas	noun	5	dASva	noun	1
dAraRI	dAraRI	noun	8	dAri	noun	3
dAsyat	dA	noun	9	do	noun	3
dAsyat	dA	noun	9	dE	noun	3
dAtavya	dA	noun	6	do	noun	2
dAtavya	dA	noun	6	dE	noun	2
dAtavya	dA	noun	6	de	noun	2
dAtavya	dA	noun	6	dI	noun	2
dAyin	dA	noun	6	do	noun	2
dAyin	dA	noun	6	dE	noun	2
dAyin	dA	noun	6	de	noun	2
dAyin	dA	noun	6	dI	noun	2
dAyin	dA	noun	6	day	noun	2
dAyin	dA	noun	6	dAyi	noun	2
dIp	dIp	noun	7	dIpi	noun	7
dIpyamAnAm	dIp	noun	3	dIpi	noun	1
dIrGajihva	dIrGajihva	noun	4	dIrGajihvA	noun	3
dIvyat	dIvyat	noun	7	div	noun	3
dUr	dUrv	noun	7	dUrvi	noun	7
dUrapAra	dUrapAra	noun	4	dUrapArA	noun	3
daDATa	De	verb	1	DA	verb	1
daDfza	Dfz	verb	2	daDfza	noun	2
daSajyotis	daSajyotis	noun	9	daSajyoti	noun	2
dadATa	dA	verb	3	do	verb	1
dadATa	dA	verb	3	dE	verb	1
dadAnA	dA	noun	5	do	noun	1
dadAnA	dA	noun	5	dE	noun	1
dadrARa	df	noun	4	drA	noun	2
dadrARa	df	noun	4	drE	noun	2
dadruzI	df	noun	8	drA	noun	4
dadruzI	df	noun	8	drE	noun	4
daduzAm	dA	noun	6	do	noun	2
daduzAm	dA	noun	6	dE	noun	2
dakzi	dakzi	noun	21	dakz	noun	18
dalaka	dal	noun	4	dAli	noun	4
damayantyAm	damayantI	noun	2	dAmi	noun	1
dandramyamARa	daMdramya	noun	6	daMdram	noun	2
darSanArTam	darSanArTa	noun	3	darSanArTam	ind	1
darSayizyanti	darSi	noun	4	darSi	verb	1
darSinI	dfS	noun	4	darSi	noun	4
daryAm	dari	noun	3	darI	noun	2
daryAm	dari	noun	3	dAri	noun	1
davIyas	davIyas	noun	5	davIyas	ind	1
dayatAm	de	verb	1	day	verb	1
dedIpyamAna	dedIpya	noun	6	dedIp	noun	2
dehaka	dih	noun	4	dehi	noun	4
dekzyanti	diS	noun	4	diS	verb	1
deti	devi	noun	24	div	noun	12
devajA	devajA	noun	2	devaja	noun	2
devaja	devaja	noun	4	devajA	noun	1
devamAyA	devamAyA	noun	3	devamAya	noun	1
devamAyayA	devamAyA	noun	2	devamAya	noun	1
devanirmita	devanirmitA	noun	3	devanirmita	noun	2
devapurA	devapur	noun	3	devapurA	noun	3
devapurA	devapur	noun	3	devapura	noun	1
devapura	devapurA	noun	3	devapura	noun	2
devarakzita	devarakzitA	noun	3	devarakzita	noun	2
devarzIRAm	devafzi	noun	3	devarzi	noun	3
devarziRA	devafzi	noun	2	devarzi	noun	2
devasfzwA	devasfzwA	noun	3	devasfzwa	noun	1
devasfzwa	devasfzwA	noun	3	devasfzwa	noun	2
devasva	devasva	noun	2	dev	verb	1
devavat	devavat	noun	6	devavat	ind	1
devayajyayA	devayajyA	noun	2	devayajya	noun	1
devayantI	devi	noun	16	div	noun	4
devayat	devi	noun	12	div	noun	3
devikAyAm	devikA	noun	2	devika	noun	2
devika	devika	noun	4	devikA	noun	3
devin	devi	noun	8	div	noun	6
devin	devi	noun	8	dev	noun	2
dfQAyus	dfQAyus	noun	9	dfQAyu	noun	2
dfSyAdfSya	dfSyAdfSyA	noun	3	dfSyAdfSya	noun	2
diDakzu	diDakza	noun	6	diDakzi	noun	3
didAs	didAsi	noun	14	didAsa	noun	14
didfkzeya	didfkzeya	noun	2	didfkza	verb	1
ditsita	ditsa	noun	8	ditsi	noun	8
divija	divija	noun	4	divijA	noun	1
dogDrIRAm	dogDrI	noun	2	dogDf	noun	1
dogDrIRAm	dogDrI	noun	2	duh	noun	1
drAhi	drAh	noun	9	drAhi	noun	9
drAhi	drAh	noun	9	drA	verb	1
drAkze	drAkzA	noun	14	drAkza	noun	9
draviRas	draviRas	noun	10	dravi	noun	2
draviRas	draviRas	noun	10	draviRa	noun	2
draviRodA	draviRodA	noun	2	draviRoda	noun	1
draviRodAm	draviRodA	noun	4	draviRoda	noun	1
draviRodas	draviRodas	noun	5	draviRoda	noun	1
draviRodezu	draviRoda	noun	2	draviRodA	noun	1
droRezu	droRa	noun	6	druR	noun	4
droRezu	droRa	noun	6	droRi	noun	4
droRya	druR	noun	2	droRi	noun	2
duHsahAya	duHsaha	noun	4	duHsahAya	noun	2
dunvanti	du	noun	3	du	verb	1
durADarza	durADarza	noun	4	durADarzA	noun	3
durAroha	durAroha	noun	4	durArohA	noun	3
durDarzAm	durDarzA	noun	2	durDarza	noun	2
duras	dur	noun	24	dura	noun	1
duras	dur	noun	24	dUrv	noun	12
duras	dur	noun	24	dUrvi	noun	12
durmara	durmara	noun	4	durmarA	noun	3
durutsaha	durutsah	noun	12	durutsah	verb	1
durvacas	durvacas	noun	10	durvaca	noun	2
duzpUra	duzpUr	noun	20	duzpUri	noun	16
duzpUra	duzpUr	noun	20	duzpUr	verb	1
duzpraDfzya	duzpraDfz	noun	2	duzpraDfz	ind	1
dvara	dvf	noun	4	dvf	verb	1
dvari	dvari	noun	3	dvarin	noun	3
dvidala	dvidala	noun	4	dvidalA	noun	3
dvimAtra	dvimAtrA	noun	3	dvimAtra	noun	2
dyUni	dyu	noun	3	dyU	noun	3
dyam	dA	noun	4	do	noun	2
dyam	dA	noun	4	de	noun	2
dyam	dA	noun	4	dI	noun	2
dyumni	dyumni	noun	3	dyumnin	noun	3
dyumninas	dyumnin	noun	7	dyumni	noun	2
ed	eD	noun	7	Ai	noun	7
ed	eD	noun	7	eDi	noun	7
ed	eD	noun	7	ed	ind	1
ekAhnA	ekAhan	noun	2	ekAhnA	ind	1
ekajawa	ekajawA	noun	3	ekajawa	noun	2
ekapada	ekapada	noun	6	ekapadA	noun	3
ekapadam	ekapada	noun	9	ekapad	noun	4
ekapadam	ekapada	noun	9	ekapadam	ind	1
ekavAsas	ekavAsas	noun	5	ekavAsa	noun	1
ekavIra	ekavIrA	noun	3	ekavIra	noun	2
emA	eman	noun	2	ema	noun	1
eriRam	AIr	noun	1	AIri	noun	1
et	eD	noun	7	Ai	noun	7
et	eD	noun	7	eDi	noun	7
etAyAm	etA	noun	2	eta	noun	1
etAyAm	etA	noun	2	Ai	noun	1
etayos	etad	noun	12	eta	noun	6
etayos	etad	noun	12	etA	noun	4
etayos	etad	noun	12	Ai	noun	6
evayA	eva	noun	2	evayA	noun	2
eyA	i	noun	3	I	noun	1
eyam	i	noun	9	I	noun	3
ezitavya	iz	noun	6	ez	noun	2
fBvas	fBvas	noun	5	fBva	noun	1
fkva	fkvan	noun	3	fkva	noun	2
fkvan	fkvan	noun	2	fkvat	noun	1
ftAvasu	ftAvasu	noun	3	ftAvan	noun	2
ftamBarA	ftaMBarA	noun	3	ftaMBara	noun	2
ftaprajAtA	ftaprajAtA	noun	3	ftaprajAta	noun	1
ftaprajAtAm	ftaprajAtA	noun	2	ftaprajAta	noun	1
ftaprajAta	ftaprajAtA	noun	3	ftaprajAta	noun	2
gADeya	gADeya	noun	2	gAD	verb	1
gAyantIm	gAyantI	noun	2	gE	noun	1
gaNga	gaNgA	noun	3	gaNga	noun	2
gad	gadi	noun	14	gad	noun	7
gad	gadi	noun	14	gam	noun	3
gal	gal	noun	7	galB	noun	7
gal	gal	noun	7	galh	noun	7
gal	gal	noun	7	galhi	noun	7
gal	gal	noun	7	galBi	noun	7
ganDAQya	ganDAQya	noun	6	ganDAQyA	noun	3
ganDAri	ganDArI	noun	5	ganDAri	noun	3
garDin	garDi	noun	6	gfD	noun	2
garhitAyAm	garhi	noun	3	garh	noun	2
garjata	gfj	verb	1	garj	verb	1
gat	gadi	noun	14	gad	noun	7
gat	gadi	noun	14	gam	noun	3
gavyAm	gavya	noun	3	gavI	noun	2
gavyAm	gavya	noun	3	gavyA	noun	2
gavyAm	gavya	noun	3	gu	noun	1
gfDya	gfDyA	noun	3	gfDya	noun	2
gfDya	gfDyA	noun	3	gfD	verb	1
gfDya	gfDyA	noun	3	gfD	noun	2
gfDye	gfDyA	noun	14	gfDya	noun	9
gfDye	gfDyA	noun	14	gfD	verb	1
gfDye	gfDyA	noun	14	gfD	noun	9
gfhyamARam	gfhi	noun	6	gfh	noun	3
gfhyamARam	gfhi	noun	6	grah	noun	3
gohA	goha	noun	1	gohan	noun	1
gojin	guj	noun	4	goji	noun	4
gojitA	gojit	noun	3	guj	verb	2
gojitA	gojit	noun	3	goji	verb	2
gojitA	gojit	noun	3	guj	noun	2
gojitA	gojit	noun	3	goji	noun	2
gonanda	gonandA	noun	3	gonanda	noun	2
gopAyyate	gopAya	verb	1	gopAyi	verb	1
gopyamAna	gopi	noun	4	gup	noun	2
govikartA	govikarta	noun	1	govikarttf	noun	1
gozA	gozA	noun	2	gozan	noun	1
grAmAnte	grAmAnta	noun	9	grAmAnte	ind	1
granTin	granT	noun	6	granTi	noun	6
gu	go	noun	9	gu	noun	6
gu	go	noun	9	gU	noun	5
gurvarTam	gurvarTa	noun	6	gurvarTam	ind	1
hArin	hf	noun	4	hAri	noun	4
hAsin	has	noun	2	hAsi	noun	2
hU	hve	noun	3	hU	ind	1
haMsapada	haMsapada	noun	4	haMsapadA	noun	3
hariBis	hari	noun	6	harin	noun	2
hariBis	hari	noun	6	harI	noun	1
hariman	hariman	noun	3	harimat	noun	1
harimeDas	harimeDas	noun	5	harimeDa	noun	1
haripriya	haripriya	noun	6	haripriyA	noun	3
harzayizyati	harzi	noun	6	harzi	verb	2
havas	havas	noun	5	hava	noun	1
havas	havas	noun	5	hu	noun	3
havas	havas	noun	5	hve	noun	1
havizkftas	havizkft	noun	24	havizkfta	noun	1
havyAsu	havyA	noun	2	havya	noun	2
havyAsu	havyA	noun	2	hu	noun	1
hawwe	hawwa	noun	9	haW	noun	4
hawwe	hawwa	noun	9	haw	noun	4
hayagrIvAn	hayagrIva	noun	1	hayagrIvA	noun	1
hfdayeSa	hfdayeSA	noun	3	hfdayeSa	noun	2
hfdispfSas	hfdispfS	noun	12	hfdispfSa	noun	1
hfdyayA	hfdya	noun	3	hfdyA	noun	2
hfzwavat	hfz	noun	3	hfzwavat	ind	1
hiMsatAm	hiMs	noun	4	hiMs	verb	1
hiMsya	hiMs	noun	6	hiMsi	noun	4
himavatsutA	himavatsutA	noun	3	himavatsuta	noun	1
himavatsuta	himavatsutA	noun	3	himavatsuta	noun	2
hin	hiMs	noun	14	hiMsi	noun	14
hin	hiMs	noun	14	hiRq	noun	7
hin	hiMs	noun	14	hinvi	noun	7
hin	hiMs	noun	14	hiRqi	noun	7
hiraRyadA	hiraRyadA	noun	5	hiraRyada	noun	2
hiraRyada	hiraRyada	noun	4	hiraRyadA	noun	4
hiraRyakeSI	hiraRyakeSI	noun	8	hiraRyakeSin	noun	1
hiraRyakeSyA	hiraRyakeSI	noun	3	hiraRyakeSya	noun	1
hiraRyavarRAn	hiraRyavarRa	noun	1	hiraRyavarRA	noun	1
hiraRyavarRa	hiraRyavarRA	noun	3	hiraRyavarRa	noun	2
hiraRyavarRe	hiraRyavarRA	noun	14	hiraRyavarRa	noun	9
hitAhitAn	hitAhita	noun	2	hitAhitA	noun	1
hitAhita	hitAhita	noun	4	hitAhitA	noun	3
hlIka	hlIkA	noun	3	hlIka	noun	2
hrAdinam	hrAd	noun	1	hrAdi	noun	1
hrAdini	hrAdinI	noun	5	hrAd	noun	4
hrAdini	hrAdinI	noun	5	hrAdi	noun	4
hrepitA	hrepi	noun	1	hrepi	verb	1
indA	ind	noun	9	indi	noun	5
indramArga	indramArgA	noun	3	indramArga	noun	2
indumatIm	indumatI	noun	2	indumat	noun	1
jAbAli	jAbAli	noun	3	jAbAlin	noun	3
jAhasyamAna	jAhasya	noun	6	jAhas	noun	2
jAjvalyamAna	jAjvalya	noun	12	jAjval	noun	4
jAlapadI	jAlapadI	noun	8	jAlapad	noun	3
jAlin	jAli	noun	6	jal	noun	2
jApin	jApi	noun	6	jap	noun	2
jIvASayA	jIvASA	noun	2	jIvASa	noun	1
jIvaTa	jIvaTa	noun	4	jIv	verb	1
jIvala	jIvala	noun	4	jIvalA	noun	3
jIvanIm	jIvanI	noun	2	jIv	noun	1
jIvanIm	jIvanI	noun	2	jIvi	noun	1
jIyatAm	ji	verb	2	jyA	verb	1
jUrRI	jUrRi	noun	18	jUrRI	noun	8
jUrRI	jUrRi	noun	18	jUrRin	noun	1
jUrya	jUr	noun	2	jUri	noun	2
jYapayate	jYApi	noun	4	jYapi	noun	2
jYapayate	jYApi	noun	4	jYApi	verb	2
jYapayate	jYApi	noun	4	jYapi	verb	1
jYatA	jYatA	noun	3	jYata	noun	1
jaNGa	jaNGA	noun	3	jaNGa	noun	2
jaNGanyamAna	jeGnIya	noun	6	jaMhan	noun	2
jaYjati	jaYj	noun	2	jaYj	verb	1
jahita	jahita	noun	2	hA	verb	1
jajYAnas	jan	noun	3	jYA	noun	2
jalASraya	jalASrayA	noun	3	jalASraya	noun	2
jalArdra	jalArdra	noun	4	jalArdrA	noun	3
jalaDArA	jalaDArA	noun	3	jalaDAra	noun	1
jalaDAra	jalaDArA	noun	3	jalaDAra	noun	2
jalanDama	jalaMDamA	noun	3	jalaMDama	noun	2
jalasTa	jalasTA	noun	3	jalasTa	noun	2
jalpanIya	jalp	noun	2	jalpi	noun	2
jalpi	jalpi	noun	12	jalp	noun	9
jamBayAmi	jamBi	verb	2	jamB	verb	1
jami	jAmi	noun	9	jam	noun	3
jan	jamBi	noun	14	jamB	noun	7
jan	jamBi	noun	14	jAni	noun	7
jan	jamBi	noun	14	jaMs	noun	7
jan	jamBi	noun	14	jAmi	noun	7
jan	jamBi	noun	14	jaYj	noun	7
jan	jamBi	noun	14	jaYji	noun	7
jan	jamBi	noun	14	jaMsi	noun	7
jananInAm	janani	noun	3	jananI	noun	2
jananInAm	janani	noun	3	jan	noun	2
jananInAm	janani	noun	3	jAni	noun	1
janitva	janitva	noun	6	janitvA	noun	3
janu	janU	noun	5	janu	noun	3
jap	jaB	noun	14	jap	noun	7
jasu	jasu	noun	3	jA	noun	1
javinam	javina	noun	6	javin	noun	2
jayatsena	jayatsenA	noun	3	jayatsena	noun	2
jihAsita	jihAsi	noun	4	jihAsa	noun	4
jihIrzi	jihIrzi	noun	18	jihIrza	noun	18
jihIrzu	jihIrza	noun	12	jihIrzi	noun	6
jijAsA	jijAsa	noun	9	jijAsi	noun	5
jijYAsyamAna	jijYAsi	noun	2	jijYAsa	noun	2
jijYAsyatAm	jijYAsi	verb	1	jijYAsa	verb	1
jijyAs	jijyAsa	noun	7	jijyAsi	noun	7
jitakASinA	jitakASi	noun	2	jitakASin	noun	2
jraya	jri	noun	8	jri	verb	2
jrayas	jrayas	noun	5	jri	noun	4
jugupsyantAm	jugupsa	verb	2	jugupsya	verb	2
jugupsyantAm	jugupsa	verb	2	jugupsi	verb	1
jugupsyantAm	jugupsa	verb	2	jugopAyiza	verb	1
jugupsyantAm	jugupsa	verb	2	jugopAyizi	verb	1
jval	jval	noun	14	jvAli	noun	14
jyotIraTAm	jyotIraTA	noun	2	jyotIraTa	noun	1
jyotIraTa	jyotIraTA	noun	3	jyotIraTa	noun	2
kANkzin	kANkz	noun	2	kANkzi	noun	2
kANkzyate	kANkz	verb	1	kANkzi	verb	1
kASaya	kASi	verb	3	kASaya	noun	2
kASyAm	kASi	noun	5	kASI	noun	2
kASyAm	kASi	noun	5	kASyA	noun	2
kASyAm	kASi	noun	5	kASya	noun	2
kASyAm	kASi	noun	5	kAS	noun	2
kASyAm	kASi	noun	5	kaS	noun	1
kASyapi	kASyapI	noun	5	kASyapi	noun	3
kASyapi	kASyapI	noun	5	kASyapin	noun	3
kAYcanapraBa	kAYcanapraBa	noun	4	kAYcanapraBA	noun	3
kAlAntareRa	kAlAntara	noun	2	kAlAntareRa	ind	1
kAlaYjara	kAlaYjarA	noun	3	kAlaYjara	noun	2
kAlakrameRa	kAlakrama	noun	2	kAlakrameRa	ind	1
kAlarAtryAm	kAlarAtrI	noun	2	kAlarAtri	noun	1
kAmadA	kAmadA	noun	3	kAmada	noun	2
kAmada	kAmada	noun	4	kAmadA	noun	3
kAmaduGa	kAmaduGA	noun	3	kAmaduGa	noun	2
kAmagAn	kAmaga	noun	2	kAmagA	noun	1
kAmasu	kAmasU	noun	10	kAmA	noun	1
kApoti	kApotI	noun	5	kApoti	noun	3
kAryArTam	kAryArTa	noun	3	kAryArTam	ind	1
kAryavaSAt	kAryavaSa	noun	2	kAryavaSAt	ind	1
kAsya	kAsi	noun	6	kE	noun	4
kAsya	kAsi	noun	6	kas	noun	4
kAsya	kAsi	noun	6	kAs	noun	2
kAzAyavasanA	kAzAyavasanA	noun	3	kAzAyavasana	noun	1
kAzWavat	kAzWavat	noun	3	kAzWavat	ind	1
kIlAlape	kIlAlapa	noun	18	kIlAlapA	noun	6
kaRqinI	kaRq	noun	12	kaRqi	noun	12
kaYcana	kaYc	noun	2	kaYci	noun	2
kaYcya	kaYc	noun	2	kaYci	noun	2
kadalIgarBa	kadalIgarBA	noun	3	kadalIgarBa	noun	2
kalaSyAm	kalaSI	noun	2	kalaSi	noun	1
kalpizyamARa	kfp	noun	8	kalpi	noun	8
kamalAlaya	kamalAlayA	noun	3	kamalAlaya	noun	2
kamalAnAm	kamala	noun	15	kamalA	noun	2
kamalalocanA	kamalalocanA	noun	3	kamalalocana	noun	1
kamalalocana	kamalalocanA	noun	3	kamalalocana	noun	2
kambUn	kambu	noun	1	kambU	noun	1
kanakAyus	kanakAyus	noun	9	kanakAyu	noun	2
kanakapraBa	kanakapraBA	noun	3	kanakapraBa	noun	2
kapIvatI	kapIvatI	noun	8	kapIvat	noun	4
kapilAnAm	kapila	noun	6	kapilA	noun	2
karAlAm	karAla	noun	3	karAlA	noun	2
karRaSravas	karRaSravas	noun	5	karRaSrava	noun	1
karRaprAvaraRa	karRaprAvaraRa	noun	4	karRaprAvaraRA	noun	3
karSin	kfS	noun	2	karSi	noun	2
karamBI	karamBi	noun	6	karamBin	noun	1
karizyantam	kF	noun	3	kf	noun	2
karkari	karkarI	noun	5	karkari	noun	3
katTana	katTanA	noun	3	katTana	noun	2
katTana	katTanA	noun	3	katT	noun	2
katTana	katTanA	noun	3	katTi	noun	2
keyam	ki	noun	3	kE	noun	3
kfRva	kfRv	noun	6	kfRvi	noun	4
kfRvat	kf	noun	3	kfRv	noun	3
kfkalAn	kfkala	noun	1	kfkalA	noun	1
kftABizeka	kftABizeka	noun	4	kftABizekA	noun	3
kftrimAm	kftrimA	noun	2	kftrima	noun	2
kftrimAm	kftrimA	noun	2	kf	noun	1
kftvarI	kftvarI	noun	8	kftvan	noun	1
kftvyA	kftvI	noun	3	kftvya	noun	1
kfzRAyasas	kfzRAyas	noun	12	kfzRAyasa	noun	1
kfzRagarBa	kfzRagarBA	noun	3	kfzRagarBa	noun	2
kfzRapiNgala	kfzRapiNgala	noun	4	kfzRapiNgalA	noun	3
kfzRatArAByAm	kfzRatAra	noun	9	kfzRatArA	noun	6
kfzRavAsas	kfzRavAsas	noun	5	kfzRavAsa	noun	1
kfzRavarRa	kfzRavarRA	noun	3	kfzRavarRa	noun	2
kiNkarARAm	kiMkara	noun	3	kiMkarA	noun	2
kiNkara	kiMkarA	noun	3	kiMkara	noun	2
kinnarARAm	kiMnara	noun	3	kiMnarA	noun	2
kinnarAn	kiMnara	noun	1	kiMnarA	noun	1
kirAtI	kirAtI	noun	8	kirAti	noun	6
klanda	kland	noun	12	klandi	noun	8
klanda	kland	noun	12	kland	verb	1
kopanIya	kup	noun	4	kopi	noun	4
kopayizRu	kopi	noun	6	kup	noun	3
kosalA	kosalA	noun	3	kosala	noun	1
kosalAyAm	kosalA	noun	2	kosala	noun	1
krIq	krIq	noun	7	krIqi	noun	7
krad	kraT	noun	7	krad	noun	7
krad	kraT	noun	7	krAdi	noun	7
kravyAde	kravyAda	noun	18	kravyAdA	noun	14
kravyAde	kravyAda	noun	18	kravyAd	noun	6
kriya	kriyA	noun	3	kriya	noun	2
kroDavaSAn	kroDavaSa	noun	2	kroDavaSA	noun	1
kroDavaSa	kroDavaSa	noun	4	kroDavaSA	noun	3
krozwri	krozwrI	noun	5	krozwu	noun	1
krozwri	krozwrI	noun	5	krozwf	noun	1
krozwri	krozwrI	noun	5	kruS	noun	2
kuDi	kuDI	noun	10	kuDi	noun	3
kuRe	kuRi	noun	46	kuRa	noun	9
kuRe	kuRi	noun	46	kuR	noun	9
kuSacIra	kuSacIrA	noun	3	kuSacIra	noun	2
kuSavatyAm	kuSavatI	noun	2	kuSavat	noun	1
kulakzaya	kulakzayA	noun	3	kulakzaya	noun	2
kulakzaye	kulakzayA	noun	14	kulakzaya	noun	9
kulampuna	kulampunA	noun	3	kulampuna	noun	2
kumBInasi	kumBInasI	noun	5	kumBInasi	noun	3
kurari	kurarI	noun	5	kurarin	noun	3
kvA	kU	noun	5	ku	noun	1
kzAmya	kzAmya	noun	2	kzam	verb	1
kzIyatAm	kzi	verb	3	kzI	verb	1
kzaRamAtram	kzaRamAtra	noun	3	kzaRamAtram	ind	1
kzaRamAtreRa	kzaRamAtra	noun	2	kzaRamAtreRa	ind	1
kzamin	kzam	noun	8	kzAmi	noun	6
kzamyamARa	kzam	noun	8	kzAmi	noun	6
kzap	kzap	noun	7	kzApi	noun	7
kzatraDarma	kzatraDarman	noun	3	kzatraDarma	noun	2
kzatraDarme	kzatraDarma	noun	9	kzatraDarman	noun	4
kzatriyaDarma	kzatriyaDarman	noun	3	kzatriyaDarma	noun	2
kzemavfdDi	kzemavfdDi	noun	3	kzemavfdDin	noun	3
kzip	kzip	noun	21	kzipi	noun	14
kzipA	kzip	noun	11	kzipA	noun	3
kzipA	kzip	noun	11	kzipa	noun	1
kzipA	kzip	noun	11	kzipi	noun	10
kzipaRi	kzipaRi	noun	3	kzipi	noun	2
kzipyamARAm	kzip	noun	3	kzipi	noun	2
kzipyamARa	kzip	noun	6	kzipi	noun	4
kzuDa	kzuDA	noun	3	kzuD	noun	2
lAlapyamAnAn	lAlapya	noun	6	lAlap	noun	2
lAlapyamAna	lAlapya	noun	6	lAlap	noun	2
lAsayanti	lAsi	noun	12	lAsi	verb	3
lUta	lUtA	noun	3	lUta	noun	2
laNkayA	laNkA	noun	2	laNka	noun	1
lamBanIya	laB	noun	2	lamBi	noun	2
lambikAyAm	lambikA	noun	2	lambika	noun	1
lambin	lamb	noun	2	lambi	noun	2
lelihAna	lelihAnA	noun	3	lelihAna	noun	2
lelihAna	lelihAnA	noun	3	lelih	noun	2
lelihyamAna	lelihya	noun	6	lelih	noun	2
lep	lepi	noun	14	lep	noun	7
lilaNGayizu	lilaNGayiza	noun	6	lilaNGiza	noun	3
lip	lip	noun	7	lipsi	noun	7
lip	lip	noun	7	lipsa	noun	7
lohitya	lohityA	noun	3	lohitya	noun	2
lokakAntAm	lokakAntA	noun	2	lokakAnta	noun	1
lokakAnta	lokakAntA	noun	3	lokakAnta	noun	2
lokasAkzikam	lokasAkzika	noun	3	lokasAkzikam	ind	1
lokavat	lokavat	noun	3	lokavat	ind	1
lokaviSrute	lokaviSruta	noun	9	lokaviSruti	noun	2
lole	lola	noun	18	lolA	noun	14
lolup	lolup	noun	14	loluB	noun	14
lolup	lolup	noun	14	lolupya	noun	14
lolup	lolup	noun	14	loluBya	noun	14
loqyamAna	loqi	noun	4	loq	noun	2
loqyamAnam	loqi	noun	6	loq	noun	3
mADyamika	mADyamika	noun	4	mADyamikA	noun	3
mARqUkAyani	mARqUkAyanI	noun	5	mARqUkAyani	noun	3
mAheya	mAheya	noun	4	mAh	verb	1
mAhin	mAhi	noun	4	mAh	noun	2
mAhin	mAhi	noun	4	mah	noun	2
mAhita	mAhi	noun	4	mAh	noun	2
mAlavyAm	mAlavI	noun	2	mAlavya	noun	2
mAlike	mAlikA	noun	14	mAlika	noun	9
mAmajitvA	mAmaj	ind	1	mAmajya	ind	1
mAnayAYcakrire	mAni	verb	14	mAn	verb	2
mAnayantI	mAni	noun	12	mAn	noun	4
mAnayat	mAni	noun	9	mAn	noun	3
mAnayitf	mAni	noun	21	mAn	noun	3
mAnyatAm	mAni	verb	7	mAn	verb	1
mArg	mArgi	noun	21	mArji	noun	14
mArg	mArgi	noun	21	mArg	noun	7
mArgita	mArgi	noun	6	mArg	noun	2
mAsya	mA	noun	6	me	noun	4
mAsya	mA	noun	6	mi	noun	4
mAsya	mA	noun	6	mI	noun	4
mAsya	mA	noun	6	mas	noun	2
mAsya	mA	noun	6	mAsi	noun	2
mAtfbanDu	mAtfbanDu	noun	6	mAtfbanDU	noun	5
mAtu	mAtu	noun	3	mA	verb	1
mImAMsita	mImAMsa	noun	4	mImAMsi	noun	2
mImAMsita	mImAMsa	noun	4	mImAMsya	noun	2
mUQas	mUQa	noun	2	muh	noun	1
mUQavat	muh	noun	3	mUQavat	ind	1
mUrRa	mF	noun	2	mUrv	noun	2
mUtrayata	mUtra	verb	1	mUtri	verb	1
maDUlika	maDUlika	noun	4	maDUlikA	noun	3
maDuPala	maDuPalA	noun	3	maDuPala	noun	2
maDukArI	maDukArI	noun	8	maDukArin	noun	1
maDumatta	maDumatta	noun	4	maDumattA	noun	3
maDupratIka	maDupratIkA	noun	3	maDupratIka	noun	2
madAlasAn	madAlasa	noun	1	madAlasA	noun	1
madAlasa	madAlasA	noun	3	madAlasa	noun	2
madAnDa	madAnDA	noun	3	madAnDa	noun	2
madacyutA	madacyut	noun	3	madacyuta	noun	1
madacyutam	madacyuta	noun	3	madacyut	noun	2
madanyA	madanI	noun	3	mad	noun	2
madanyA	madanI	noun	3	mAdi	noun	1
madapawu	madapawu	noun	3	madapawu	ind	1
madarTam	madarTa	noun	3	madarTam	ind	1
madotkawAn	madotkawa	noun	3	madotkawA	noun	1
madotkawa	madotkawa	noun	6	madotkawA	noun	3
madotkawe	madotkawa	noun	27	madotkawA	noun	14
madvacanAt	madvacana	noun	2	madvacanAt	ind	1
mahAGozAm	mahAGoza	noun	3	mahAGozA	noun	2
mahAGoza	mahAGoza	noun	6	mahAGozA	noun	3
mahAPala	mahAPala	noun	6	mahAPalA	noun	3
mahASAKa	mahASAKA	noun	3	mahASAKa	noun	2
mahASalkA	mahASalkA	noun	3	mahASalka	noun	1
mahAbalAnAm	mahAbala	noun	9	mahAbalA	noun	2
mahAbale	mahAbala	noun	27	mahAbalA	noun	14
mahAbale	mahAbala	noun	27	mahAbali	noun	2
mahAcaRqa	mahAcaRqA	noun	3	mahAcaRqa	noun	2
mahAjavAn	mahAjava	noun	2	mahAjavA	noun	1
mahAjava	mahAjava	noun	4	mahAjavA	noun	3
mahAjaya	mahAjaya	noun	4	mahAjayA	noun	3
mahAjvAla	mahAjvAla	noun	4	mahAjvAlA	noun	3
mahAmAyAm	mahAmAyA	noun	2	mahAmAya	noun	2
mahAmaha	mahAmaha	noun	4	mahAmahA	noun	3
mahApraBA	mahApraBA	noun	3	mahApraBa	noun	2
mahApraBAn	mahApraBa	noun	2	mahApraBA	noun	1
mahApraBa	mahApraBa	noun	4	mahApraBA	noun	3
mahApuRya	mahApuRyA	noun	3	mahApuRya	noun	2
mahArUpAm	mahArUpA	noun	2	mahArUpa	noun	2
mahArUpa	mahArUpa	noun	4	mahArUpA	noun	3
mahAsenA	mahAsenA	noun	3	mahAsena	noun	2
mahAskanDa	mahAskanDA	noun	3	mahAskanDa	noun	2
mahAsvanam	mahAsvana	noun	6	mahAsvanam	ind	1
mahAtapas	mahAtapas	noun	10	mahAtapa	noun	1
mahAtejas	mahAtejas	noun	15	mahAteja	noun	1
mahAvIryAn	mahAvIrya	noun	2	mahAvIryA	noun	1
mahAvegAm	mahAvegA	noun	2	mahAvega	noun	2
mahAvegAn	mahAvega	noun	2	mahAvegA	noun	1
mahAvega	mahAvega	noun	4	mahAvegA	noun	3
mahAvideha	mahAvidehA	noun	3	mahAvideha	noun	2
maharzIRAm	maharzi	noun	3	mahafzi	noun	3
maharzIn	maharzi	noun	1	mahafzi	noun	1
maharzaye	maharzi	noun	2	mahafzi	noun	2
maharze	maharzi	noun	2	mahafzi	noun	2
maharzi	maharzi	noun	3	mahafzi	noun	3
maharziRA	maharzi	noun	2	mahafzi	noun	2
maharzim	maharzi	noun	2	mahafzi	noun	2
maharzizu	maharzi	noun	3	mahafzi	noun	3
mahiman	mahiman	noun	3	mahimat	noun	2
mahodaya	mahodaya	noun	4	mahodayA	noun	3
makti	maj	noun	6	mac	noun	6
makti	maj	noun	6	maK	noun	6
makti	maj	noun	6	majj	noun	6
makti	maj	noun	6	mask	noun	6
makti	maj	noun	6	majji	noun	6
makti	maj	noun	6	maski	noun	6
maladAm	maladA	noun	2	malada	noun	1
malada	maladA	noun	3	malada	noun	2
mandi	mand	noun	9	mandi	noun	9
mandin	mand	noun	2	mandi	noun	2
mandinam	mand	noun	1	mandi	noun	1
manmanas	manman	noun	8	manmana	noun	1
manohA	manohA	noun	2	manohan	noun	2
manojavasA	manojavas	noun	3	manojavasa	noun	1
mantrayaDvam	mantr	verb	1	mantri	verb	1
mantrayamARa	mantr	noun	4	mantri	noun	4
mantrayeya	mantr	verb	1	mantri	verb	1
manujAtmajA	manujAtmajA	noun	3	manujAtmaja	noun	1
manuzyaDarma	manuzyaDarman	noun	3	manuzyaDarma	noun	2
mar	marv	noun	7	marvi	noun	7
marizyat	mF	noun	3	mf	noun	3
martyaDarma	martyaDarman	noun	3	martyaDarma	noun	2
maruDanva	maruDanvan	noun	3	maruDanva	noun	2
marutam	marut	noun	6	maruta	noun	3
marzaRIya	mfz	noun	6	marzi	noun	6
marzayetAm	marzi	verb	6	mfz	verb	2
masUra	masUra	noun	4	masUrA	noun	3
matipUrvakam	matipUrvaka	noun	3	matipUrvakam	ind	1
matipUrvam	matipUrva	noun	3	matipUrvam	ind	1
matsyaganDa	matsyaganDa	noun	4	matsyaganDA	noun	3
meDante	meD	verb	1	miD	verb	1
meDate	miD	noun	2	meD	noun	2
meDate	miD	noun	2	meD	verb	1
meDate	miD	noun	2	miD	verb	1
meGamAlA	meGamAlA	noun	3	meGamAla	noun	1
meGaravA	meGaravA	noun	3	meGarava	noun	1
meSa	miS	noun	4	meSi	noun	4
meSa	miS	noun	4	maS	verb	1
meSa	miS	noun	4	miS	verb	1
medatAm	mid	verb	3	mid	noun	2
medatAm	mid	verb	3	med	noun	2
medatAm	mid	verb	3	med	verb	2
mehatAm	mih	noun	2	mih	verb	1
meqi	meqi	noun	12	meq	noun	9
mezya	miz	noun	4	mezi	noun	4
mfdupUrvam	mfdupUrva	noun	3	mfdupUrvam	ind	1
mfgamandA	mfgamandA	noun	3	mfgamanda	noun	1
mfgamandAm	mfgamandA	noun	2	mfgamanda	noun	1
mfq	mfz	noun	21	mfj	noun	14
mfq	mfz	noun	21	mfq	noun	14
mfq	mfz	noun	21	mfS	noun	7
mfq	mfz	noun	21	mfkz	noun	7
mfq	mfz	noun	21	mfkzi	noun	7
mftapa	mftapa	noun	2	mftapA	noun	1
mitaBAziRI	mitaBAziRI	noun	8	mitaBAzin	noun	4
mitraGna	mitraGna	noun	4	mitraGnA	noun	3
mitrakru	mitrakrU	noun	5	mitrakru	noun	3
mitravat	mitravat	noun	6	mitravat	ind	1
mlecCanti	mlecC	noun	4	mlecC	verb	1
modanIya	modi	noun	6	mud	noun	2
mohanIya	muh	noun	2	mohi	noun	2
mok	moci	noun	21	moji	noun	7
mok	moci	noun	21	mohi	noun	7
momuhyamAnAm	momuhya	noun	3	momuh	noun	1
momuhyamAna	momuhya	noun	6	momuh	noun	2
muKyAyAm	muKya	noun	3	muKyA	noun	2
muda	mudA	noun	3	muda	noun	2
muda	mudA	noun	3	mud	noun	2
muhyatAm	muh	noun	2	muh	verb	2
muktAvalI	muktAvalI	noun	8	muktAvali	noun	6
mumUrzURAm	mumUrza	noun	3	mimarIza	noun	3
mumukzan	mokza	noun	2	mumuhiza	noun	2
muralA	muralA	noun	3	murala	noun	1
nADita	nAD	noun	2	nADi	noun	2
nADya	nAD	noun	2	nADi	noun	2
nASakam	nASi	noun	6	naS	noun	3
nAdayat	nAdi	noun	6	nad	noun	3
nAdyAt	nad	noun	6	nAdi	noun	4
nAdyAt	nad	noun	6	nAdi	verb	2
nAdyAt	nad	noun	6	nad	verb	1
nAdya	nad	noun	6	nAdi	noun	4
nAgadantA	nAgadantA	noun	3	nAgadanta	noun	1
nAgarAjam	nAgarAja	noun	3	nAgarAj	noun	2
nAkuli	nAkulI	noun	5	nAkuli	noun	3
nAmAm	nAmi	noun	5	nam	noun	4
nAmas	nAmi	noun	14	nam	noun	13
nAnadyamAna	nAnadya	noun	12	nAnad	noun	4
nAqIkA	nAqIkA	noun	3	nAqIka	noun	2
nAqa	nAqA	noun	3	nAqa	noun	2
nAre	nAri	noun	23	nAra	noun	18
nAsI	nAsi	noun	8	nAs	noun	4
nAsI	nAsi	noun	8	nas	noun	1
nAsti	nAsi	noun	12	nAs	noun	6
nAsti	nAsi	noun	12	nAsti	ind	1
nAti	nAvi	noun	12	nAyi	noun	12
nAtidIrGam	nAtidIrGa	noun	3	nAtidIrGam	ind	1
nAtikfcCrAt	nAtikfcCra	noun	2	nAtikfcCrAt	ind	1
nAtti	nAdi	noun	12	nAT	noun	6
nAtti	nAdi	noun	12	nad	noun	6
nAtti	nAdi	noun	12	nATi	noun	6
nAwakIyA	nAwakIyA	noun	3	nAwakIya	noun	1
nAyinI	nAyi	noun	8	nI	noun	4
nAyinI	nAyi	noun	8	nay	noun	4
nIrajas	nIrajas	noun	10	nIraja	noun	4
naciram	nacira	noun	3	naciram	ind	1
nagari	nagarI	noun	5	nagarin	noun	3
nak	nakki	noun	14	naS	noun	7
nak	nakki	noun	14	naK	noun	7
nak	nakki	noun	14	nak	ind	1
nakzAn	nakz	noun	7	nakzi	noun	4
namovfDA	namovfD	noun	3	namovfDa	noun	1
nandika	nandikA	noun	3	nandika	noun	2
nandinyAm	nandinI	noun	2	nandin	noun	1
nandinyAm	nandinI	noun	2	nand	noun	1
nandinyAm	nandinI	noun	2	nandi	noun	1
narakasTa	narakasTA	noun	3	narakasTa	noun	2
nard	nard	noun	7	narti	noun	7
nard	nard	noun	7	nardi	noun	7
narda	nard	noun	6	nardi	noun	4
narda	nard	noun	6	nard	verb	1
nartakIzu	nartakI	noun	2	nft	noun	1
nasyAm	nasyA	noun	2	nasya	noun	2
natAm	nat	noun	3	nata	noun	2
natAm	nat	noun	3	nam	noun	1
navIyas	navIyas	noun	5	navIya	noun	1
navIyas	navIyas	noun	5	navIyas	ind	1
navatAm	navatA	noun	2	navata	noun	2
navyas	navyas	noun	5	navya	noun	1
navyas	navyas	noun	5	navyas	ind	1
navyas	navyas	noun	5	nu	noun	1
nayamAna	nI	noun	4	nay	noun	4
nayetAm	nI	verb	2	nay	verb	1
nayitA	nay	noun	3	nay	verb	2
nazwarUpa	nazwarUpA	noun	3	nazwarUpa	noun	2
nedam	nedi	noun	16	ned	noun	11
nedam	nedi	noun	16	nid	noun	6
nelayanti	neli	noun	4	neli	verb	1
nelayati	neli	noun	2	neli	verb	1
nenijyAt	nenij	verb	2	nenijya	noun	2
nenijyAt	nenij	verb	2	nij	verb	1
net	nedi	noun	14	ned	noun	7
nfpAtmajA	nfpAtmajA	noun	3	nfpAtmaja	noun	2
nfpAtmajAn	nfpAtmaja	noun	2	nfpAtmajA	noun	1
nfpAtmaja	nfpAtmaja	noun	4	nfpAtmajA	noun	3
nfpAtmaje	nfpAtmaja	noun	18	nfpAtmajA	noun	14
nfpasutA	nfpasutA	noun	3	nfpasuta	noun	1
nfpasuta	nfpasutA	noun	3	nfpasuta	noun	2
nfpasute	nfpasutA	noun	14	nfpasuta	noun	9
nfta	nftA	noun	3	nft	noun	2
niDipA	niDipA	noun	2	niDipa	noun	1
niDipa	niDipa	noun	2	niDipA	noun	1
niSAnte	niSAnta	noun	18	niSam	noun	13
niSAnte	niSAnta	noun	18	niSAmi	noun	8
niSa	niSA	noun	3	niSa	noun	2
niSa	niSA	noun	3	niS	noun	2
niScAyaka	niSci	noun	4	niScApi	noun	4
niScalati	niScal	noun	4	niScal	verb	2
niScezwAnAm	niScezwa	noun	3	niScezwA	noun	2
nibADita	nibAD	noun	2	nibADi	noun	2
niboDAt	niboDi	noun	24	nibuD	noun	18
niboDayati	niboDi	noun	6	niboDi	verb	3
nicaranti	nicar	noun	4	nicar	verb	1
nidAtAram	nido	noun	2	nidA	noun	2
nidAyA	nidA	noun	5	nido	noun	4
nida	nidA	noun	5	nida	noun	2
nida	nidA	noun	5	nid	noun	2
nidaDAva	niDAv	verb	3	niDA	verb	1
nidiDyAs	nidiDyAsi	noun	7	nidiDyAsa	noun	7
nidigDa	nidigDA	noun	3	nidih	verb	2
nidigDa	nidigDA	noun	3	nidih	noun	2
nidita	nid	noun	2	nido	noun	2
nigamyante	nigAmi	verb	4	nigam	verb	1
nihatAm	nihan	noun	1	nihan	verb	1
nikzanti	nikz	noun	4	nikz	verb	1
nikzepya	nikzip	noun	4	nikzepi	noun	4
nikzepya	nikzip	noun	4	nikzepi	ind	2
nikzipatAm	nikzip	noun	2	nikzip	verb	2
nilInAnAm	nilAli	noun	24	nilI	noun	3
nimAtavya	nimA	noun	4	nimi	noun	2
nimAtavya	nimA	noun	4	nime	noun	2
nimIlitAnAm	nimIl	noun	3	nimIli	noun	3
nimantryamARa	nimantr	noun	2	nimantri	noun	2
ninIzA	ninIza	noun	9	ninIzi	noun	5
ninIzu	ninI	noun	3	ninIza	noun	3
ninama	ninAmi	noun	8	ninam	noun	6
ninama	ninAmi	noun	8	ninam	verb	1
nindaka	nind	noun	6	nindi	noun	4
nindyAsu	nind	noun	1	nindi	noun	1
nindyamAna	nind	noun	2	nindi	noun	2
nindyatAm	nindyatA	noun	2	nind	verb	1
nindyatAm	nindyatA	noun	2	nindi	verb	1
nipad	nipad	noun	7	nipat	noun	7
nipat	nipad	noun	7	nipat	noun	7
nirAbADa	nirAbAD	noun	8	nirAbADi	noun	8
nirAkarizyat	nirAkf	noun	3	nirAkf	verb	1
nirBAjya	nirBaj	noun	2	nirBAji	noun	2
nirBAjya	nirBaj	noun	2	nirBAji	ind	1
nirBoga	nirBuj	noun	4	nirBoji	noun	2
nirIkzyamARa	nirIkz	noun	2	nirIkzi	noun	2
nirRuda	nirRud	noun	4	nirRud	verb	2
niraDAt	nirDe	verb	1	nirDA	verb	1
niravocam	nirbrU	verb	1	nirvac	verb	1
nirbanDanIya	nirbanD	noun	2	nirbanDi	noun	2
nirbanDin	nirbanD	noun	2	nirbanDi	noun	2
nirdiSa	nirdiS	noun	2	nirdiS	verb	1
nirgacCatAm	nirgam	noun	2	nirgam	verb	1
nirhata	nirhan	noun	2	nirhan	verb	1
nirjijYAsa	nirjijYAsa	noun	10	nirjijYAsi	noun	8
nirmantra	nirmantr	noun	10	nirmantri	noun	8
nirmantra	nirmantr	noun	10	nirmantr	verb	1
nirmfzwa	nirmfj	noun	2	nirmfj	verb	1
nirmumukzu	nirmokza	noun	6	nirmokzi	noun	3
nirvAhaka	nirvAhi	noun	4	nirvah	noun	2
nirvAkya	nirvac	noun	4	nirbrU	noun	2
nirvApaka	nirvAji	noun	4	nirvApi	noun	4
nirvApaka	nirvAji	noun	4	nirvap	noun	2
nirvAsya	nirvA	noun	4	nirvas	noun	2
nirvAsya	nirvA	noun	4	nirvAsi	noun	2
nirvAsya	nirvA	noun	4	nirvAsi	ind	1
nirvaktum	nirbrU	ind	2	nirvac	ind	2
nirvedanam	nirvid	noun	9	nirvedi	noun	9
nirvft	nirvf	noun	7	nirvft	noun	7
nirvivitsa	nirvivitsa	noun	10	nirvividiza	noun	10
nirvivitsa	nirvivitsa	noun	10	nirvivitsi	noun	8
nirvivitsa	nirvivitsa	noun	10	nirvividizi	noun	8
nirvivitsa	nirvivitsa	noun	10	nirvividiza	verb	2
nispfSa	nispfS	noun	2	nispfS	verb	1
nissaNgam	nissaYj	noun	6	nissaYji	noun	3
nissaYja	nissaYji	noun	6	nissaYj	noun	4
nitodin	nitud	noun	2	nitodi	noun	2
nityavatsAm	nityavatsA	noun	2	nityavatsa	noun	2
nityavyaya	nityavyayA	noun	3	nityavyaya	noun	2
nivApita	nivAji	noun	2	nivApi	noun	2
nivartsyati	nivft	noun	3	nivft	verb	1
nivas	nivas	noun	7	nivA	noun	1
nivasatAm	nivas	noun	2	nivas	verb	2
niveda	nivedi	noun	8	nivid	noun	6
niveda	nivedi	noun	8	nivid	verb	2
nivft	nivf	noun	14	nivft	noun	7
niyA	niyA	noun	22	niyAvi	noun	6
niyAta	niyAti	noun	8	niyA	noun	2
niyAta	niyAti	noun	8	niyat	noun	2
niyAta	niyAti	noun	8	niyA	verb	1
niyamyA	niyam	noun	1	niyAmi	noun	1
nizeDaka	niziD	noun	4	nizeDi	noun	4
nizeDya	niziD	noun	2	nizeDi	noun	2
nizeDya	niziD	noun	2	nizeDi	ind	1
nizevin	nizevi	noun	4	nizev	noun	2
nizevin	nizevi	noun	4	niziv	noun	2
nizevyamARa	nizevi	noun	4	nizev	noun	2
nizpat	nizpad	noun	14	nizpat	noun	7
nizwan	nizwaNk	noun	7	nizwaNki	noun	7
nizwya	nizwya	noun	4	nizwyA	noun	3
nyaYcana	nyaYc	noun	2	nyaYci	noun	2
nyamantrayetAm	nimantr	verb	1	nimantri	verb	1
nyasyatAm	nyas	verb	3	nyas	noun	2
nyayAmi	niyam	verb	1	niyAmi	verb	1
nyoka	nyuc	noun	4	nyoci	noun	2
oBA	oBi	noun	5	uB	noun	2
oBe	oBi	noun	21	uB	noun	18
oRi	oRi	noun	15	oR	noun	9
okas	okas	noun	5	oka	noun	1
okas	okas	noun	5	uc	noun	2
okas	okas	noun	5	oci	noun	1
otum	otu	noun	6	u	ind	1
pATya	pATi	noun	6	paT	noun	2
pAdatale	pAdatala	noun	9	pAdatale	ind	1
pAdu	pAdU	noun	5	pAdu	noun	3
pAjas	pAjas	noun	5	pAja	noun	1
pAjasya	pAja	noun	2	pAjasya	noun	2
pAnaBUmi	pAnaBUmI	noun	5	pAnaBUmi	noun	3
pApIyas	pApIyas	noun	10	pApIya	noun	1
pApahara	pApahara	noun	4	pApaharA	noun	3
pApaka	pApaka	noun	4	pApacya	noun	4
pApaka	pApaka	noun	4	pApac	noun	2
pApakftAm	pApakft	noun	3	pApakfta	noun	1
pAraRIya	pAri	noun	16	pF	noun	2
pArayat	pAri	noun	24	pF	noun	3
pArita	pAri	noun	16	pF	noun	2
pAvaki	pAvakI	noun	5	pAvaki	noun	3
pAwayata	pAwi	verb	2	paw	verb	1
pItavatI	pA	noun	4	pI	noun	4
pIvas	pIvas	noun	5	pIv	noun	3
pIvas	pIvas	noun	5	pIvi	noun	2
pUjayatAm	pUji	noun	4	pUji	verb	4
pUrRagarBa	pUrRagarBA	noun	3	pUrRagarBa	noun	2
pUrayantam	pUri	noun	2	pUr	noun	1
pUrvAByAsena	pUrvAByAsa	noun	2	pUrvAByAsena	ind	1
pUrvacitti	pUrvacittI	noun	5	pUrvacitti	noun	3
pUrvaje	pUrvajA	noun	20	pUrvaja	noun	18
paRI	paRi	noun	6	paRin	noun	1
paScArDe	paScArDa	noun	9	paScArDe	ind	1
paSudA	paSudA	noun	5	paSuda	noun	1
paSuza	paSuza	noun	2	paSuzA	noun	1
paSuze	paSuza	noun	9	paSuzA	noun	6
paWatas	paW	noun	5	paW	verb	1
paYcASa	paYcASA	noun	3	paYcASa	noun	2
paYcacUqa	paYcacUqA	noun	3	paYcacUqa	noun	2
paYcaparvA	paYcaparvan	noun	2	paYcaparva	noun	1
pacatam	pacata	noun	9	pac	verb	1
padanI	padi	noun	2	pad	noun	1
padmarUpA	padmarUpA	noun	3	padmarUpa	noun	1
padminyas	padmin	noun	4	padminI	noun	4
pakzyati	pac	noun	3	pac	verb	1
palAlI	palAlI	noun	8	palAli	noun	6
pan	paYc	noun	14	paRq	noun	14
pan	paYc	noun	14	paRqi	noun	14
pan	paYc	noun	14	paYci	noun	14
pan	paYc	noun	14	panT	noun	7
pan	paYc	noun	14	paMs	noun	7
pan	paYc	noun	14	paMsi	noun	7
pan	paYc	noun	14	panTi	noun	7
panAyya	panAyi	noun	2	panAya	noun	2
panTana	panT	noun	2	panTi	noun	2
panTin	panT	noun	2	panTi	noun	2
panyas	panyas	noun	5	panya	noun	1
papa	pA	verb	2	pE	verb	1
papus	papu	noun	4	pA	verb	2
papus	papu	noun	4	pE	verb	1
par	parv	noun	7	parvi	noun	7
parARaya	parARI	noun	6	parARI	verb	1
parAdadi	parAdadi	noun	3	parAdA	verb	1
parAkramin	parAkram	noun	2	parAkrAmi	noun	2
parAmarSin	parAmfS	noun	2	parAmarSi	noun	2
parAsikta	parAsic	noun	2	parAsic	verb	1
parAvAk	parAvAci	noun	21	parAvac	noun	7
parAvAk	parAvAci	noun	21	parAvAji	noun	7
parAvarg	parAvarji	noun	21	parAvfj	noun	7
parAvark	parAvarji	noun	21	parAvfj	noun	7
parAvfkta	parAvfj	noun	6	parAvfj	verb	1
parakAya	pf	noun	6	pF	noun	6
paramatA	paramatA	noun	3	paramata	noun	1
paramparam	parampara	noun	6	paramparam	ind	1
pariSrutAm	pariSrut	noun	3	pariSruta	noun	2
paribADa	paribADA	noun	3	paribADa	noun	2
paricArikAyAm	paricArikA	noun	2	paricArika	noun	1
paricCad	paricCad	noun	7	paricCAdi	noun	7
paricara	paricara	noun	4	paricarA	noun	3
parikalpana	parikalpanA	noun	3	parikalpana	noun	2
pariraTya	pariraTyA	noun	3	pariraTya	noun	2
parisaNKyAta	parisaMKyA	noun	2	parisaMKyA	verb	1
parisaNKyAya	parisaMKyA	noun	8	parisaMKyA	ind	1
parispfzwa	parispfzwa	noun	2	parspfS	verb	1
parivedana	parivedanA	noun	3	parivedana	noun	2
parogavyUti	parogavyUti	noun	3	parogavyUti	ind	1
paruzARAm	paruza	noun	12	paruzA	noun	2
parvAt	parv	noun	6	parvi	noun	4
parvataja	parvatajA	noun	3	parvataja	noun	2
parviRI	parviRI	noun	8	parv	noun	4
parviRI	parviRI	noun	8	parvi	noun	4
paryAvft	paryAvf	noun	7	paryAvft	noun	7
paryAyin	parii	noun	2	paryAi	noun	2
paryanuyojya	paryanuyuj	noun	2	paryanuyoji	noun	2
paryanuyojya	paryanuyuj	noun	2	paryanuyoji	ind	1
paryanvezam	paryanvezi	noun	14	paryanviz	noun	9
paryupAs	paryupaAs	noun	7	paryupaAsi	noun	7
paryupAsyanta	paryupaAs	verb	1	paryupaAsi	verb	1
parzaRi	parzaRi	noun	3	parzi	noun	2
parzaRi	parzaRi	noun	3	pfz	noun	1
parzaRi	parzaRi	noun	3	parz	noun	1
pataNgAnAm	pataMga	noun	9	pataMgA	noun	2
patayatsu	pata	noun	2	pati	noun	2
patayizRu	pati	noun	3	pata	noun	3
patizyamARa	pat	noun	2	pata	noun	2
patizyamARa	pat	noun	2	pati	noun	2
peSya	peSi	noun	6	piS	noun	4
peSya	peSi	noun	6	peS	noun	2
pepIyamAna	pepIya	noun	16	pepi	noun	2
pepIyamAna	pepIya	noun	16	pepI	noun	2
pezaRi	pezaRI	noun	5	pezaRi	noun	3
pezaRi	pezaRI	noun	5	pezi	noun	2
pezaRi	pezaRI	noun	5	piz	noun	1
pezaRi	pezaRI	noun	5	pez	noun	1
pfRat	pF	noun	3	pfR	noun	3
pfSnigu	pfSnigu	noun	6	pfSnigo	noun	3
pfTuSravas	pfTuSravas	noun	10	pfTuSrava	noun	1
pfTuSroRi	pfTuSroRI	noun	5	pfTuSroRi	noun	3
pfTujrayas	pfTujrayas	noun	5	pfTujraya	noun	1
pfkzas	pfkz	noun	12	pfkza	noun	2
pinAkinI	pinAkinI	noun	8	pinAkin	noun	4
pinAkinI	pinAkinI	noun	8	pinAki	noun	3
pipIla	pIl	verb	3	pipIla	noun	2
pitfdevatA	pitfdevatA	noun	3	pitfdevata	noun	1
pitfgaRa	pitfgaRA	noun	3	pitfgaRa	noun	2
pitfvat	pitfvat	noun	3	pitfvat	ind	1
plavaNgama	plavaMgamA	noun	3	plavaMgama	noun	2
poTita	poTi	noun	4	puT	noun	2
poplUyamAna	poplUya	noun	4	poplu	noun	2
prADAvam	prasf	verb	1	praDAv	verb	1
prADvam	prADva	noun	6	prADvam	ind	1
prARada	prARada	noun	6	prARadA	noun	4
prARasama	prARasama	noun	4	prARasamA	noun	3
prAguttarAm	prAguttarA	noun	2	prAguttara	noun	1
prAktAt	praaYc	noun	2	praaYj	noun	2
prAnyA	praan	noun	1	praAni	noun	1
prAp	praAp	noun	7	prApi	noun	7
prAp	praAp	noun	7	praApi	noun	7
prApayeya	prApi	verb	1	praApi	verb	1
prApayizyanti	prApi	noun	4	praApi	noun	4
prApayizyanti	prApi	noun	4	prApi	verb	1
prApayizyanti	prApi	noun	4	praApi	verb	1
prAptakAla	prAptakAla	noun	4	prAptakAlA	noun	3
prAptakAlam	prAptakAla	noun	6	prAptakAlam	ind	1
prArcat	praarc	noun	6	praarc	verb	2
prAsAvIt	prasu	verb	1	prasU	verb	1
prAsaham	prAsah	noun	4	prAsaha	noun	3
prAsaham	prAsah	noun	4	prasah	verb	1
prAvad	praav	noun	3	praav	verb	1
prAvartayetAm	praAvarti	verb	3	pravarti	verb	1
prAvita	praav	noun	2	prAvi	noun	2
prAvita	praav	noun	2	praAvi	noun	2
prAyaRAntam	prAyaRAnta	noun	3	prAyaRAntam	ind	1
prAyus	prAyus	noun	9	prA	verb	1
prAyus	prAyus	noun	9	prayA	verb	1
prAyya	prIRi	noun	6	prI	noun	2
prItidAya	prItida	noun	4	prItidAya	noun	2
praBare	praBf	noun	27	praBf	verb	1
praBftya	praBf	noun	2	praBf	ind	1
praBojas	praBoji	noun	15	praBuj	noun	1
praDAvantIm	prasf	noun	1	praDAv	noun	1
praDAvantyA	prasf	noun	1	praDAv	noun	1
praDAvat	prasf	noun	3	praDAv	noun	3
praDAvet	prasf	verb	1	praDAv	verb	1
praDAveta	praDAv	verb	2	prasf	verb	1
praDarzitAyAm	praDarzi	noun	2	praDfz	noun	1
praDarzita	praDarzi	noun	4	praDfz	noun	2
praDvaMsin	praDvaMs	noun	2	praDvaMsi	noun	2
praGasa	praGasA	noun	3	praGasa	noun	2
praGasa	praGasA	noun	3	praad	noun	2
praRASin	praRaS	noun	2	praRASi	noun	2
praRadatAm	praRad	noun	2	praRad	verb	1
praRipAtin	praRipat	noun	2	praRipAti	noun	2
praRipat	praRipad	noun	7	praRipat	noun	7
praRud	praRud	noun	14	praRu	noun	7
praRudatAm	praRud	noun	4	praRud	verb	3
praRude	praRud	noun	24	praRud	verb	1
praSAmyamAna	praSAmi	noun	4	praSam	noun	2
praTamajA	praTamajA	noun	2	praTamaja	noun	1
praTamajAm	praTamajA	noun	4	praTamaja	noun	1
praTamaja	praTamaja	noun	2	praTamajA	noun	1
praTamajam	praTamaja	noun	3	praTamajA	noun	2
praTamavirahe	praTamaviraha	noun	9	praTamavirahe	ind	1
praTi	prATi	noun	9	praT	noun	6
prabADita	prabAD	noun	2	prabADi	noun	2
prabuDAm	prabuD	noun	15	prabuDa	noun	1
pracal	pracal	noun	14	pracAli	noun	7
pradagDA	pradah	noun	3	pradah	verb	2
pradivas	pradiv	noun	25	pradivas	ind	1
pradravatAm	pradru	noun	2	pradru	verb	1
pragarDin	pragfD	noun	2	pragarDi	noun	2
prahA	prahA	noun	16	prahAyi	noun	6
prahA	prahA	noun	16	prahAvi	noun	6
praharatAm	prahf	noun	2	prahf	verb	2
praharzin	prahfz	noun	2	praharzi	noun	2
prajanya	prajan	noun	2	prajAni	noun	2
prajanya	prajan	noun	2	prajan	ind	1
prakASanIya	prakASi	noun	6	prakAS	noun	4
prakASyamAna	prakAS	noun	8	prakASi	noun	6
prakArin	prakAri	noun	4	prakf	noun	2
prakArin	prakAri	noun	4	prakF	noun	2
prakalpita	prakalpitA	noun	3	prakalpi	noun	2
prakrIqita	prakrIq	noun	2	prakrIqi	noun	2
pralap	pralap	noun	7	pralaB	noun	7
praloBitA	praluB	noun	2	praluB	verb	2
praloBitA	praluB	noun	2	praloBi	verb	2
praloBitA	praluB	noun	2	praloBi	noun	1
pram	pra	noun	3	pram	ind	1
pramAtavya	pramA	noun	4	pramI	noun	2
pramIyamARa	pramI	noun	8	pramA	noun	4
pramad	pramad	noun	21	pramaT	noun	7
pramad	pramad	noun	21	pramAdi	noun	7
pramadvara	pramadvarA	noun	3	pramadvara	noun	2
prapUraRa	prapUr	noun	4	prapUri	noun	4
prapUriRI	prapUr	noun	8	prapUri	noun	8
prapUrita	prapUri	noun	4	prapUr	noun	2
prapaTa	prapaTa	noun	4	prapaTA	noun	3
prapat	prapad	noun	14	prapat	noun	7
prarudita	prarud	noun	2	prarud	verb	1
prasADinI	prasADi	noun	8	prasAD	noun	4
prasAd	prasAdi	noun	14	prasADi	noun	14
prasAd	prasAdi	noun	14	prasAD	noun	7
prasAd	prasAdi	noun	14	pras	noun	4
prasAd	prasAdi	noun	14	prAsi	noun	4
prasAdaka	prasAdi	noun	8	prasad	noun	4
prasTApayizyati	prasTApi	noun	3	prasTApi	verb	1
prasUyaDvam	prasU	verb	4	prasu	verb	3
prasaNKyAya	prasaMKyA	noun	8	prasaMKyA	ind	1
prasad	prasad	noun	14	praas	noun	3
prasamIkzita	prasamIkz	noun	2	prasamIkzi	noun	2
prasavantIm	prasavantI	noun	2	prasu	noun	1
prasnApayanti	prasnApi	noun	4	prasnApi	verb	1
prasnAtI	prasnA	noun	16	prasnAvi	noun	12
prasravaRAnAm	prasravaRa	noun	6	prasru	noun	2
prasuvAna	prasU	noun	4	prasu	noun	2
prasvas	prasU	noun	40	praas	verb	1
prat	praT	noun	7	prATi	noun	7
prat	praT	noun	7	pracCi	noun	7
pratApin	pratap	noun	2	pratApi	noun	2
pratIkzin	pratiIkz	noun	2	pratiIkzi	noun	2
prataNka	prataNk	noun	8	prataNki	noun	8
prataNka	prataNk	noun	8	prataNk	verb	1
pratapat	pratapat	noun	7	pratap	noun	3
pratiDAvatAt	pratisf	verb	2	pratiDAv	verb	2
pratiDAyi	pratiDI	noun	3	pratiDA	noun	3
pratiDAyi	pratiDI	noun	3	pratiDAyi	noun	3
pratiDehi	pratiDA	verb	1	pratidADA	verb	1
pratiGAtin	pratihan	noun	2	pratiGAti	noun	2
pratibanDin	pratibanD	noun	2	pratibanDi	noun	2
praticakzi	praticakz	noun	9	praticakzi	noun	9
praticakzyA	praticakz	noun	1	praticakzi	noun	1
praticikIrzu	praticikIrza	noun	6	praticikIrzi	noun	3
pratiharyanti	pratihary	noun	4	pratihary	verb	1
pratijanya	pratijan	noun	2	pratijAni	noun	2
pratijanya	pratijan	noun	2	pratijan	ind	1
pratimitA	pratimit	noun	3	pratimA	noun	1
pratinandita	pratinand	noun	2	pratinandi	noun	2
pratiprayAta	pratiprayA	noun	2	pratiprayA	verb	1
pratirAva	pratirAvi	noun	8	pratiru	noun	2
pratisaMDIyete	pratisaMDI	verb	2	pratisaMDA	verb	1
pratisaMharate	pratisaMhf	noun	2	pratisaMhf	verb	1
pratisaMhata	pratisaMhan	noun	2	pratisaMhan	verb	1
pratisaMkrama	pratisaMkram	noun	8	pratisaMkrAmi	noun	8
pratisaMvedin	pratisaMvid	noun	4	pratisaMvedi	noun	4
pratisanDAya	pratisaMDA	noun	8	pratisaMDAyi	noun	8
pratisanDAya	pratisaMDA	noun	8	pratisaMDA	ind	2
pratisrotam	pratisrota	noun	3	pratisrotam	ind	1
pratitap	pratitapsa	noun	7	pratitapsi	noun	7
prativIkzya	prativiIkz	noun	2	prativiIkzi	noun	2
prativIkzya	prativiIkz	noun	2	prativiIkz	ind	1
prativIkzya	prativiIkz	noun	2	prativiIkzi	ind	1
prativaktavya	pratibrU	noun	2	prativac	noun	2
prativaktf	pratibrU	noun	6	prativac	noun	6
prativakzyasi	pratibrU	verb	1	prativac	verb	1
prativakzyasi	pratibrU	verb	1	prativah	verb	1
prativarza	prativarzi	noun	8	prativfz	noun	6
prativarza	prativarzi	noun	8	prativfz	verb	1
pratiyA	pratiyA	noun	22	pratiyAvi	noun	6
pratiyAcita	pratiyAc	noun	4	pratiyAci	noun	4
pratiyAmi	pratiyam	noun	9	pratiyA	verb	1
pratiyAtam	pratiyAti	noun	42	pratiyA	noun	3
pratiyAtam	pratiyAti	noun	42	pratiyat	noun	3
pratiyAtam	pratiyAti	noun	42	pratiyA	verb	1
pratnavat	pratnavat	noun	3	pratnavat	ind	1
pratodin	pratud	noun	2	pratodi	noun	2
pratyaDattam	pratidADA	verb	2	pratiDA	verb	1
pratyadarSi	pratidfS	verb	1	pratidarSi	verb	1
pratyanunaya	pratyanunI	noun	6	pratyanunI	verb	1
pratyapAyAt	pratyapAya	noun	2	pratyapayA	verb	1
pratyarcita	pratyarc	noun	4	pratyarci	noun	4
pratyarpayizyati	pratyarpi	noun	3	pratyarpi	verb	1
pratyavekzyate	pratyavaIkzi	verb	2	pratyavaIkz	verb	1
pratyoza	pratyozi	noun	8	pratyuz	noun	6
pratyoza	pratyozi	noun	8	pratyuz	verb	1
pratyudyAta	pratyudyA	noun	2	pratyudyA	verb	1
pratyuvaca	pratibrU	verb	1	prativac	verb	1
pravArya	pravf	noun	2	pravAri	noun	2
pravArya	pravf	noun	2	pravAri	ind	1
pravAs	pravA	noun	58	pravAsi	noun	21
pravAs	pravA	noun	58	prave	noun	16
pravAs	pravA	noun	58	pravAyi	noun	16
pravAs	pravA	noun	58	pravApi	noun	16
pravAs	pravA	noun	58	pru	noun	12
pravAsaka	pravAsi	noun	12	pravas	noun	2
pravAsya	prave	noun	6	pravAsi	noun	6
pravAsya	prave	noun	6	pravA	noun	4
pravAsya	prave	noun	6	pravAsi	ind	3
pravAsya	prave	noun	6	pravas	noun	2
pravAtejA	pravAtejA	noun	2	pravAteja	noun	1
pravIta	pravI	noun	2	praaj	noun	2
pravIta	pravI	noun	2	pravI	verb	1
pravad	pravat	noun	6	praav	noun	3
pravaktavya	pravac	noun	4	prabrU	noun	2
pravart	pravarti	noun	7	pravarDi	noun	7
pravas	praav	noun	12	pru	noun	3
pravas	praav	noun	12	pravA	noun	1
pravasatAm	pravas	noun	2	pravas	verb	1
pravaya	pravI	noun	6	praaj	noun	6
pravaya	pravI	noun	6	prave	verb	1
pravepayanti	pravepi	noun	4	pravepi	verb	1
pravepin	pravep	noun	2	pravepi	noun	2
pravetti	pravedi	noun	12	pravid	verb	1
pravezwita	pravezw	noun	2	pravezwi	noun	2
praviSatAm	praviS	noun	2	praviS	verb	1
pravicalita	pravical	noun	4	pravicAli	noun	2
pravid	pravid	noun	21	pravyaD	noun	7
pravikta	pravic	noun	2	pravij	noun	2
pravivikzu	pravivikza	noun	15	pravivikzi	noun	6
pravivikzu	pravivikza	noun	15	pravivic	noun	3
prayA	prayA	noun	25	preman	noun	2
prayA	prayA	noun	25	pra	noun	1
prayA	prayA	noun	25	prayAman	noun	1
prayA	prayA	noun	25	prI	noun	6
prayA	prayA	noun	25	prayAvi	noun	6
prayAcita	prayAc	noun	4	prayAci	noun	4
prayAsyam	prayas	noun	3	prayAsi	noun	3
prayAsyamAna	prayA	noun	2	prayAsi	noun	2
prayAsyatAm	prayA	noun	2	prayAsi	verb	2
prayAtAm	prayAti	noun	7	prayA	noun	3
prayAtAm	prayAti	noun	7	prayA	verb	1
prayAtAm	prayAti	noun	7	prayat	noun	1
prayacCetAm	pradA	verb	1	prayam	verb	1
prayaja	prayaj	noun	4	prayaj	verb	1
prayam	prI	noun	18	prayA	noun	3
prayas	prayas	noun	12	prI	noun	6
prayas	prayas	noun	12	prayA	noun	1
prayat	prayat	noun	7	prI	noun	3
prayat	prayat	noun	7	prai	noun	3
prayojayati	prayoji	noun	2	prayoji	verb	1
prekzyamARa	praIkz	noun	2	praIkzi	noun	2
pretavat	prai	noun	3	pretavat	ind	1
prezyan	prI	noun	2	praiz	noun	2
prezyatA	prezyatA	noun	3	prI	noun	2
prezyatA	prezyatA	noun	3	praiz	noun	2
priyadarSane	priyadarSana	noun	27	priyadarSanA	noun	14
priyakAmyA	priyakAmyA	noun	3	priyakAmya	noun	1
priyakAmyayA	priyakAmyA	noun	2	priyakAmya	noun	1
prokzyamARa	praukz	noun	2	praukzi	noun	2
provaca	pravac	verb	2	prabrU	verb	1
psA	psA	noun	18	Bas	noun	3
psA	psA	noun	18	BAsi	noun	3
puRyaganDi	puRyaganDi	noun	3	puRyaganDin	noun	3
puRyaganDinA	puRyaganDi	noun	2	puRyaganDin	noun	2
puRyodakA	puRyodakA	noun	3	puRyodaka	noun	1
puloman	puloman	noun	3	pulomat	noun	1
pun	puMsi	noun	14	puRq	noun	7
pun	puMsi	noun	14	puRw	noun	7
pun	puMsi	noun	14	punT	noun	7
pun	puMsi	noun	14	puRwi	noun	7
pun	puMsi	noun	14	punTi	noun	7
pun	puMsi	noun	14	puRqi	noun	7
punnAman	puMnAman	noun	6	punnAman	noun	3
purARAm	pura	noun	6	purARa	noun	3
purARAm	pura	noun	6	purA	noun	2
purARAm	pura	noun	6	pur	noun	3
purAsu	purA	noun	2	pura	noun	2
purAsu	purA	noun	2	pur	noun	1
purudaMsas	purudaMsas	noun	10	purudaMsa	noun	1
purunizWa	purunizWa	noun	2	purunizWA	noun	1
puruzadveziRI	puruzadveziRI	noun	8	puruzadvezin	noun	4
puruzatA	puruzatA	noun	3	puruzatA	ind	1
putrIyA	putrIyA	noun	3	putrIya	noun	2
puzpahAsa	puzpahAsA	noun	3	puzpahAsa	noun	2
puzpaja	puzpaja	noun	4	puzpajA	noun	3
puzpin	puzp	noun	2	puzpi	noun	2
puzpitAgrARAm	puzpitAgra	noun	3	puzpitAgrA	noun	2
puzpitAgra	puzpitAgrA	noun	3	puzpitAgra	noun	2
puzwimati	puzwimat	noun	6	puzwimati	noun	3
rADyAsma	rAD	verb	2	rADi	verb	2
rADya	rAD	noun	4	rADi	noun	4
rADya	rAD	noun	4	raD	noun	2
rADya	rAD	noun	4	rAD	verb	1
rAjIvalocanAm	rAjIvalocanA	noun	2	rAjIvalocana	noun	1
rAjIvalocana	rAjIvalocanA	noun	3	rAjIvalocana	noun	2
rAjaDarme	rAjaDarma	noun	9	rAjaDarman	noun	4
rAjaputrA	rAjaputrA	noun	3	rAjaputra	noun	1
rAjaputrAn	rAjaputra	noun	1	rAjaputrA	noun	1
rAjaputre	rAjaputrA	noun	14	rAjaputra	noun	9
rAjarzizu	rAjarzi	noun	3	rAjarzin	noun	2
rAjasutA	rAjasutA	noun	3	rAjasuta	noun	1
rAjasutAm	rAjasutA	noun	2	rAjasuta	noun	1
rAjasuta	rAjasutA	noun	3	rAjasuta	noun	2
rAjavat	rAjavat	noun	6	rAjavat	ind	1
rAjini	rAji	noun	12	rAjin	noun	4
rAjini	rAji	noun	12	rAj	noun	4
rAmyA	rAmI	noun	3	rAmyA	noun	3
rAmyA	rAmI	noun	3	rAmi	noun	1
rAvin	ru	noun	4	rAvi	noun	4
rUpAjIva	rUpAjIvA	noun	3	rUpAjIva	noun	2
raMhya	raMh	noun	6	raMhi	noun	4
raMhyam	raMh	noun	9	raMhi	noun	6
raTasTAm	raTasTA	noun	2	raTasTa	noun	1
raTasTAn	raTasTa	noun	1	raTasTA	noun	1
raTasTa	raTasTA	noun	3	raTasTa	noun	2
raTasTe	raTasTA	noun	14	raTasTa	noun	9
raTezWa	raTezWa	noun	2	raTezWA	noun	1
raTinI	raTin	noun	8	raTinI	noun	8
raTinI	raTin	noun	8	raTI	noun	3
raYjanIya	rAji	noun	4	raYj	noun	4
rad	rad	noun	7	raD	noun	7
rad	rad	noun	7	f	noun	4
ragI	rAgi	noun	4	rag	noun	3
raga	rag	noun	4	rAgi	noun	4
raga	rag	noun	4	rAji	noun	2
raga	rag	noun	4	rag	verb	1
rakzayati	rakzi	noun	2	rakzi	verb	1
rakzin	rakz	noun	2	rakzi	noun	2
rakzyamARa	rakz	noun	2	rakzi	noun	2
ramayatAm	rAmi	noun	4	rAmi	verb	4
ranDIs	ranDi	noun	5	ranD	noun	2
rap	raB	noun	7	rap	noun	7
rap	raB	noun	7	raP	noun	7
ras	F	noun	24	ra	noun	3
ras	F	noun	24	rasi	noun	14
ras	F	noun	24	ray	noun	12
ras	F	noun	24	ras	noun	7
rasya	ra	noun	6	rasyA	noun	3
rasya	ra	noun	6	rasya	noun	2
rasya	ra	noun	6	rasi	noun	4
rat	rad	noun	7	raD	noun	7
rat	rad	noun	7	f	noun	4
ratikara	ratikara	noun	4	ratikarA	noun	3
ratipriya	ratipriyA	noun	3	ratipriya	noun	2
ratnaDA	ratnaDA	noun	2	ratnaDa	noun	1
ratnottama	ratnottamA	noun	3	ratnottama	noun	2
rayI	rayi	noun	12	revi	noun	3
rayida	rayida	noun	2	rayidA	noun	1
rayizWa	rayizWa	noun	6	rayizWA	noun	1
retinas	retin	noun	7	revi	noun	4
roDasvatI	roDasvatI	noun	8	roDasvat	noun	4
rod	roDi	noun	14	rodi	noun	7
rorUyamARa	rorUya	noun	8	roru	noun	4
ruSama	ruSamA	noun	3	ruSama	noun	2
ruma	rumA	noun	3	ruma	noun	2
ruzAm	ruz	noun	11	ruzA	noun	2
ruzAm	ruz	noun	11	ray	noun	2
sABre	sABra	noun	9	sABri	noun	2
sADudevI	sADudevI	noun	8	sADudevin	noun	1
sADumatA	sADumat	noun	2	sADumata	noun	1
sADyamAna	sADi	noun	4	sAD	noun	2
sANguzWa	sANguzWA	noun	3	sANguzWa	noun	2
sANkfti	sAMkftI	noun	5	sAMkfti	noun	3
sAcya	sac	noun	4	sAci	noun	4
sAditam	sAdi	noun	9	sad	noun	3
sAgarameKalA	sAgarameKalA	noun	3	sAgarameKala	noun	1
sAhizImahi	sAhi	verb	3	sah	verb	1
sAmAnyalakzaRe	sAmAnyalakzaRA	noun	14	sAmAnyalakzaRa	noun	9
sAmudrika	sAmudrika	noun	6	sAmudrikA	noun	3
sAnanda	sAnanda	noun	4	sAnandA	noun	3
sAnas	sAni	noun	28	san	noun	26
sAnas	sAni	noun	28	so	noun	1
sAnas	sAni	noun	28	as	noun	1
sAnas	sAni	noun	28	sE	noun	1
sAnena	sAni	noun	8	san	noun	4
sAnena	sAni	noun	8	so	noun	2
sAnena	sAni	noun	8	as	noun	2
sAnena	sAni	noun	8	sE	noun	2
sApi	sApi	noun	9	sap	noun	3
sArcis	sArcis	noun	9	sArci	noun	2
sArvasenI	sArvasenI	noun	8	sArvaseni	noun	6
sAsad	sAsad	noun	21	sAsadya	noun	21
sAsad	sAsad	noun	21	sAsA	noun	10
sAsaha	sAsahya	noun	18	sAsah	noun	12
sAsahvas	sAsahvas	noun	5	sAsah	verb	3
sAsahyAt	sAsah	verb	6	sAsahya	noun	6
sAsi	sAsi	noun	12	sas	noun	3
sAtvatyA	sAtvatI	noun	3	sAtvat	noun	1
sAvajYam	sAvajYa	noun	3	sAvajYam	ind	1
sImantinIm	sImantinI	noun	2	sImantin	noun	1
sPUrjati	sPUrj	noun	2	sPUrj	verb	1
sPowya	sPowi	noun	10	sPuw	noun	6
sPuratAm	sPur	noun	2	sPur	verb	1
sTUlAkza	sTUlAkzA	noun	3	sTUlAkza	noun	2
sTalaja	sTalajA	noun	3	sTalaja	noun	2
sTavirayA	sTavira	noun	3	sTavirA	noun	2
sUcinA	sUci	noun	8	sUcin	noun	2
sUcinA	sUci	noun	8	sUcI	noun	1
sUdita	sUdi	noun	6	sUd	noun	2
sUkzmAsu	sUkzma	noun	3	sUkzmA	noun	2
sUryaja	sUryajA	noun	3	sUryaja	noun	2
sUryatvacA	sUryatvac	noun	3	sUryatvaca	noun	1
sUryatvacam	sUryatvaca	noun	3	sUryatvac	noun	2
sUyamAna	sU	noun	10	su	noun	6
sUyante	sU	verb	4	su	verb	3
saBAgatA	saBAgatA	noun	3	saBAgata	noun	1
saBAgatAm	saBAgatA	noun	2	saBAgata	noun	1
saBAgata	saBAgatA	noun	3	saBAgata	noun	2
saBAsadas	saBAsad	noun	12	saBAsada	noun	1
saMBAza	saMBAz	noun	8	saMBAzi	noun	8
saMBAzyamARa	saMBAz	noun	2	saMBAzi	noun	2
saMBUta	saMBU	noun	2	samas	noun	2
saMBUtam	saMBU	noun	3	samas	noun	3
saMBUya	samas	ind	1	saMBU	ind	1
saMBavAm	saMBU	noun	4	samas	noun	3
saMBavanti	saMBU	noun	4	saMBU	verb	1
saMBavas	saMBU	noun	8	samas	noun	3
saMBavati	saMBU	noun	2	saMBU	verb	1
saMBojAni	saMBoji	noun	9	saMBuj	noun	3
saMSA	saMSo	noun	15	saMSAyi	noun	12
saMbADA	saMbAD	noun	10	saMbADi	noun	7
saMbaBUvima	saMBU	verb	1	samas	verb	1
saMbanDaka	saMbanD	noun	4	saMbanDi	noun	4
saMbanDin	saMbanD	noun	2	saMbanDi	noun	2
saMboDana	saMbuD	noun	6	saMboDi	noun	6
saMcfta	saMcft	noun	2	saMcft	verb	1
saMdA	saMdA	noun	38	saMdo	noun	9
saMdAtf	saMdA	noun	12	saMdo	noun	6
saMdeSya	saMdiS	noun	2	saMdeSi	noun	2
saMdeSya	saMdiS	noun	2	saMdeSi	ind	1
saMdehya	saMdih	noun	2	saMdehi	noun	2
saMdehya	saMdih	noun	2	saMdehi	ind	1
saMgacCatAm	saMgam	noun	2	saMgam	verb	2
saMhitezu	saMhitezu	noun	3	saMhita	noun	2
saMhitezu	saMhitezu	noun	3	saMhi	noun	2
saMhitezu	saMhitezu	noun	3	saMDA	noun	2
saMkalpAnAm	saMkalpi	noun	12	saMkfp	noun	9
saMkalpaka	saMkfp	noun	4	saMkalpi	noun	4
saMkocinI	saMkuc	noun	4	saMkoci	noun	4
saMmArjanI	saMmfj	noun	1	saMmArji	noun	1
saMmAtA	saMmA	noun	6	saMmA	verb	4
saMmAtA	saMmA	noun	6	saMmi	noun	2
saMmAtA	saMmA	noun	6	saMmi	verb	2
saMnama	saMnAmi	noun	8	saMnam	noun	6
saMnama	saMnAmi	noun	8	saMnam	verb	1
saMnamatAm	saMnam	noun	2	saMnam	verb	1
saMnaya	saMnI	noun	6	saMnI	verb	1
saMnyAsin	saMnyas	noun	2	saMnyAsi	noun	2
saMnyAsinAm	saMnyas	noun	2	saMnyAsi	noun	2
saMnyas	saMnI	noun	12	saMnyas	noun	7
saMpAdayati	saMpAdi	noun	2	saMpAdi	verb	1
saMpAdi	saMpAdi	noun	9	saMpad	noun	3
saMpAdinI	saMpad	noun	4	saMpAdi	noun	4
saMpAti	saMpAti	noun	9	saMpAyi	noun	6
saMpAti	saMpAti	noun	9	saMpat	noun	3
saMpAtin	saMpat	noun	2	saMpAti	noun	2
saMpAya	saMpAyi	noun	8	saMpA	noun	6
saMpAya	saMpAyi	noun	8	saMpA	ind	1
saMparikramya	saMparikram	noun	2	saMparikrAmi	noun	2
saMparikramya	saMparikram	noun	2	saMparikram	ind	1
saMpiMzanti	saMpiz	noun	3	saMpiz	verb	1
saMprAp	saMpraAp	noun	7	saMpraApi	noun	7
saMprApnuvanti	saMpraAp	noun	3	saMpraAp	verb	1
saMprAptA	saMpraAp	noun	3	saMpraAp	verb	2
saMprApte	saMpraAp	noun	13	saMpraApi	noun	4
saMprApya	saMpraAp	noun	2	saMpraApi	noun	2
saMprApya	saMpraAp	noun	2	saMpraAp	ind	1
saMprApya	saMpraAp	noun	2	saMpraApi	ind	1
saMprApyate	saMpraApi	verb	2	saMpraAp	verb	1
saMprAyAt	saMprai	noun	6	saMprayA	verb	1
saMpraDArya	saMpraDf	noun	2	saMpraDAri	noun	2
saMpraDArya	saMpraDf	noun	2	saMpraDAri	ind	1
saMpradAsyati	saMpradA	noun	6	saMpradA	verb	2
saMpradfSya	saMpradfS	noun	2	saMpradfS	ind	1
saMprahAra	saMprahAri	noun	8	saMprahf	noun	2
saMpraharizyati	saMprahf	noun	3	saMprahf	verb	1
saMpramoza	saMpramozi	noun	8	saMpramuz	noun	6
saMprasAda	saMprasAdi	noun	16	saMprasad	noun	4
saMpratyAyaka	saMpratyAyi	noun	4	saMpratii	noun	2
saMprayAta	saMprayA	noun	2	saMprayA	verb	1
saMprayacCanti	saMpradA	noun	4	saMpradA	verb	1
saMprayacCati	saMpradA	noun	2	saMpradA	verb	1
saMprekzya	saMpraIkz	noun	2	saMpraIkzi	noun	2
saMprekzya	saMpraIkz	noun	2	saMpraIkz	ind	1
saMprekzya	saMpraIkz	noun	2	saMpraIkzi	ind	1
saMrakzaRIya	saMrakz	noun	2	saMrakzi	noun	2
saMramBiRA	saMraB	noun	2	saMramBi	noun	2
saMramBin	saMraB	noun	2	saMramBi	noun	2
saMroDya	saMruD	noun	2	saMroDi	noun	2
saMroDya	saMruD	noun	2	saMroDi	ind	2
saMsamaka	saMsam	noun	8	saMsamya	noun	8
saMsara	saMsf	noun	12	saMsf	verb	1
saMsarpati	saMsfp	noun	2	saMsfp	verb	1
saMsrA	saMsrAvi	noun	6	sAsrA	noun	3
saMstamBanIya	saMstamB	noun	2	saMstamBi	noun	2
saMstamBayitA	saMstamBi	verb	4	saMstamBi	noun	1
saMstamBinI	saMstamB	noun	4	saMstamBi	noun	4
saMtarjita	saMtarj	noun	2	saMtarji	noun	2
saMtarjya	saMtarj	noun	2	saMtarji	noun	2
saMtarjya	saMtarj	noun	2	saMtarj	ind	1
saMtarjya	saMtarj	noun	2	saMtarji	ind	1
saMtodin	saMtud	noun	2	saMtodi	noun	2
saMvAhinI	saMvAhinI	noun	8	saMvah	noun	4
saMvAhinI	saMvAhinI	noun	8	saMvAhi	noun	4
saMvaraRAni	saMvaraRa	noun	6	saMvf	noun	3
saMvedanIya	saMvid	noun	2	saMvedi	noun	2
saMvedayate	saMvedi	noun	2	saMvedi	verb	1
saMvft	saMvf	noun	7	saMvfD	noun	7
saMvft	saMvf	noun	7	saMvft	noun	7
saMviDA	saMviDA	noun	19	saMviD	noun	3
saMviDA	saMviDA	noun	19	saMvyaD	noun	3
saMviDAm	saMviDA	noun	20	saMviD	noun	3
saMviDAm	saMviDA	noun	20	saMvyaD	noun	3
saMvivyAna	samaj	noun	2	saMvye	noun	2
saMvivya	samaj	verb	1	saMvye	verb	1
saMvrajati	saMvraj	noun	2	saMvraj	verb	1
saMyatAm	saMyat	noun	9	saMyata	noun	1
saMyatAm	saMyat	noun	9	sami	noun	2
saNKyAsyAmi	saMKyA	verb	1	saMcakz	verb	1
saNKyAta	saMKyAta	noun	4	saMKyAtA	noun	3
saNKyAta	saMKyAta	noun	4	saMKyA	verb	1
saNKyAta	saMKyAta	noun	4	saMKyA	noun	2
saNKya	saMKyA	noun	5	saMKya	noun	4
saNgamanI	saMgAmi	noun	2	saMgam	noun	1
saNgamya	saMgAmi	noun	4	saMgam	noun	2
saNgamya	saMgAmi	noun	4	saMgam	ind	1
saNgatAn	saMgata	noun	2	saMgam	noun	1
saNgatAni	saMgata	noun	6	saMgam	noun	3
saNgata	saMgata	noun	4	saMgam	noun	2
saNgatam	saMgata	noun	6	saMgam	noun	5
saNgatezu	saMgata	noun	4	saMgam	noun	2
saNgrahaRe	saMgrahaRa	noun	9	saMgrah	noun	5
saNkIrRA	saMkIrRA	noun	3	saMkIrRa	noun	2
saNkIrRA	saMkIrRA	noun	3	saMkF	noun	1
saNkIrRa	saMkIrRa	noun	4	saMkIrRA	noun	3
saNkIrRa	saMkIrRa	noun	4	saMkF	noun	2
saNkalpaka	saMkfp	noun	4	saMkalpi	noun	4
saNkalpya	saMkfp	noun	2	saMkalpi	noun	2
saNkalpya	saMkfp	noun	2	saMkalpi	ind	1
saNkawa	saMkawa	noun	6	saMkawA	noun	3
saNkfzya	saMkfz	noun	4	saMkfz	ind	2
saNkocayati	saMkoci	noun	2	saMkoci	verb	1
saNkocya	saMkuc	noun	2	saMkoci	noun	2
saNkocya	saMkuc	noun	2	saMkoci	ind	1
saNkrAnta	saMkrAntA	noun	3	saMkram	noun	2
saNkrAnte	saMkrAntA	noun	14	saMkrAnti	noun	2
saNkrAnte	saMkrAntA	noun	14	saMkram	noun	13
saNkucitA	saMkuc	noun	3	saMkuc	verb	2
saNkula	saMkula	noun	4	saMkul	noun	2
saNkulam	saMkula	noun	6	saMkul	noun	5
saNkule	saMkula	noun	18	saMkul	noun	12
saNkzepsyate	saMkzip	noun	4	saMkzip	verb	3
saNkzipate	saMkzip	noun	2	saMkzip	verb	1
saNkzipya	saMkzip	ind	2	saMkzip	verb	1
saNkzipyate	saMkzip	noun	2	saMkzip	verb	2
saSabdam	saSabda	noun	3	saSabdam	ind	1
saYcAlitA	saMcAli	verb	2	saMcAli	noun	1
saYcAriRI	saMcAriRI	noun	8	saMcArin	noun	4
saYcAriRI	saMcAriRI	noun	8	saMcar	noun	4
saYcAriRI	saMcAriRI	noun	8	saMcAri	noun	4
saYcakAra	saMkF	verb	2	saMskf	verb	2
saYcalita	saMcal	noun	4	saMcAli	noun	2
saYcaranti	saMcar	noun	4	saMcar	verb	1
saYcarate	saMcar	noun	2	saMcar	verb	1
saYcarati	saMcar	noun	2	saMcar	verb	1
saYcarizyanti	saMcar	noun	4	saMcar	verb	1
saYcarizyati	saMcar	noun	3	saMcar	verb	1
saYjIvanI	saMjIvanI	noun	8	saMjIv	noun	1
saYjIvanI	saMjIvanI	noun	8	saMjIvi	noun	1
saYjIvana	saMjIvana	noun	4	saMjIv	noun	2
saYjIvana	saMjIvana	noun	4	saMjIvi	noun	2
saYjIvatAm	saMjIv	noun	2	saMjIv	verb	1
saYjIvayati	saMjIvi	noun	2	saMjIvi	verb	1
saYjIvita	saMjIv	noun	2	saMjIvi	noun	2
saYjIvya	saMjIv	noun	2	saMjIvi	noun	2
saYjIvya	saMjIv	noun	2	saMjIv	ind	1
saYjIvya	saMjIv	noun	2	saMjIvi	ind	1
saYjYAm	saMjYA	noun	25	saMjYa	noun	1
saYjYApya	saMjYApi	noun	2	saMjYApi	ind	1
saYjYa	saMjYA	noun	5	saMjYa	noun	2
saYjYayA	saMjYA	noun	3	saMjYa	noun	1
saYjajYe	saMjYA	verb	4	saMjan	verb	4
saYjajYire	saMjYA	verb	2	saMjan	verb	2
saYjalpanAt	saMjalp	noun	4	saMjalpi	noun	2
saYjalpatAm	saMjalp	noun	2	saMjalp	verb	1
saYjanayanti	saMjAni	noun	4	saMjAni	verb	1
saYjanitA	saMjan	noun	2	saMjan	verb	2
saYjanitA	saMjan	noun	2	saMjAni	verb	1
saYjanitA	saMjan	noun	2	saMjAni	noun	1
sadAnva	sadAnvA	noun	3	sadAnva	noun	2
sadvftte	sadvftta	noun	18	sadvftti	noun	2
sadvidyA	sadvidyA	noun	3	sadvidya	noun	1
sagadgadam	sagadgada	noun	3	sagadgadam	ind	1
sahAvan	sahAvan	noun	2	sahAvat	noun	1
sahaDarmacAriRI	sahaDarmacAriRI	noun	8	sahaDarmacArin	noun	4
sahaDarmacAriRIm	sahaDarmacAriRI	noun	2	sahaDarmacArin	noun	1
sahasraBuja	sahasraBuja	noun	4	sahasraBujA	noun	3
sahasraDArA	sahasraDArA	noun	3	sahasraDAra	noun	2
sahasraDArAm	sahasraDArA	noun	2	sahasraDAra	noun	2
sahasraDAra	sahasraDAra	noun	4	sahasraDArA	noun	3
sahasraDAre	sahasraDAra	noun	18	sahasraDArA	noun	14
sahasraSIrza	sahasraSIrza	noun	4	sahasraSIrzA	noun	3
sahasraSIrza	sahasraSIrza	noun	4	sahasraSIrzan	noun	3
sahasradA	sahasradA	noun	2	sahasrada	noun	2
sahasrada	sahasrada	noun	4	sahasradA	noun	1
sahasrakARqa	sahasrakARqA	noun	3	sahasrakARqa	noun	2
sahasrapoza	sahasrapoza	noun	4	sahasrapozA	noun	3
sahasrasaNKyA	sahasrasaMKyA	noun	3	sahasrasaMKya	noun	1
sahasrasaNKya	sahasrasaMKyA	noun	3	sahasrasaMKya	noun	2
sahasravIrya	sahasravIryA	noun	3	sahasravIrya	noun	2
sajjanti	sajj	noun	4	sajj	verb	1
sajjati	sajj	noun	2	sajj	verb	1
sajjyantAm	sajj	verb	1	sajji	verb	1
sajyotis	sajyotis	noun	9	sajyotis	ind	1
samAdA	samAdA	noun	16	samAdi	noun	7
samAdin	samad	noun	2	samAdi	noun	2
samAnaka	samAni	noun	8	saman	noun	4
samAnarUpa	samAnarUpA	noun	3	samAnarUpa	noun	2
samAnavarcasA	samAnavarcas	noun	3	samAnavarcasa	noun	1
samAp	samAp	noun	7	samApi	noun	7
samApana	samApanA	noun	3	samApana	noun	2
samApana	samApanA	noun	3	samAp	noun	2
samApana	samApanA	noun	3	samApi	noun	2
samApin	samAp	noun	2	samApi	noun	2
samApitA	samApi	verb	2	samApi	noun	1
samApyeran	samApi	verb	2	samAp	verb	1
samAropayat	samAropi	noun	3	samAropi	verb	1
samAsAdayat	samAsAdi	noun	6	samAsAdi	verb	2
samAsita	samAsi	noun	4	samAs	noun	2
samAta	samAti	noun	8	samat	verb	3
samAta	samAti	noun	8	samat	noun	2
samAtya	samat	noun	2	samAti	noun	2
samAtya	samat	noun	2	samAti	ind	1
samAvartayat	samAvarti	noun	3	samAvarti	verb	1
samAveta	samAavai	noun	2	samAavai	verb	1
samBAvayati	saMBAvi	noun	4	saMBAvi	verb	2
samBAvitA	saMBAvi	verb	4	saMBU	verb	1
samBAvitA	saMBAvi	verb	4	samas	verb	1
samBAvitA	saMBAvi	verb	4	samBAvita	noun	1
samBAvitA	saMBAvi	verb	4	saMBAvi	noun	2
samBAzyamARa	saMBAz	noun	2	saMBAzi	noun	2
samBaranti	saMBf	noun	4	saMBf	verb	1
samBftya	saMBf	noun	4	saMBf	ind	2
samBuYjate	saMBuj	noun	2	saMBuj	verb	1
samaBUmi	samaBUmi	noun	3	samaBUmi	ind	1
samaBUta	saMBU	verb	1	samas	verb	1
samaBisanDAya	samaBisaMDA	noun	8	samaBisaMDA	ind	1
samaDfta	saMDf	verb	2	samaDfta	noun	2
samaYjasa	samaYjasa	noun	6	samaYjasA	noun	3
samaYje	samaYj	noun	30	samaYji	noun	30
samajyate	samaj	verb	1	samaYj	verb	1
samamati	samamati	noun	3	samam	verb	1
samamati	samamati	noun	3	samam	noun	2
samanuvartana	samanuvft	noun	2	samanuvarti	noun	2
samanuvartinI	samanuvarti	noun	10	samanuvft	noun	4
samaryAdam	samaryAda	noun	6	samaryAdam	ind	1
samasyatAm	samas	verb	3	samas	noun	2
samayAti	saMyat	verb	1	saMyAti	verb	1
samayante	sAmi	verb	2	samay	verb	1
sambaBUva	saMBU	verb	3	samas	verb	3
sambanDin	saMbanD	noun	2	saMbanDi	noun	2
sambanDitA	sambanDitA	noun	3	saMbanDi	verb	2
sambanDitA	sambanDitA	noun	3	saMbanDi	noun	1
samboDitA	saMboDi	verb	5	saMbuD	noun	4
samboDitA	saMboDi	verb	5	saMbuD	verb	4
samboDitA	saMboDi	verb	5	saMboDi	noun	3
sammAnitA	saMmAni	verb	2	saMmAni	noun	1
sammAnya	saMman	noun	2	saMmAni	noun	2
sammAnya	saMman	noun	2	saMmAni	ind	1
sammAya	saMmA	noun	16	saMmi	noun	6
sammAya	saMmA	noun	16	saMmA	ind	2
sammAya	saMmA	noun	16	saMmi	ind	1
sammIlya	sammIlya	noun	2	sammIlya	ind	1
sammUQAm	sammUQA	noun	2	sammUQa	noun	1
sammUQa	sammUQA	noun	3	sammUQa	noun	2
sammanas	sammanas	noun	5	saMman	noun	3
sammantrya	saMmantr	noun	4	saMmantr	ind	2
sammantrya	saMmantr	noun	4	saMmantri	noun	2
sammantrya	saMmantr	noun	4	saMmantri	ind	2
sammatA	sammatA	noun	3	sammata	noun	2
sammatA	sammatA	noun	3	saMman	noun	1
sammatAn	sammata	noun	2	sammatA	noun	1
sammatAn	sammata	noun	2	saMman	noun	1
sammata	sammata	noun	4	sammatA	noun	3
sammata	sammata	noun	4	saMman	noun	2
sammatam	sammata	noun	6	saMman	noun	3
sammate	sammata	noun	18	sammatA	noun	14
sammate	sammata	noun	18	sammati	noun	4
sammate	sammata	noun	18	saMman	noun	11
sammfjya	saMmfj	noun	2	saMmfj	ind	1
sammfzwa	saMmfj	noun	2	saMmfS	noun	2
sammfzwa	saMmfj	noun	2	saMmfj	verb	1
sammite	sammita	noun	18	sammiti	noun	2
sammite	sammita	noun	18	saMmi	noun	16
sammite	sammita	noun	18	saMmA	noun	13
samoham	samoha	noun	3	samoham	ind	1
samokas	samokas	noun	5	samuc	noun	2
samokas	samokas	noun	5	samoci	noun	1
sampAtin	saMpat	noun	2	saMpAti	noun	2
sampIqya	saMpIqi	noun	4	saMpIqi	ind	2
sampaSya	saMdfS	noun	2	saMdfS	verb	1
samparivartya	saMparivarti	noun	2	saMparivarti	ind	1
sampatanti	saMpat	noun	4	saMpat	verb	1
samprAkroSan	saMpraAkruS	noun	2	saMpraAkruS	verb	1
samprAp	saMpraAp	noun	7	saMpraApi	noun	7
sampraDAvatsu	saMprasf	noun	2	saMpraDAv	noun	2
sampraRaSyanti	saMpraRaS	noun	4	saMpraRaS	verb	1
sampraRaSyati	saMpraRaS	noun	2	saMpraRaS	verb	1
sampratIta	saMpratii	noun	2	saMpratii	verb	1
sampratiSrAvya	saMpratiSru	noun	2	saMpratiSrAvi	noun	2
sampratiSrAvya	saMpratiSru	noun	2	saMpratiSrAvi	ind	1
samprayAta	saMprayA	noun	2	saMprayA	verb	1
samprayojitA	saMprayoji	verb	2	saMprayoji	noun	1
samprayojya	saMprayuj	noun	2	saMprayoji	noun	2
samprayojya	saMprayuj	noun	2	saMprayoji	ind	1
samprezita	saMpraiz	noun	2	saMprezi	noun	2
samprezyamARa	saMpraiz	noun	4	saMprezi	noun	2
samudAhara	samudAhf	noun	6	samudAhf	verb	1
samudAhfta	samudAhf	noun	2	samudAhf	verb	1
samudAyin	samudi	noun	2	samudAi	noun	2
samudAyin	samudi	noun	2	samuday	noun	2
samudAyin	samudi	noun	2	samudAyi	noun	2
samudIryamARa	samudIr	noun	4	samudIri	noun	4
samude	samudAyi	noun	9	saMvad	noun	3
samudrAnta	samudrAnta	noun	6	samudrAntA	noun	3
samudrAnte	samudrAnta	noun	27	samudrAntA	noun	14
samudraraSanA	samudraraSanA	noun	3	samudraraSana	noun	1
samudravasanA	samudravasanA	noun	3	samudravasana	noun	1
samujjihIrzu	samujjihIrza	noun	6	samujjihIrzi	noun	3
samukzita	samukz	noun	2	samukzi	noun	2
samupAgacCat	samupaAgam	noun	3	samupaAgam	verb	1
samupAgama	samupaAgam	noun	8	samupaAgAmi	noun	8
samupAgata	samupaAgam	noun	2	samupaAgam	verb	1
samupAhfta	samupaAhf	noun	2	samupaAhf	verb	1
samupArabDa	samupaAraB	noun	2	samupaAraB	verb	1
samupAsyata	samupaAs	verb	1	samupaAsi	verb	1
samupekzita	samupaIkz	noun	2	samupaIkzi	noun	2
samyA	sam	noun	2	sAmi	noun	2
sanDA	saMDA	noun	19	saMDa	noun	1
sanDA	saMDA	noun	19	saMDUni	noun	6
sanDA	saMDA	noun	19	saMDAvi	noun	6
sanDArayate	saMDAri	noun	4	saMDAri	verb	2
sanDAsyati	saMDA	noun	3	saMDA	verb	1
sanDa	saMDA	noun	5	saMDa	noun	2
sanDe	saMDA	noun	62	saMDa	noun	9
sanDe	saMDA	noun	62	saMDi	noun	4
sanDe	saMDA	noun	62	saMDUni	noun	9
sanDe	saMDA	noun	62	saMDAvi	noun	9
sanDya	saMDyA	noun	3	saMDya	noun	2
sanandi	sanandI	noun	5	sananda	noun	1
sanavAni	sanava	noun	3	san	verb	1
sandIpayati	saMdIpi	noun	2	saMdIpi	verb	1
sandfSya	saMdfS	noun	2	saMdfS	ind	1
sannadDA	saMnah	noun	3	saMnah	verb	2
sannahya	saMnah	ind	1	saMnah	verb	1
sannahyatAm	saMnah	verb	3	saMnah	noun	2
sannahyate	saMnah	noun	2	saMnah	verb	2
sannatim	saMnati	noun	4	saMnam	noun	2
sannivartya	saMnivarti	noun	2	saMnivarti	ind	1
sanniveSya	saMniviS	noun	2	saMniveSi	noun	2
sanniveSya	saMniviS	noun	2	saMniveSi	ind	1
sanniyokzyate	saMniyuj	noun	2	saMniyuj	verb	2
sannyas	saMnI	noun	12	saMnyas	noun	7
sannyasya	saMnyas	ind	1	saMnyas	verb	1
santAmyati	saMtam	noun	2	saMtam	verb	1
santAnikA	saMtAnikA	noun	3	saMtAnika	noun	3
santApana	saMtApana	noun	4	saMtApi	noun	2
santApayanti	saMtApi	noun	4	saMtApi	verb	1
santApayati	saMtApi	noun	2	saMtApi	verb	1
santApinI	saMtap	noun	4	saMtApi	noun	4
santama	saMtam	noun	8	saMtAmi	noun	8
santapa	saMtap	noun	6	saMtap	verb	1
santapsyati	saMtap	noun	3	saMtap	verb	1
santara	saMtF	noun	8	saMtF	verb	1
santarati	saMtF	noun	2	saMtF	verb	1
santarjana	saMtarjana	noun	4	saMtarj	noun	2
santarjana	saMtarjana	noun	4	saMtarji	noun	2
santarjyamAna	saMtarj	noun	2	saMtarji	noun	2
santarpayizyati	saMtarpi	noun	6	saMtarpi	verb	2
santarpya	saMtarpi	noun	4	saMtarpi	ind	2
santatim	saMtati	noun	4	saMtan	noun	2
santozin	saMtuz	noun	2	saMtozi	noun	2
santozya	saMtuz	noun	2	saMtozi	noun	2
santozya	saMtuz	noun	2	saMtozi	ind	1
santuzya	saMtuz	ind	1	saMtuz	verb	1
santvarita	saMtvar	noun	2	saMtvAri	noun	2
santyaja	saMtyaj	noun	4	saMtyaj	verb	1
santyajanti	saMtyaj	noun	4	saMtyaj	verb	1
santyajati	saMtyaj	noun	2	saMtyaj	verb	1
santyajya	saMtyajya	noun	2	saMtyaj	ind	1
sapraTas	sapraTas	noun	10	sapraTa	noun	2
saptaSIrza	saptaSIrzan	noun	3	saptaSIrza	noun	2
saptaSiva	saptaSivA	noun	3	saptaSiva	noun	2
saptadvIpa	saptadvIpA	noun	3	saptadvIpa	noun	2
saptahA	saptaha	noun	1	saptahan	noun	1
saptanAmA	saptanAmA	noun	3	saptanAman	noun	2
saraTa	saraTa	noun	4	sf	verb	1
saraTam	saraTa	noun	6	saraTam	ind	1
sarad	sarat	noun	7	sf	noun	3
sarahasya	saraha	noun	2	sarahasya	noun	2
sarayu	sarayu	noun	6	sarayU	noun	5
sarp	sarb	noun	7	sarbi	noun	7
sarp	sarb	noun	7	sarpi	noun	7
sarp	sarb	noun	7	sarBi	noun	7
sarpAsya	sarpAsyA	noun	3	sarpAsya	noun	2
sarpI	sarpi	noun	16	sarpI	noun	9
sarpI	sarpi	noun	16	sfp	noun	1
sarvArTam	sarvArTa	noun	6	sarvArTam	ind	1
sarvAstra	sarvAstrA	noun	3	sarvAstra	noun	2
sarvAyus	sarvAyus	noun	9	sarvAyu	noun	2
sarvaBakzA	sarvaBakzA	noun	3	sarvaBakza	noun	1
sarvaBakza	sarvaBakzA	noun	3	sarvaBakza	noun	2
sarvaDA	sarvaDA	noun	2	sarvaDAman	noun	1
sarvahfdA	sarvahfd	noun	3	sarvahfdA	ind	1
sarvahutam	sarvahuta	noun	3	sarvahut	noun	2
sarvaka	sarv	noun	4	sarvi	noun	4
sarvaprayatnena	sarvaprayatna	noun	2	sarvaprayatnena	ind	1
sarvaratnAnAm	sarvaratna	noun	3	sarvaratnA	noun	2
sarvaratna	sarvaratnA	noun	3	sarvaratna	noun	2
sarvasaMsTa	sarvasaMsTA	noun	3	sarvasaMsTa	noun	2
sarvasaha	sarvasaha	noun	4	sarvasahA	noun	3
sarvavedas	sarvavedas	noun	10	sarvaveda	noun	2
sarvavidyA	sarvavidyA	noun	3	sarvavidya	noun	1
sarvavidyAsu	sarvavidyA	noun	2	sarvavidya	noun	1
sarvavidya	sarvavidyA	noun	3	sarvavidya	noun	2
sasattva	sasattvA	noun	3	sasattva	noun	2
sasnuzA	snA	noun	2	snE	noun	2
saspfham	saspfha	noun	3	saspfham	ind	1
sasruzI	sf	noun	8	srE	noun	4
sasti	sas	noun	6	sas	verb	1
sasvana	svan	verb	4	sasvana	noun	2
sasvane	sasvana	noun	9	svan	verb	4
sasvara	svF	verb	2	svf	verb	2
sasvara	svF	verb	2	sasvara	noun	2
sasvaram	sasvara	noun	3	sasvaram	ind	1
sasveda	sasvedA	noun	3	sasveda	noun	2
satam	sat	noun	4	sata	noun	3
satyaDarma	satyaDarma	noun	4	satyaDarman	noun	3
satyaDarme	satyaDarma	noun	18	satyaDarman	noun	4
satyaraTa	satyaraTA	noun	3	satyaraTa	noun	2
satyasanDa	satyasaMDa	noun	4	satyasaMDA	noun	3
satyasanDe	satyasaMDa	noun	18	satyasaMDA	noun	14
savAsas	savAsas	noun	5	savAsa	noun	1
saviSezam	saviSeza	noun	6	saviSezam	ind	1
savitarkam	savitarka	noun	3	savitarkam	ind	1
senayos	sena	noun	12	senA	noun	4
sevanIya	sevi	noun	4	siv	noun	2
sevanIya	sevi	noun	4	sev	noun	2
sevin	sevi	noun	4	siv	noun	2
sevin	sevi	noun	4	sev	noun	2
sevinI	sevi	noun	11	siv	noun	4
sevinI	sevi	noun	11	sev	noun	4
sevitavya	siv	noun	2	sev	noun	2
sfp	sfp	noun	7	sfB	noun	7
sfp	sfp	noun	7	sfmB	noun	3
siDyatAm	siD	verb	5	siD	noun	2
sidDavat	siD	noun	9	sidDavat	ind	1
sima	sima	noun	6	simA	noun	3
sinDujAn	sinDuja	noun	2	sinDujA	noun	1
sinDuja	sinDuja	noun	4	sinDujA	noun	3
sinvanti	sinv	noun	4	si	noun	3
sinvanti	sinv	noun	4	si	verb	1
sinvanti	sinv	noun	4	sinv	verb	1
sira	sirA	noun	3	sira	noun	2
sizAsata	sizAsa	verb	2	sisaniza	verb	2
skandatA	skandatA	noun	3	skand	noun	2
snA	snA	noun	15	snE	noun	12
snA	snA	noun	15	snAvi	noun	6
snAsyam	snas	noun	3	snAsi	noun	3
snAyamAna	snE	noun	4	snA	noun	2
somajA	somaja	noun	3	somajA	noun	2
somapAm	somapA	noun	4	somapa	noun	2
somapIti	somapIti	noun	3	somapItin	noun	3
somavat	somavat	noun	3	somavat	ind	1
somi	somI	noun	5	soma	noun	3
somi	somI	noun	5	somin	noun	3
sotkaRWam	sotkaRWa	noun	3	sotkaRWam	ind	1
sotseDam	sotseDa	noun	3	sotseDam	ind	1
sotum	su	ind	3	sU	ind	2
sotum	su	ind	3	sotu	noun	2
sozyati	su	noun	9	su	verb	3
spaSam	spaS	noun	10	spaSa	noun	3
sparDin	sparD	noun	2	sparDi	noun	2
sparDinA	sparD	noun	5	sparDi	noun	5
srotasya	srotasya	noun	4	srota	noun	2
stAra	stAri	noun	8	stf	noun	2
stamBitAsu	stamBi	noun	2	stamB	noun	1
stan	stani	noun	14	stamBi	noun	14
stan	stani	noun	14	stamB	noun	11
stan	stani	noun	14	stAmi	noun	7
stanaTa	stanaTa	noun	2	stan	verb	1
stanapa	stanapa	noun	2	stanapA	noun	1
stanatAm	stan	noun	2	stan	verb	1
stuka	stukA	noun	3	stuka	noun	2
suBAga	suBAgA	noun	3	suBAga	noun	2
suBIma	suBIma	noun	4	suBImA	noun	3
suBUzaRa	suBUzaRa	noun	4	suBUzaRA	noun	3
suBuja	suBujA	noun	3	suBuja	noun	2
suDAsyati	suDA	noun	3	suDA	verb	1
suDfti	suDft	noun	3	suDfti	noun	3
suDi	suDI	noun	10	suDA	noun	3
suDurA	suDur	noun	6	suDura	noun	2
suKArTam	suKArTa	noun	3	suKArTam	ind	1
suKade	suKada	noun	27	suKadA	noun	14
suKozita	suKozitA	noun	3	suKozita	noun	2
suPala	suPala	noun	4	suPalA	noun	3
suSravas	suSravas	noun	5	suSrava	noun	1
suSrutA	suSrut	noun	6	suSruta	noun	2
suSruti	suSrut	noun	6	suSruti	noun	3
subahu	subahu	noun	3	subahu	ind	1
sucarita	sucarita	noun	6	sucaritA	noun	3
sucitrAm	sucitrA	noun	2	sucitra	noun	2
sucitra	sucitra	noun	4	sucitrA	noun	3
sudA	sudA	noun	2	sudAman	noun	2
sudAruRA	sudAru	noun	4	sudAruRa	noun	1
sudAruRe	sudAruRa	noun	9	sudAru	noun	2
sudAsu	sudA	noun	2	sudAman	noun	2
sudIrGa	sudIrGA	noun	3	sudIrGa	noun	2
sudaMzwra	sudaMzwra	noun	4	sudaMzwrA	noun	3
sudakziRA	sudakziRA	noun	3	sudakziRa	noun	2
sudakziRAyAm	sudakziRA	noun	2	sudakziRa	noun	2
sudfQam	sudfQa	noun	3	sudfQam	ind	1
sudivas	sudiv	noun	12	sudiva	noun	1
suduHKam	suduHKa	noun	6	suduHKam	ind	1
sudurjayAn	sudurjaya	noun	2	sudurjayA	noun	1
sudurjaya	sudurjaya	noun	4	sudurjayA	noun	3
sugaRA	sugaR	noun	3	sugaRA	noun	3
sugaRA	sugaR	noun	3	sugaRa	noun	2
sugatim	sugati	noun	4	sugam	noun	2
sugupta	suguptA	noun	3	sugupta	noun	2
suguptam	sugupta	noun	3	suguptam	ind	1
suhita	suhitA	noun	3	suhita	noun	2
suhita	suhitA	noun	3	suh	noun	2
suhita	suhitA	noun	3	suDA	noun	2
sujAtAs	sujAta	noun	15	sujAtA	noun	5
sukalpam	sukalpi	noun	14	sukfp	noun	9
sukeSA	sukeSa	noun	2	sukeSan	noun	1
sukftas	sukft	noun	24	sukfta	noun	3
sukftyA	sukfti	noun	3	sukftyA	noun	3
sukftyA	sukfti	noun	3	sukftya	noun	3
sukftya	sukftya	noun	6	sukftyA	noun	3
sukftyayA	sukftya	noun	3	sukftyA	noun	2
sulalitam	sulalita	noun	3	sulalitam	ind	1
sulocana	sulocana	noun	4	sulocanA	noun	3
sulohita	sulohita	noun	4	sulohitA	noun	3
sumaDyama	sumaDyamA	noun	3	sumaDyama	noun	2
sumahat	sumahat	noun	3	sumahat	ind	1
sumanohara	sumanoharA	noun	3	sumanohara	noun	2
sumanorama	sumanoramA	noun	3	sumanorama	noun	2
sumeDas	sumeDas	noun	15	sumeDa	noun	1
sunIla	sunIla	noun	6	sunIlA	noun	3
sunakzatra	sunakzatra	noun	4	sunakzatrA	noun	3
sunandAm	sunanda	noun	3	sunandA	noun	2
sunasa	sunasA	noun	3	sunasa	noun	2
sunayana	sunayana	noun	4	sunayanA	noun	3
supASayA	supASA	noun	2	supASa	noun	1
supArA	supArA	noun	3	supAra	noun	2
supeSas	supeSas	noun	5	supeSa	noun	2
supraBAtA	supraBAtA	noun	3	supraBAta	noun	2
supraBAta	supraBAta	noun	4	supraBAtA	noun	3
suprajas	suprajas	noun	5	supraja	noun	1
suprasAda	suprasAda	noun	4	suprasAdA	noun	3
supratizWA	supratizWA	noun	3	supratizWa	noun	2
surAma	surAman	noun	3	surAma	noun	2
surAma	surAman	noun	3	sur	verb	1
surAnanda	surAnandA	noun	3	surAnanda	noun	2
surAzwrARAm	surAzwra	noun	6	surAzwrA	noun	2
suraRa	suraRa	noun	4	suraRA	noun	3
suraTAn	suraTa	noun	3	suraTA	noun	1
surocanA	surocanA	noun	3	surocana	noun	3
surottamAn	surottama	noun	2	surottamA	noun	1
suruci	suruc	noun	9	suruci	noun	6
susnigDa	susnigDA	noun	3	susnigDa	noun	2
sutArAm	sutAra	noun	3	sutArA	noun	2
sutasomA	sutasomA	noun	3	sutasoma	noun	2
sutasoma	sutasoma	noun	4	sutasomA	noun	3
sutyajam	sutyaja	noun	3	sutyaj	noun	2
suvAcas	suvAc	noun	24	suvAcas	noun	5
suvAsas	suvAsas	noun	5	suvAsa	noun	1
suvIrya	suvIrya	noun	4	suvIryA	noun	3
suvIrye	suvIrya	noun	18	suvIryA	noun	14
suvarRavarRa	suvarRavarRa	noun	4	suvarRavarRA	noun	3
suvarRavat	suvarRavat	noun	3	suvarRavat	ind	1
suvastra	suvastrA	noun	3	suvastra	noun	2
suvega	suvegA	noun	3	suvega	noun	2
suvfDA	suvfD	noun	3	suvfDa	noun	1
suvfDam	suvfDa	noun	3	suvfD	noun	2
suvfttAm	suvftta	noun	3	suvfttA	noun	2
suvfttAn	suvftta	noun	3	suvfttA	noun	1
suvftta	suvftta	noun	6	suvfttA	noun	3
suvinIta	suvinItA	noun	3	suvinIta	noun	2
suyama	suyama	noun	4	suyamA	noun	3
suzomA	suzomA	noun	3	suzoma	noun	1
suzoma	suzomA	noun	3	suzoma	noun	2
suzup	suzupsa	noun	7	suzupsi	noun	7
svAduPala	svAduPalA	noun	3	svAduPala	noun	2
svAhAkfti	svAhAkftI	noun	5	svAhAkft	noun	3
svAhAkfti	svAhAkftI	noun	5	svAhAkfti	noun	3
svApI	svApi	noun	10	svap	noun	1
svIyA	svIyA	noun	3	svIya	noun	2
svaSaktyA	svaSakti	noun	1	svaSaktyA	ind	1
svaja	svaja	noun	4	svajA	noun	4
svan	svAni	noun	7	svaYji	noun	7
svan	svAni	noun	7	svaYj	noun	4
svapas	svap	noun	14	svapas	noun	10
svapasyA	svapasyA	noun	3	svapasya	noun	1
svarAjA	svarAj	noun	9	svarAjan	noun	1
svastidA	svastidA	noun	2	svastida	noun	1
svastivAcya	svastivAcya	noun	4	svastivAcya	ind	1
svavftte	svavftta	noun	9	svavftti	noun	4
svayamBUs	svayamBU	noun	6	svayamBu	noun	2
syama	syam	noun	6	syAmi	noun	4
syama	syam	noun	6	syam	verb	1
syandin	syand	noun	2	syandi	noun	2
syat	so	noun	3	syand	noun	3
tAlaDvaja	tAlaDvajA	noun	3	tAlaDvaja	noun	2
tAlamAtram	tAlamAtra	noun	3	tAlamAtram	ind	1
tAmrAruRa	tAmrAruRa	noun	4	tAmrAruRA	noun	3
tAmravarRa	tAmravarRA	noun	3	tAmravarRa	noun	2
tAmrika	tAmrikA	noun	3	tAmrika	noun	2
tAnana	tAni	noun	4	tan	noun	2
tAnitAni	tAni	noun	6	tan	noun	3
tApayamAna	tApi	noun	12	tap	noun	4
tApayizRu	tApi	noun	9	tap	noun	3
tAq	tAqi	noun	21	taq	noun	7
tAq	tAqi	noun	21	tAwi	noun	7
tIrTavatI	tIrTavatI	noun	8	tIrTavat	noun	4
tUryARAm	tUrya	noun	6	tUr	noun	3
tUryARAm	tUrya	noun	6	tUri	noun	3
tadanantaram	tadanantara	noun	3	tadanantaram	ind	1
tadarTam	tadarTa	noun	6	tadarTam	ind	1
tadbala	tadbalA	noun	3	tadbala	noun	2
taddinam	taddina	noun	3	taddinam	ind	1
takti	taYc	noun	12	tak	noun	6
tamAlaka	tamAlaka	noun	4	tamAlakA	noun	3
tanayAByAm	tanaya	noun	27	tanayA	noun	6
tanmayA	tanman	noun	1	tanmaya	noun	1
tanumaDyA	tanumaDyA	noun	3	tanumaDya	noun	2
tanumaDya	tanumaDya	noun	4	tanumaDyA	noun	3
tanvatAm	tan	noun	2	tan	verb	1
tard	tardi	noun	14	tard	noun	7
tarjyamAna	tarji	noun	6	tarj	noun	2
tark	tarji	noun	21	tarj	noun	7
tark	tarji	noun	21	tark	noun	7
tark	tarji	noun	21	tarki	noun	7
tarkaya	tark	verb	1	tarki	verb	1
tarkayitavya	tark	noun	2	tarki	noun	2
tarkin	tark	noun	2	tarki	noun	2
tarpaka	tfp	noun	16	tarpi	noun	16
tarpayAYcakrire	tarpi	verb	8	tfp	verb	2
tarpyamARa	tarpi	noun	8	tfp	noun	2
taruRIm	taruRa	noun	3	taruRI	noun	2
taruRIzu	taruRa	noun	3	taruRI	noun	2
tarutrA	tarutf	noun	3	tarutra	noun	1
tatama	tam	verb	1	tatama	noun	1
tatkzaRAt	tatkzaRa	noun	2	tatkzaRAt	ind	1
tatkzaRam	tatkzaRa	noun	3	tatkzaRam	ind	1
tatpUrvam	tatpUrva	noun	3	tatpUrvam	ind	1
tavas	tavas	noun	10	tu	noun	3
tavyas	tavyas	noun	5	tu	noun	1
tepi	tepi	noun	18	tep	noun	9
tepi	tepi	noun	18	tip	noun	3
tfMhat	tfMh	noun	6	tfh	noun	3
tfkzi	tfkzi	noun	12	tfkz	noun	9
tfp	tfp	noun	28	tfP	noun	7
tfp	tfp	noun	28	tfmP	noun	3
titIrzu	titarIza	noun	6	titarIzi	noun	3
toyaDArA	toyaDArA	noun	3	toyaDAra	noun	1
tozin	tuz	noun	2	tozi	noun	2
trAsyamAna	trAsi	noun	6	trE	noun	4
triSIrza	triSIrzan	noun	3	triSIrza	noun	2
trijawa	trijawa	noun	4	trijawA	noun	3
trimuKa	trimuKA	noun	3	trimuKa	noun	2
trivfza	trivfza	noun	4	trivfzan	noun	3
truwa	truw	noun	4	truw	verb	1
tryanIka	tryanIkA	noun	3	tryanIka	noun	2
tuRqika	tuRqika	noun	4	tuRqikA	noun	3
tugryA	tugryA	noun	3	tugrya	noun	1
tugrya	tugryA	noun	3	tugrya	noun	2
tun	tuYj	noun	21	tuYji	noun	21
tun	tuYj	noun	21	tumb	noun	14
tun	tuYj	noun	21	tumbi	noun	14
tun	tuYj	noun	21	tumPi	noun	14
tun	tuYj	noun	21	tumpi	noun	14
tun	tuYj	noun	21	tumP	noun	8
tun	tuYj	noun	21	tump	noun	8
tun	tuYj	noun	21	tuRq	noun	7
tun	tuYj	noun	21	tuRqi	noun	7
tundyAm	tundI	noun	2	tundi	noun	2
turaNgI	turaMgI	noun	8	turaMgin	noun	1
turayA	turayA	noun	2	tura	noun	1
turayA	turayA	noun	2	tur	noun	1
tuta	tu	noun	2	tu	verb	1
tuvikUrmi	tuvikUrmi	noun	3	tuvikUrmin	noun	3
tvAdfSam	tvAdfSa	noun	3	tvAdfS	noun	2
tvacasya	tvaca	noun	4	tvacasya	noun	2
tvacasya	tvaca	noun	4	tvac	noun	2
tvaritavat	tvar	noun	3	tvAri	noun	3
tvaryamARa	tvar	noun	2	tvAri	noun	2
tvezya	tviz	noun	2	tvezi	noun	2
tvizI	tviz	noun	6	tvizi	noun	6
uSAna	uSAnA	noun	3	vaS	noun	2
uSat	uSat	noun	7	vaS	noun	3
ucCAt	ucC	noun	12	ucCi	noun	8
ucCanti	ucC	noun	8	ucC	verb	2
ucCat	ucCad	noun	7	ucCAdi	noun	7
ucCat	ucCad	noun	7	ucC	noun	6
ucCed	ucCedi	noun	7	ucC	verb	2
ucCedin	ucCid	noun	2	ucCedi	noun	2
ucCena	ucC	noun	14	ucCi	noun	8
uccarate	uccar	noun	2	uccar	verb	1
udAhfta	udAhf	noun	2	udAhf	verb	1
udAyya	udAay	noun	2	udAAyi	noun	2
udAyya	udAay	noun	2	udAay	ind	1
udAyya	udAay	noun	2	udAAyi	ind	1
udBAsin	udBAs	noun	2	udBAsi	noun	2
udBAvya	udBU	noun	2	udBAvi	noun	2
udBAvya	udBU	noun	2	udBAvi	ind	1
udBaranti	udBf	noun	4	udBf	verb	1
udBare	udBf	noun	27	udBf	verb	1
udBrAmyati	udBram	noun	2	udBram	verb	1
udDarzin	udDfz	noun	4	udDarzi	noun	4
udIr	udIr	noun	7	udIri	noun	7
udIryamARa	udIr	noun	2	udIri	noun	2
udaca	udac	noun	4	udac	verb	1
udarci	udarci	noun	9	udfc	noun	3
udbanDinI	udbanDi	noun	10	udbanD	noun	4
udgantA	udgam	verb	2	udgantf	noun	1
udgantA	udgam	verb	2	udgam	noun	1
udubja	udubji	noun	6	udubj	noun	4
udubja	udubji	noun	6	udubj	verb	1
udvIkzita	udviIkz	noun	2	udviIkzi	noun	2
udvejanIya	udvij	noun	4	udveji	noun	4
udvfttAnAm	udvftta	noun	6	udvft	noun	3
udyamAna	und	noun	2	vad	noun	2
udyuta	udyu	noun	2	udyu	verb	1
uhyatAm	uh	verb	1	vah	verb	1
ujjIvita	ujjIv	noun	2	ujjIvi	noun	2
ujjihAnA	ujjihAnA	noun	3	ujjihAna	noun	1
ujjihAnA	ujjihAnA	noun	3	udDA	noun	2
ujjihIrzu	ujjihIrza	noun	6	ujjihIrzi	noun	3
ujjval	ujjval	noun	14	ujjvAli	noun	7
uktavate	vac	noun	4	brU	noun	2
unmAdayati	unmAdi	noun	2	unmAdi	verb	1
unmaTitA	unmaT	noun	3	unmaT	verb	2
unmattavat	unmad	noun	6	unmattavat	ind	1
unnad	unnad	noun	7	unnah	noun	7
up	uB	noun	7	vap	noun	7
up	uB	noun	7	ubj	noun	7
up	uB	noun	7	ubji	noun	7
up	uB	noun	7	umB	noun	3
upAGrAta	upaAGrA	noun	2	upaGrA	verb	1
upAGrAta	upaAGrA	noun	2	upaAGrA	verb	1
upASrayanti	upaASri	noun	4	upaASri	verb	1
upAdAsye	upaAdA	verb	4	upadA	verb	2
upAdAsye	upaAdA	verb	4	upadI	verb	2
upAdAsye	upaAdA	verb	4	upadAsi	verb	1
upAjiGrat	upaAGrA	noun	3	upaGrA	verb	1
upAjiGrat	upaAGrA	noun	3	upaAGrA	verb	1
upAkayos	upAka	noun	6	upAkA	noun	4
upAkurvan	upaAkf	noun	2	upaskf	verb	1
upAkurvan	upaAkf	noun	2	upaAkf	verb	1
upAlabDa	upaAlaB	noun	2	upalaB	verb	1
upAlabDa	upaAlaB	noun	2	upaAlaB	verb	1
upAs	upaAsi	noun	14	upaas	noun	7
upAs	upaAsi	noun	14	upaAs	noun	7
upAsitavya	upaas	noun	2	upaAs	noun	2
upAsitf	upaas	noun	6	upaAs	noun	6
upAsyamAna	upaas	noun	8	upaAsi	noun	4
upAsyamAna	upaas	noun	8	upaAs	noun	2
upAvartayat	upaAvarti	noun	3	upavarti	verb	1
upAvartayat	upaAvarti	noun	3	upaAvarti	verb	1
upAvasfja	upaavasfj	noun	4	upaavasfj	verb	1
upAviSa	upaAviS	noun	2	upaAviS	verb	1
upAyAyAt	upaAyAyA	noun	6	upaAyA	noun	3
upAyAyAt	upaAyAyA	noun	6	upaAyA	verb	2
upAyAyAt	upaAyAyA	noun	6	upaAyAyAya	noun	2
upAyAyAt	upaAyAyA	noun	6	upayAyA	verb	1
upAyAyAt	upaAyAyA	noun	6	upaAyAyA	verb	1
upAyatA	upaAi	noun	2	upaAyam	noun	1
upAyata	upaAyam	noun	2	upayam	verb	1
upAyata	upaAyam	noun	2	upaAyam	verb	1
upaDAtum	upaDAtu	noun	2	upaDe	ind	1
upaDAtum	upaDAtu	noun	2	upaDA	ind	1
upaDehi	upadADA	verb	2	upaDA	verb	1
upaSAyin	upaSI	noun	2	upaSAyi	noun	2
upaSikzita	upaSikzi	noun	4	upaSikz	noun	2
upaSikzita	upaSikzi	noun	4	upaSikza	noun	2
upaSoza	upaSozi	noun	8	upaSuz	noun	6
upabarhaRI	upabarhaRI	noun	8	upabfh	noun	2
upabarhaRI	upabarhaRI	noun	8	upabarhi	noun	2
upacArin	upacar	noun	2	upacAri	noun	2
upacAyaka	upaci	noun	4	upacAy	noun	4
upacAyaka	upaci	noun	4	upacAyi	noun	4
upacAyaka	upaci	noun	4	upacApi	noun	4
upacitra	upacitra	noun	4	upacitrA	noun	3
upadas	upaday	noun	12	upadas	noun	7
upadas	upaday	noun	12	upadA	noun	1
upadeSana	upadeSanA	noun	3	upadeSana	noun	2
upadeSana	upadeSanA	noun	3	upadiS	noun	2
upadeSana	upadeSanA	noun	3	upadeSi	noun	2
upahiMsAm	upahiMs	noun	23	upahiMsi	noun	14
upajApaka	upajApi	noun	4	upajap	noun	2
upajApya	upajApi	noun	2	upajApi	ind	1
upajIvanIya	upajIv	noun	2	upajIvi	noun	2
upajIvin	upajIv	noun	2	upajIvi	noun	2
upakArin	upaskAri	noun	4	upaskf	noun	2
upakArin	upaskAri	noun	4	upaskF	noun	2
upakziyanti	upakzi	noun	4	upakzi	verb	1
upamitA	upamit	noun	3	upamA	noun	1
upanipatizyati	upanipat	noun	3	upanipat	verb	1
upanizadA	upanizad	noun	15	upanizada	noun	1
upapAdaka	upapAdi	noun	4	upapad	noun	2
upapAdin	upapad	noun	2	upapAdi	noun	2
upapreta	upaprai	noun	2	upaprai	verb	1
uparaYjana	uparaYj	noun	4	uparAji	noun	4
upasTApana	upasTApanA	noun	3	upasTApana	noun	2
upasTApana	upasTApanA	noun	3	upasTApi	noun	2
upasaMkAra	upasaMskAri	noun	8	upasaMskf	noun	2
upasaNgamya	upasaMgAmi	noun	4	upasaMgam	noun	2
upasaNgamya	upasaMgAmi	noun	4	upasaMgam	ind	1
upasaNgrAhyA	upasaMgrah	noun	1	upasaMgrAhi	noun	1
upasamprAptA	upasaMpraAp	noun	3	upasaMpraAp	verb	2
upasamprApya	upasaMpraAp	noun	2	upasaMpraApi	noun	2
upasamprApya	upasaMpraAp	noun	2	upasaMpraAp	ind	1
upasamprApya	upasaMpraAp	noun	2	upasaMpraApi	ind	1
upasevin	upasev	noun	2	upasevi	noun	2
upatApin	upatap	noun	2	upatApi	noun	2
upatti	upadA	noun	6	upaday	noun	6
upavAkya	upavac	noun	2	upabrU	noun	2
upavAsaka	upavAsi	noun	8	upavas	noun	4
upavAsin	upavas	noun	4	upavAsi	noun	4
upavandya	upavand	noun	2	upavandi	noun	2
upavandya	upavand	noun	2	upavand	ind	1
upavandya	upavand	noun	2	upavandi	ind	1
upavas	upaav	noun	12	upavas	noun	7
upavas	upaav	noun	12	upavA	noun	1
upaveSi	upaveSi	noun	12	upaviS	noun	3
upayatam	upayat	noun	11	upayam	noun	3
uped	upai	noun	7	upaAi	noun	7
upekzaRIya	upaIkz	noun	2	upaIkzi	noun	2
upekzizye	upaIkz	verb	2	upaIkzi	verb	2
urujrayas	urujrayas	noun	5	urujri	noun	4
usriya	usriya	noun	4	usriyA	noun	3
utaye	u	noun	4	ve	noun	4
utkIrtya	utkIrti	noun	4	utkIrti	ind	2
utkocin	utkuc	noun	2	utkoci	noun	2
utpad	utpat	noun	7	utpad	noun	7
utpat	utpat	noun	7	utpad	noun	7
utprekzaRIya	utpraIkz	noun	2	utpraIkzi	noun	2
utsAhin	utsah	noun	4	utsAhi	noun	4
utsAra	utsAri	noun	16	utsf	noun	4
utsAri	utsAri	noun	18	utsf	noun	6
utsarja	utsarji	noun	12	utsfj	noun	4
utsarpizu	utsfp	noun	2	utsarpi	noun	2
utyA	u	noun	3	ve	noun	3
uvaca	vac	verb	2	brU	verb	1
uzAs	uza	noun	10	uzA	noun	5
uzAs	uza	noun	10	uzas	noun	4
uzAs	uza	noun	10	uz	noun	5
vAcyamAna	vAci	noun	6	vac	noun	2
vAhani	vAhi	noun	2	vAh	noun	1
vAhyamAna	vAhi	noun	4	vAh	noun	2
vAjaSravas	vAjaSravas	noun	10	vAjaSrava	noun	1
vAjasA	vAjasA	noun	2	vAjasAman	noun	1
vAjasAm	vAjasA	noun	4	vAjasAman	noun	2
vAlUkA	vAlUkA	noun	3	vAlUka	noun	1
vAlaKilyAnAm	vAlaKilya	noun	3	vAlaKilyA	noun	2
vAmAkzI	vAmAkzI	noun	8	vAmAkzi	noun	6
vAmAkzIRAm	vAmAkzi	noun	3	vAmAkzI	noun	2
vApsu	vApi	noun	12	vAji	noun	3
vArDuzi	vArdDuzI	noun	5	vArdDuzi	noun	3
vArDuzi	vArdDuzI	noun	5	vArdDuzin	noun	3
vAramuKya	vAramuKyA	noun	3	vAramuKya	noun	2
vArayat	vAri	noun	18	vf	noun	3
vAriDArA	vAriDArA	noun	3	vAriDAra	noun	1
vAriDAra	vAriDArA	noun	3	vAriDAra	noun	2
vAriDAre	vAriDArA	noun	14	vAriDAra	noun	9
vArta	vArtta	noun	6	vArttA	noun	3
vAsavadatta	vAsavadattA	noun	3	vAsavadatta	noun	2
vAsayitA	vAsi	verb	14	vAsayitf	noun	1
vAsayitA	vAsi	verb	14	vAsi	noun	7
vAsodA	vAsodA	noun	2	vAsoda	noun	1
vAsoda	vAsoda	noun	2	vAsodA	noun	1
vAstuvidyA	vAstuvidyA	noun	3	vAstuvidya	noun	1
vAsyati	vE	noun	3	vA	noun	3
vAsyati	vE	noun	3	ve	noun	3
vAsyati	vE	noun	3	vA	verb	1
vAsyati	vE	noun	3	ve	verb	1
vAsyati	vE	noun	3	vE	verb	1
vAtajA	vAtajA	noun	2	vAtaja	noun	2
vAtaja	vAtaja	noun	4	vAtajA	noun	1
vAtaraMhas	vAtaraMhas	noun	5	vAtaraMha	noun	1
vAvad	vAvA	noun	15	vAvadya	noun	14
vAvad	vAvA	noun	15	vAvas	noun	7
vAvad	vAvA	noun	15	vAvad	noun	7
vAvad	vAvA	noun	15	vAvasya	noun	7
vAyata	vAyata	noun	2	vE	verb	1
vAyugopa	vAyugopa	noun	2	vAyugopA	noun	1
vAyuvega	vAyuvega	noun	4	vAyuvegA	noun	3
vITikA	vITikA	noun	3	vITika	noun	1
vIkzyamARa	viIkz	noun	2	viIkzi	noun	2
vIrakarmARi	vIrakarma	noun	3	vIrakarman	noun	3
vItaSoka	vItaSoka	noun	4	vItaSokA	noun	3
vaDASaNkA	vaDASaNkA	noun	3	vaDASaNka	noun	1
vaDyatA	vaDyat	noun	3	vaDyatA	noun	3
vaMSakarAn	vaMSakara	noun	1	vaMSakarA	noun	1
vaMSakara	vaMSakarA	noun	3	vaMSakara	noun	2
vaRiksuta	vaRiksutA	noun	3	vaRiksuta	noun	2
vaYcayitavya	vaYci	noun	4	vaYc	noun	2
vaYcyamAna	vaYci	noun	4	vaYc	noun	2
vahas	vahas	noun	5	vaha	noun	1
vahas	vahas	noun	5	vah	noun	2
vajrasUcI	vajrasUcI	noun	8	vajrasUci	noun	6
vajrasUci	vajrasUcI	noun	5	vajrasUci	noun	3
vak	vaj	noun	7	vaK	noun	7
vak	vaj	noun	7	vask	noun	7
vak	vaj	noun	7	vaski	noun	7
vak	vaj	noun	7	vaYc	noun	6
vakzI	vakzI	noun	8	vakz	noun	4
vakzI	vakzI	noun	8	vakzi	noun	4
vakzaRi	vakzaRi	noun	3	vakz	noun	1
vakzaRi	vakzaRi	noun	3	vakzi	noun	1
vakzaTa	vakzaTa	noun	2	vakz	verb	1
vakzaTas	vakz	verb	1	vakzaTa	noun	1
van	vAni	noun	28	vaYc	noun	15
van	vAni	noun	28	vaRq	noun	14
van	vAni	noun	28	vaRw	noun	14
van	vAni	noun	28	vaYci	noun	14
van	vAni	noun	28	vaRqi	noun	14
van	vAni	noun	28	vaRwi	noun	14
van	vAni	noun	28	vaRW	noun	7
van	vAni	noun	28	vaNg	noun	7
van	vAni	noun	28	vaMh	noun	7
van	vAni	noun	28	vaNk	noun	7
van	vAni	noun	28	vand	noun	7
van	vAni	noun	28	vaNK	noun	7
van	vAni	noun	28	vAmi	noun	7
van	vAni	noun	28	vaNG	noun	7
van	vAni	noun	28	vaNKi	noun	7
van	vAni	noun	28	vaNGi	noun	7
van	vAni	noun	28	vaRWi	noun	7
van	vAni	noun	28	vaNgi	noun	7
van	vAni	noun	28	vaMhi	noun	7
van	vAni	noun	28	vaNki	noun	7
van	vAni	noun	28	vandi	noun	7
van	vAni	noun	28	av	noun	1
vanadurga	vanadurga	noun	4	vanadurgA	noun	3
vanamAla	vanamAlA	noun	3	vanamAla	noun	2
vanarAji	vanarAjI	noun	5	vanarAji	noun	3
vanarAjizu	vanarAji	noun	3	vanarAjI	noun	1
vanasTAn	vanasTa	noun	2	vanasTA	noun	1
vanasTayA	vanasTA	noun	2	vanasTa	noun	2
vanasTe	vanasTa	noun	18	vanasTA	noun	14
vanavAsizu	vanavAsin	noun	4	vanavAsI	noun	1
vandanIya	vandanIyA	noun	3	vandanIya	noun	2
vandanIya	vandanIyA	noun	3	vand	noun	2
vandanIya	vandanIyA	noun	3	vandi	noun	2
vandinAm	vand	noun	2	vandi	noun	2
vandyamAnam	vand	noun	3	vandi	noun	3
vanu	vanu	noun	3	van	verb	1
vapuzya	vapuzyA	noun	3	vapuzya	noun	2
varAroha	varAroha	noun	4	varArohA	noun	3
varDanIya	varDi	noun	8	vfD	noun	4
varDayata	varDi	verb	4	vfD	verb	1
varDyamAna	varDi	noun	8	vfD	noun	2
varRanIya	varRi	noun	10	vfR	noun	2
varUtri	varUtrI	noun	5	varUtri	noun	3
varUtri	varUtrI	noun	5	varUtf	noun	1
varaRIya	vf	noun	8	vF	noun	4
varaRIya	vf	noun	8	vari	noun	4
varizyati	vf	noun	9	vF	noun	6
varizyati	vf	noun	9	vf	verb	3
varizyati	vf	noun	9	vF	verb	2
varjanIya	vfj	noun	6	varji	noun	6
vart	varDi	noun	28	varti	noun	21
vart	varDi	noun	28	vft	noun	7
vart	varDi	noun	28	vfD	noun	7
vartayaTa	varti	verb	3	vft	verb	1
vartayantIm	varti	noun	3	vft	noun	1
vartayas	varti	noun	28	vari	noun	16
vartayas	varti	noun	28	vft	noun	8
vartti	varti	noun	18	vft	noun	6
varve	varva	noun	9	varvi	noun	2
varzin	varzi	noun	8	vfz	noun	2
varzin	varzi	noun	8	varz	noun	2
vasatInAm	vasati	noun	6	vasatI	noun	2
vasates	vasati	noun	8	vasatI	noun	2
vastradA	vastradA	noun	2	vastrada	noun	1
vasuDArA	vasuDArA	noun	3	vasuDAra	noun	2
vasudAm	vasudA	noun	6	vasuda	noun	2
vasudAm	vasudA	noun	6	vasudAman	noun	2
vasunDarAyAm	vasuMDarA	noun	2	vasuMDara	noun	2
vasuruci	vasuruc	noun	3	vasuruci	noun	3
vasuvani	vasuvani	noun	6	vasuvan	noun	2
vasyas	vasyas	noun	10	vasI	noun	4
vasyas	vasyas	noun	10	vasi	noun	2
vayaHsTAm	vayaHsTA	noun	2	vayaHsTa	noun	2
vayaHsTa	vayaHsTa	noun	4	vayaHsTA	noun	3
vayad	vayat	noun	7	ve	noun	3
vayuna	vayuna	noun	4	vayunA	noun	3
veSAnta	veSAntA	noun	3	veSAnta	noun	2
vedasmfti	vedasmftI	noun	5	vedasmfti	noun	3
vedaye	vedi	noun	24	vedi	verb	6
vedaye	vedi	noun	24	vedI	noun	1
vegavAhinI	vegavAhinI	noun	8	vegavAhin	noun	4
vejitA	veji	noun	3	veji	verb	3
vepyamAna	vep	noun	2	vepi	noun	2
vetasu	vetasu	noun	3	vetA	noun	1
vetraDarA	vetraDarA	noun	3	vetraDara	noun	1
vevezwu	veviz	verb	3	viz	verb	1
vevezwu	veviz	verb	3	veviS	verb	1
vevezwu	veviz	verb	3	vevezw	verb	1
vevizARa	veviz	noun	6	viz	noun	4
vezwyamAna	vezw	noun	2	vezwi	noun	2
vfMhaka	vfMh	noun	4	vfMhi	noun	4
vfdDasena	vfdDasenA	noun	3	vfdDasena	noun	2
vfkzacCAyA	vfkzacCAyA	noun	3	vfkzacCAya	noun	1
vftraha	vftrahan	noun	3	vftraha	noun	2
vftrahatya	vftrahatyA	noun	3	vftrahatya	noun	2
vftrahatye	vftrahatyA	noun	14	vftrahatya	noun	9
vfzaBAs	vfzaBa	noun	10	vfzaBA	noun	5
vfzaByAm	vfzan	noun	18	vfzA	noun	3
vfzaByAm	vfzan	noun	18	vfzaBI	noun	2
viBis	vi	noun	6	vI	noun	2
viBis	vi	noun	6	ve	noun	1
viDAraya	viDAri	verb	2	viDAraya	noun	2
viDAti	viDUni	noun	18	viDAvi	noun	12
viDAti	viDUni	noun	18	viDU	noun	6
viDAti	viDUni	noun	18	viDAyi	noun	6
viDIyantAm	viDI	verb	2	viDe	verb	1
viDIyantAm	viDI	verb	2	viDA	verb	1
viDIyeran	viDI	verb	2	viDe	verb	1
viDIyeran	viDI	verb	2	viDA	verb	1
viDU	viDu	noun	12	viDU	noun	9
viDamA	viDamA	noun	3	viDmA	noun	1
viDezu	viDa	noun	4	viD	noun	2
viDezu	viDa	noun	4	viDA	noun	2
viDitsu	viDitsa	noun	12	viDitsi	noun	6
viDvaMsayizyati	viDvaMsi	noun	3	viDvaMsi	verb	1
viDyantam	viDyanta	noun	3	vyaD	noun	1
viGawwanIya	viGawwi	noun	6	viGaww	noun	2
viGawwinI	viGawwi	noun	30	viGaww	noun	10
viGawwinI	viGawwi	noun	30	viGaw	noun	6
viGawwinI	viGawwi	noun	30	viGAwi	noun	6
viSase	viSas	noun	30	viSaMs	noun	3
viSastam	viSas	noun	3	viSaMs	noun	3
viSezaya	viSezi	verb	4	viSiz	verb	1
viSezayizyan	viSezi	noun	4	viSiz	noun	2
viSeziRe	viSiz	noun	4	viSezi	noun	4
viSiKAnAm	viSiKa	noun	6	viSiKA	noun	2
viSizyamARa	viSiz	noun	4	viSAs	noun	2
viSlaTam	viSlATi	noun	14	viSlaT	noun	11
viSrARya	viSrARi	noun	6	viSraR	noun	4
viSrARya	viSrARi	noun	6	viSrARi	ind	4
viSrARya	viSrARi	noun	6	viSraR	ind	1
viSrAmyatAm	viSram	noun	2	viSram	verb	1
viSvAsyA	viSvas	noun	1	viSvAsi	noun	1
viSvaSamBu	viSvaSamBU	noun	10	viSvaSamBu	noun	3
viSvaSuce	viSvaSuc	noun	3	viSvaSuci	noun	2
viSvacakzas	viSvacakzas	noun	5	viSvacakza	noun	1
viSvarUpARAm	viSvarUpa	noun	9	viSvarUpA	noun	2
viSvarUpAn	viSvarUpa	noun	3	viSvarUpA	noun	1
viSvarUpayA	viSvarUpa	noun	3	viSvarUpA	noun	2
viSvasizyati	viSvas	noun	3	viSvas	verb	1
viSvastavat	viSvas	noun	3	viSvastavat	ind	1
viSvavArA	viSvavArA	noun	3	viSvavAra	noun	1
viSvavArAm	viSvavArA	noun	2	viSvavAra	noun	1
viSvavAra	viSvavArA	noun	3	viSvavAra	noun	2
viSvavAre	viSvavArA	noun	14	viSvavAra	noun	9
viSvavedas	viSvavedas	noun	5	viSvaveda	noun	1
vibAbaDe	vibAbaDya	noun	60	vibAbanD	noun	3
vicArayizyate	vicAri	verb	3	vicAri	noun	2
vicCedana	vicCedanA	noun	3	vicCedana	noun	2
vicCedana	vicCedanA	noun	3	vicCid	noun	2
vicCedana	vicCedanA	noun	3	vicCedi	noun	2
vicalita	vical	noun	4	vicAli	noun	2
vicaratAm	vicar	noun	2	vicar	verb	1
vicfta	vicft	noun	2	vicft	verb	1
vicikitsita	vicikitsa	noun	4	vicikitsi	noun	2
vicikitsita	vicikitsa	noun	4	vicikitsya	noun	2
vidAhin	vidah	noun	2	vidAhi	noun	2
vidAyya	viday	noun	2	vidAyi	noun	2
vidAyya	viday	noun	2	vidAyi	ind	1
vidadre	vidF	verb	2	vidrA	verb	2
vidalayati	vidAli	noun	2	vidAli	verb	1
vidarSitA	vidarSi	verb	2	vidfS	verb	1
vidarSitA	vidarSi	verb	2	vidarSi	noun	1
vidas	vid	noun	75	vida	noun	1
vidas	vid	noun	75	viday	noun	12
vidas	vid	noun	75	vidas	noun	7
vidas	vid	noun	75	vidA	noun	2
vidis	vidA	noun	4	vido	noun	2
vidyutpraBa	vidyutpraBa	noun	4	vidyutpraBA	noun	3
vigAhana	vigAh	noun	2	vigAhi	noun	2
vigAhyamAna	vigAh	noun	2	vigAhi	noun	2
vihA	vihA	noun	35	vihA	ind	1
vihArin	vihf	noun	2	vihAri	noun	2
vihaNgamAn	vihaMgama	noun	2	vihaMgamA	noun	1
vijA	vij	noun	15	vijAman	noun	1
vijAhizyati	vijAhA	noun	6	vijAhA	verb	2
vijAn	vijan	noun	7	vij	noun	3
vijAta	vijAtA	noun	3	vijan	noun	2
vijara	vijara	noun	4	vijarA	noun	3
vijayinam	vijayina	noun	3	vijayin	noun	2
vijiGAMsu	vijiGAMsa	noun	6	vijiGAMsi	noun	3
vijiGatsu	vijiGatsa	noun	12	vijiGatsi	noun	6
vijijYAsya	vijijYAsa	noun	2	vijijYAsi	noun	2
vijijYAsya	vijijYAsa	noun	2	vijijYAsi	ind	1
vijijYAsya	vijijYAsa	noun	2	vijijYAsa	ind	1
vik	vij	noun	28	vic	noun	7
vik	vij	noun	28	vyac	noun	7
vikAsayati	vikAsi	noun	2	vikAsi	verb	1
vikAsin	vikas	noun	2	vikAsi	noun	2
vikalpana	vikalpana	noun	4	vikfp	noun	2
vikalpana	vikalpana	noun	4	vikalpi	noun	2
vikarzin	vikfz	noun	4	vikarzi	noun	4
vikrandita	vikrand	noun	2	vikrandi	noun	2
vikranditavati	vikrand	noun	3	vikrandi	noun	3
vikroSatAm	vikruS	noun	2	vikruS	verb	1
vikuRWana	vikuRWanA	noun	3	vikuRWana	noun	2
vilApaya	vilAli	verb	4	vilApi	verb	2
vilaNGin	vilaNG	noun	2	vilaNGi	noun	2
vilap	vilap	noun	7	vilaB	noun	7
vilapatAm	vilap	noun	2	vilap	verb	1
vilokitavatI	vilok	noun	4	viloki	noun	4
vilokyamAna	vilok	noun	2	viloki	noun	2
vimA	vimA	noun	32	vimi	noun	9
vimA	vimA	noun	32	vime	noun	9
vimanas	vimanas	noun	10	viman	noun	6
vimarSanIya	vimfS	noun	2	vimarSi	noun	2
vimokzya	vimokzi	noun	4	vimokzi	ind	2
vinASin	vinaS	noun	2	vinASi	noun	2
vinAdam	vinAdi	noun	14	vinad	noun	3
vinAdin	vinad	noun	2	vinAdi	noun	2
vinad	vinah	noun	7	vinad	noun	7
vinigrAhya	vinigrah	noun	2	vinigrAhi	noun	2
vinigrAhya	vinigrah	noun	2	vinigrAhi	ind	1
vinikfta	vinikf	noun	2	vinikft	noun	2
vinipat	vinipat	noun	7	vinipad	noun	7
vinodayati	vinodi	noun	4	vinodi	verb	2
vinuda	vinud	noun	4	vinud	verb	2
vinudanti	vinud	noun	8	vinud	verb	2
vinyas	vinI	noun	12	vinyas	noun	7
vipASa	vipASA	noun	3	vipASa	noun	2
vipaSya	vidfS	noun	2	vidfS	verb	1
vipacati	vipac	noun	2	vipac	verb	1
viparItavat	viparii	noun	3	viparItavat	ind	1
vipraGAtinam	viprahan	noun	1	vipraGAti	noun	1
vipralap	vipralap	noun	7	vipralaB	noun	7
vipramocya	vipramuc	noun	2	vipramoci	noun	2
vipramocya	vipramuc	noun	2	vipramoci	ind	1
viprekzaRI	vipraIkz	noun	1	vipraIkzi	noun	1
vipulAsu	vipula	noun	3	vipulA	noun	2
virahayan	virahi	noun	2	virAhi	noun	2
virahin	virahi	noun	2	virAhi	noun	2
virajati	viraYj	noun	2	viraYj	verb	1
viruja	viruj	noun	2	viruj	verb	1
visrAvitA	visru	verb	1	visrAvi	verb	1
visrAvitA	visru	verb	1	visrAvi	noun	1
visramBaRa	visramB	noun	2	visramBi	noun	2
visras	visras	noun	5	visra	noun	2
vitan	vitaMs	noun	7	vitaMsi	noun	7
vitanu	vitanu	noun	6	vitan	verb	1
vittadA	vittadA	noun	3	vittada	noun	1
vivA	vivA	noun	22	vive	noun	9
vivA	vivA	noun	22	vivAyi	noun	6
vivA	vivA	noun	22	vivApi	noun	6
vivAdin	vivad	noun	2	vivAdi	noun	2
vivAhinI	vivah	noun	4	vivAhi	noun	4
vivAs	vivA	noun	53	vivAsi	noun	35
vivAs	vivA	noun	53	vivAsa	noun	21
vivAs	vivA	noun	53	vive	noun	16
vivAs	vivA	noun	53	vivAyi	noun	16
vivAs	vivA	noun	53	vivApi	noun	16
vivAsita	vivAsi	noun	10	vivAsa	noun	6
vivAsyatAm	vivAsi	verb	7	vivAsa	verb	3
vivAsyatAm	vivAsi	verb	7	vive	noun	2
vivAsyatAm	vivAsi	verb	7	vivA	noun	2
vivada	vivad	noun	6	vivad	verb	1
vivaktavyam	vivac	noun	6	vibrU	noun	3
vivakzaRa	vivakzi	noun	8	vivakza	noun	8
vivakzu	vivakza	noun	21	vivakzi	noun	9
vivalitam	vival	noun	3	vivAli	noun	3
vivarjanIya	vivfj	noun	6	vivarji	noun	6
vivarjayat	vivarji	noun	9	vivfj	noun	3
vivart	vivarti	noun	7	vivarDi	noun	7
vivas	vivas	noun	7	vivA	noun	1
vivecanIya	vivic	noun	2	viveci	noun	2
vivecanIyam	vivic	noun	3	viveci	noun	3
vivek	viveji	noun	14	viveci	noun	7
vivfScanti	vivraSc	noun	4	vivraSc	verb	1
vivfhatam	vivfhat	noun	2	vivfh	verb	1
viviDyatAm	vivyaD	noun	2	vivyaD	verb	2
viviYcanti	vivic	noun	3	vivic	verb	1
vividizARi	vividiza	noun	18	vividizi	noun	12
vividizARi	vividiza	noun	18	vividiza	verb	2
vivikzu	vivikza	noun	24	vivij	noun	6
vivikzu	vivikza	noun	24	vivikzi	noun	6
vivikzu	vivikza	noun	24	vivic	noun	3
vivitsamAna	vivitsa	noun	8	vividiza	noun	4
vivyA	vivI	noun	3	vyaj	noun	3
vivyAsa	vivyAsa	noun	6	vivyAsi	noun	4
vivyAsa	vivyAsa	noun	6	vivyAsa	verb	1
viyuta	viyutA	noun	3	viyu	verb	1
viyuta	viyutA	noun	3	viyu	noun	2
vizApaha	vizApaha	noun	4	vizApahA	noun	3
vizUci	vizUcI	noun	5	vizUci	noun	3
vizahaRI	vizahan	noun	6	vizah	noun	1
vizwaraSravas	vizwaraSravas	noun	5	vizwaraSrava	noun	1
vratacaryA	vratacaryA	noun	3	vratacarya	noun	1
vratacarya	vratacaryA	noun	3	vratacarya	noun	2
vratavat	vratavat	noun	3	vratavat	ind	1
vyAGnan	vyAhan	noun	2	vyAhan	verb	1
vyAGrAsya	vyAGrAsya	noun	6	vyAGrAsyA	noun	3
vyAGryAm	vyAGrI	noun	2	vyAGrya	noun	1
vyAcakze	vyAcakz	noun	51	vyAcakzi	noun	39
vyAcakze	vyAcakz	noun	51	vyAcakz	verb	2
vyAdi	vyAdi	noun	9	vyad	noun	3
vyAdi	vyAdi	noun	9	vyAdA	noun	3
vyAdi	vyAdi	noun	9	vyAdi	verb	1
vyAhantA	vyAhan	verb	2	vyAhan	noun	1
vyAharam	vyAhf	noun	9	vyAhf	verb	1
vyAharatAm	vyAhf	verb	3	vyAhf	noun	2
vyAnaSi	vyAnaSi	noun	3	vyAnaSin	noun	3
vyAp	vyApi	noun	21	vyAp	noun	7
vyAp	vyApi	noun	21	vyAAp	noun	7
vyAp	vyApi	noun	21	vyAApi	noun	7
vyApAna	vyAp	noun	2	vyAAp	noun	2
vyApArayan	vyApAri	noun	2	vyApAri	verb	1
vyApnuvate	vyAp	noun	2	vyAAp	noun	2
vyAsajya	vyAsaYj	ind	1	vyAsajya	ind	1
vyAsyat	vye	noun	3	vyas	verb	1
vyAvartaka	vyAvft	noun	4	vyAvarti	noun	4
vyAvartizyate	vyAvft	verb	2	vyAvarti	verb	2
vyAyacCat	vyAyam	noun	3	vyAyam	verb	1
vyAyamana	vyAyam	noun	2	vyAyAmi	noun	2
vyaDAyi	viDe	verb	1	viDI	verb	1
vyaDAyi	viDe	verb	1	viDA	verb	1
vyaDAyi	viDe	verb	1	viDAyi	verb	1
vyaKyata	vicakz	verb	2	viKyA	verb	1
vyaTi	vyATi	noun	9	vyaT	noun	6
vyad	vyad	noun	7	vyaT	noun	7
vyad	vyad	noun	7	vyATi	noun	7
vyadanti	vyad	noun	3	vyad	verb	1
vyahan	vihan	verb	2	vyahan	noun	2
vyalkaSa	vyalkaSA	noun	3	vyalkaSa	noun	2
vyapAkarzat	vyapaAkfz	noun	3	vyapakfz	verb	1
vyapAkarzat	vyapaAkfz	noun	3	vyapaAkfz	verb	1
vyapatrap	vyapatrap	noun	7	vyapatrApi	noun	7
vyapavarjita	vyapavarji	noun	6	vyapavfj	noun	2
vyapayAta	vyapayA	noun	2	vyapayA	verb	1
vyavasA	vyavaso	noun	6	vyavasAyi	noun	6
vyavasAyin	vyavaso	noun	2	vyavasAyi	noun	2
vyavasAyya	vyavasAyi	noun	2	vyavasAyi	ind	1
vyucCA	vyucC	noun	14	vyucCi	noun	14
vyucCAd	vyucC	noun	16	vyucCi	noun	16
vyudyate	vivad	verb	1	vyund	verb	1
vyutpAdayati	vyutpAdi	noun	2	vyutpAdi	verb	1
yABi	yABi	noun	9	yaB	noun	3
yAcitavAn	yAc	noun	2	yAci	noun	2
yAjin	yaj	noun	2	yAji	noun	2
yacCamAna	dA	noun	2	yam	noun	2
yacCantI	dA	noun	4	yam	noun	4
yacCatAt	dA	verb	2	yam	verb	2
yadvA	yadvA	noun	3	yadu	noun	1
yadvA	yadvA	noun	3	yadvan	noun	1
yajYavAhas	yajYavAhas	noun	5	yajYavAha	noun	2
yaji	yaji	noun	6	yajin	noun	3
yakzyamARAn	yaj	noun	4	yakzi	noun	4
yamarAja	yamarAjan	noun	6	yamarAja	noun	2
yamin	yAmi	noun	6	yam	noun	2
yamin	yAmi	noun	6	yami	noun	2
yasyati	yas	noun	2	yas	verb	1
yatiDarma	yatiDarman	noun	3	yatiDarma	noun	2
yavamaDya	yavamaDya	noun	6	yavamaDyA	noun	3
yavanI	yavanI	noun	8	yavan	noun	3
yavanI	yavanI	noun	8	yu	noun	2
yayi	yayI	noun	10	yayi	noun	6
yayi	yayI	noun	10	yayin	noun	6
yeye	yA	noun	9	yay	verb	4
yod	yoti	noun	7	yoDi	noun	7
yogasidDa	yogasidDa	noun	4	yogasidDA	noun	3
yukzu	yuj	noun	15	Ayuj	noun	3
yukzu	yuj	noun	15	viyuj	noun	3
yukzu	yuj	noun	15	niyuj	noun	3
yukzu	yuj	noun	15	udyuj	noun	3
yukzu	yuj	noun	15	aDiyuj	noun	3
yukzu	yuj	noun	15	saMyuj	noun	3
yukzu	yuj	noun	15	prayuj	noun	3
yukzu	yuj	noun	15	aBiyuj	noun	3
yukzu	yuj	noun	15	anuyuj	noun	3
yukzu	yuj	noun	15	atiyuj	noun	3
yukzu	yuj	noun	15	apayuj	noun	3
yukzu	yuj	noun	15	upayuj	noun	3
yukzu	yuj	noun	15	duryuj	noun	3
yukzu	yuj	noun	15	niryuj	noun	3
yukzu	yuj	noun	15	viniyuj	noun	3
yukzu	yuj	noun	15	viprayuj	noun	3
yukzu	yuj	noun	15	pratiyuj	noun	3
yukzu	yuj	noun	15	saMniyuj	noun	3
yukzu	yuj	noun	15	visaMyuj	noun	3
yukzu	yuj	noun	15	viniryuj	noun	3
yukzu	yuj	noun	15	vyupayuj	noun	3
yukzu	yuj	noun	15	saMprayuj	noun	3
yukzu	yuj	noun	15	upaprayuj	noun	3
yukzu	yuj	noun	15	atiprayuj	noun	3
yukzu	yuj	noun	15	samanuyuj	noun	3
yukzu	yuj	noun	15	aBiprayuj	noun	3
yukzu	yuj	noun	15	samupaAyuj	noun	3
yukzu	yuj	noun	15	paryupayuj	noun	3
yukzu	yuj	noun	15	nir anuyuj	noun	3
yukzu	yuj	noun	15	paryanuyuj	noun	3
yukzu	yuj	noun	15	pratyaBiyuj	noun	3
yukzu	yuj	noun	15	pratisaMyuj	noun	3
yukzu	yuj	noun	15	pratiprayuj	noun	3
zaqBuja	zaqBuja	noun	4	zaqBujA	noun	3
zaqaSra	zaqaSrA	noun	3	zaqaSra	noun	2
zoqaSakala	zoqaSakalA	noun	3	zoqaSakala	noun	2
