lemma_slp1	n_fields	fields	mw_senses	ru_tokens	ru_distinct	ru_entropy	top5_ru
BU	8	object|substance|location|quantity|Tops|animal|event|possession	19	6052	1417	7.952	будет(512); был(264); будь(259); стал(241); становится(224)
rAjan	3	person|Tops|substance	4	5134	184	2.917	царь(2913); царя(521); о царь(300); царю(230); царем(162)
dfS	3	body|cognition|act	13	4979	954	7.064	увидев(604); увидел(345); видя(340); Увидев(190); видит(154)
deva	4	person|Tops|act|substance	7	4174	199	3.899	боги(1094); богов(865); бог(561); бога(271); богам(220)
agni	9	process|person|act|plant|Tops|state|quantity|substance|group	4	3364	136	2.646	Агни(1980); огонь(530); о Агни(132); огня(88); огни(72)
indra	6	person|Tops|cognition|state|quantity|substance	6	3274	72	2.211	Индра(2000); Индры(368); Индру(330); Индре(169); Индрой(132)
Atman	5	cognition|attribute|person|Tops|time	7	3108	595	6.475	себя(493); Атман(387); Атмана(195); себе(90); душа(72)
karman	7	act|Tops|process|event|attribute|relation|cognition	8	2965	472	6.567	действия(240); деяния(186); действие(169); деяние(166); деятельность(142)
loka	7	object|location|Tops|communication|group|attribute|cognition	8	2350	223	4.477	мир(485); миры(367); мире(285); мира(181); миров(161)
brahman	6	person|plant|communication|group|act|cognition	9	2268	243	5.278	Брахман(451); брахман(234); Брахмана(232); Брахма(163); Брахмы(86)
manas	3	cognition|feeling|person	5	2259	294	5.695	ум(293); разум(200); сердце(172); мысль(152); мыслью(144)
rAma	2	person|time	3	2110	93	2.894	Рама(981); Рамы(321); Раму(218); Раме(210); Рамой(115)
tva	4	Tops|attribute|event|communication	2	2075	71	1.775	ты(1419); Ты(394); тебя(76); тебе(40); в тебе(17)
ka	4	communication|person|substance|state	7	2031	284	5.376	что(437); кто(328); Кто(121); Что(97); какой(81)
Darma	4	cognition|act|attribute|communication	11	1993	335	6.091	дхарма(247); дхармы(148); закон(135); дхарму(98); добродетель(93)
raTa	3	artifact|person|plant	3	1916	106	3.892	колесницу(467); колесница(280); колесницы(280); колеснице(196); колесниц(125)
pArTa	2	person|plant	4	1690	113	3.736	Партха(735); Партхи(155); Партху(96); Партхой(68); о сын Притхи(66)
arTa	9	cognition|communication|possession|Tops|act|state|attribute|event|quantity	9	1667	522	7.376	ради(137); для(88); смысл(85); цель(51); объект(44)
div	2	location|time	5	1643	111	3.878	неба(495); небо(346); на небе(133); небе(99); с неба(84)
ap	4	substance|Tops|communication|food	2	1574	203	4.407	воды(560); вод(193); вода(146); в водах(73); Воды(54)
iz	3	food|act|possession	11	1559	490	7.260	хочу(141); желаю(112); хочешь(92); желает(63); желаешь(54)
puruza	5	person|substance|Tops|group|artifact	8	1558	224	5.357	человек(286); Пуруша(180); пуруша(134); человека(102); Пуруши(57)
yuj	3	person|group|quantity	22	1552	872	9.139	союзником(33); запрягают(29); запряженной(23); сосредоточенный(17); Запрягай(16)
viSva	4	food|person|object|substance	7	1546	165	4.319	все(628); Все(105); всех(81); всё(65); всего(64)
yajYa	2	act|person	3	1484	177	4.850	жертвоприношение(214); жертву(194); жертва(167); жертвы(149); жертвоприношения(116)
soma	2	person|object	5	1452	64	3.442	сома(366); Сома(313); сому(224); сомы(151); соки сомы(70)
tapas	6	act|phenomenon|time|feeling|attribute|person	5	1378	271	6.245	подвижничество(158); подвижничеством(83); подвижничеству(74); подвижничества(66); тапас(58)
vana	4	object|plant|substance|group	4	1370	136	4.185	лес(393); лесу(197); в лесу(175); леса(113); в лес(90)
BUta	3	person|Tops|time	7	1366	281	5.622	существа(314); существ(212); существах(45); существо(41); живых существ(40)
pfTivI	4	location|object|Tops|substance	3	1364	67	3.471	земля(359); землю(226); земли(206); Земля(133); земле(127)
vIra	5	person|substance|act|food|plant	7	1364	178	4.696	герой(409); герои(156); героя(96); героев(87); отважный(74)
priya	4	feeling|act|person|cognition	6	1357	401	7.287	приятное(93); дорог(82); любимый(52); любимого(38); любимая(33)
arjuna	3	plant|Tops|state	5	1295	42	2.316	Арджуна(759); Арджуны(124); Арджуну(118); Арджуной(80); Арджуне(72)
BArata	3	person|communication|location	6	1270	60	3.278	потомок Бхараты(309); Бхарата(271); бхарата(248); о потомок Бхараты(129); о бхарата(68)
brAhmaRa	3	person|communication|group	4	1261	79	3.628	брахман(266); брахманы(207); брахманов(194); брахмана(177); брахманам(85)
yuD	2	act|person	6	1246	263	6.021	в битве(144); в бою(119); сражаться(89); сражайся(73); сражались(50)
bala	9	attribute|group|person|phenomenon|act|state|substance|animal|body	10	1244	183	5.035	войско(209); сила(183); силой(116); силу(93); силы(55)
mA	2	communication|person	5	1234	157	4.085	не(443); меня(213); Не(107); Да не(61); да не(43)
kAma	7	cognition|feeling|act|state|person|attribute|plant	5	1222	324	6.253	желание(201); желания(140); желаний(60); Кама(51); любовь(38)
budDi	3	cognition|Tops|communication	7	1189	302	6.234	разум(204); мысль(61); ум(60); буддхи(58); интеллект(39)
go	8	animal|location|phenomenon|food|object|substance|artifact|cognition	8	1176	180	4.837	коров(284); коровы(219); корову(80); корова(77); коровами(30)
karRa	3	body|artifact|shape	5	1165	50	2.655	Карна(574); Карну(170); Карны(144); Карне(76); Карной(72)
rUpa	7	attribute|cognition|Tops|communication|quantity|possession|event	11	1150	197	5.561	образ(174); облик(125); формы(71); форма(61); форму(56)
prARa	6	phenomenon|body|act|substance|attribute|state	5	1143	181	5.155	дыхание(271); жизнь(113); жизни(65); прана(53); дыхания(48)
satya	3	Tops|communication|person	6	1143	236	6.131	правду(109); истина(88); правда(65); правдивость(62); истинно(58)
raRa	2	act|feeling	3	1137	123	4.708	в битве(157); в сражении(147); в бою(125); битве(112); сражении(91)
kAla	8	Tops|time|event|attribute|person|animal|communication|food	15	1131	209	4.533	время(456); времени(130); Время(59); час(34); временем(25)
saha	2	Tops|time	9	1122	86	2.980	с(430); вместе(312); вместе с(147); и(37); со(27)
jana	3	group|person|Tops	5	1120	216	4.975	люди(320); людей(184); человек(52); народ(42); народа(30)
nara	3	person|group|Tops	4	1117	139	4.579	человек(275); мужи(158); люди(109); людей(90); два мужа(55)
jYAna	3	Tops|cognition|substance	3	1104	160	4.302	знание(427); знания(115); мудрость(54); знанием(53); Знание(47)
suKa	3	feeling|state|act	6	1103	240	5.512	счастье(263); счастья(98); радость(85); счастливо(61); блаженство(35)
sUrya	7	object|person|body|quantity|plant|phenomenon|substance	4	1092	61	3.139	солнце(426); солнца(185); Сурья(162); Солнце(54); Сурьи(48)
yudDa	3	act|state|location	3	1078	119	4.611	битва(288); в битве(101); битве(85); в бою(55); битвы(52)
vAkya	2	communication|cognition	4	1058	146	4.111	слова(327); слово(254); речь(62); словами(53); речи(26)
kfzRa	8	person|substance|food|Tops|attribute|group|location|plant	15	1057	92	3.405	Кришна(509); Кришны(115); Кришне(69); Кришну(57); Кришной(39)
vAc	4	communication|attribute|cognition|phenomenon	3	1045	139	4.366	речь(297); речи(123); слова(97); речью(79); голос(59)
vacana	2	communication|group	8	1035	144	4.037	слова(361); слово(229); речь(65); слову(38); словами(28)
yoga	11	cognition|Tops|act|artifact|substance|event|state|communication|location|object|shape	22	1016	354	6.598	йога(121); йоги(91); йогу(82); йоге(72); йогой(38)
droRa	3	quantity|object|animal	7	994	38	2.497	Дрона(482); Дрону(140); Дроны(138); Дроной(89); Дроне(73)
fzi	3	person|Tops|communication	5	992	85	3.471	риши(463); мудрец(86); мудрецы(73); мудрецов(44); мудреца(42)
diS	5	relation|location|cognition|Tops|quantity	9	972	199	5.646	стороны(133); стороны света(120); страны света(94); сторону(45); стороне(44)
vara	10	possession|person|act|cognition|attribute|communication|event|food|plant|substance	11	945	216	5.379	лучший(194); дар(188); наилучший(42); лучше(26); дара(25)
Sara	3	artifact|quantity|plant	4	936	33	2.699	стрелами(343); стрелы(230); стрел(123); стрела(86); стрелу(56)
divya	3	act|plant|substance	7	930	165	6.085	небесные(57); божественный(53); божественные(50); божественное(42); дивные(38)
mAtf	3	person|Tops|animal	5	920	77	3.056	мать(388); матери(238); матерью(47); Мать(44); матерей(34)
guRa	7	attribute|cognition|quantity|communication|artifact|event|Tops	10	907	203	5.938	гуны(102); гун(62); достоинства(57); качества(53); достоинствами(34)
SUra	4	person|animal|plant|food	9	902	126	4.594	герой(243); герои(131); героев(62); героя(48); храбрый(46)
vasu	10	person|possession|quantity|substance|Tops|communication|food|object|artifact|group	13	888	112	4.349	Васу(286); блага(84); васу(61); добро(57); богатства(43)
duHKa	5	feeling|state|Tops|cognition|attribute	5	873	219	6.078	горе(107); страдание(101); страдания(59); горем(42); несчастье(34)
vacas	2	communication|attribute	4	845	104	3.848	слова(248); слово(189); речь(107); речи(38); словами(35)
Pala	11	plant|event|Tops|body|attribute|animal|act|artifact|feeling|food|state	7	833	150	4.559	плод(229); плоды(143); плодами(62); плодов(59); результат(38)
amfta	6	food|attribute|substance|person|Tops|relation	9	823	97	4.812	бессмертный(114); бессмертие(87); бессмертия(82); амрита(50); амриту(49)
nfpa	2	person|substance	2	811	67	2.903	царь(438); царя(86); цари(63); царю(48); царей(31)
varuRa	2	person|Tops	3	811	27	2.080	Варуна(463); Варуны(167); Варуне(56); Варуну(47); Варуной(34)
indriya	4	body|cognition|attribute|person	7	807	131	4.692	чувства(201); чувств(122); индрий(57); индрии(48); индрия(37)
tejas	9	attribute|phenomenon|state|Tops|body|process|cognition|artifact|feeling	6	777	234	6.560	блеск(63); жар(51); блеском(40); мощь(26); сила(26)
Baya	2	feeling|state	4	755	118	4.336	страх(217); страха(148); опасность(50); опасности(31); страхом(29)
strI	5	person|communication|substance|act|animal	4	750	86	4.280	женщины(162); женщин(135); женщина(78); жены(54); женщину(33)
vAyu	7	phenomenon|person|Tops|body|act|substance|relation	5	749	84	3.685	ветер(242); Ваю(206); воздух(37); ветра(28); ветром(24)
pApa	4	attribute|act|state|phenomenon	5	748	236	6.386	грех(132); греха(35); зло(31); злодей(27); зла(22)
pati	2	person|Tops	4	744	109	5.301	мужа(75); муж(74); господин(66); владыка(43); супруга(38)
kArya	8	act|Tops|attribute|cognition|event|process|communication|group	9	735	317	7.022	дело(101); следствие(28); дела(26); должное(22); долг(17)
prajA	3	person|group|Tops	5	734	134	5.296	потомство(129); существа(59); потомством(58); подданных(55); потомства(33)
muni	4	Tops|quantity|plant|person	6	724	127	5.163	мудрец(109); отшельник(97); мудрецы(47); мудреца(42); муни(39)
viS	4	group|person|substance|possession	8	721	236	6.576	племен(62); племена(62); вошел(32); входят(31); вайшьев(21)
DanaMjaya	2	body|person	5	705	53	3.323	Дхананджая(254); Завоеватель богатств(156); Завоевателя богатств(52); Дхананджаю(42); Дхананджайи(34)
Sabda	5	communication|attribute|event|process|cognition	6	703	119	4.666	звук(201); шум(93); слово(57); звуки(38); звука(26)
Gora	2	person|communication	3	696	195	6.390	страшный(58); ужасный(44); страшное(36); грозный(22); страшные(22)
rAjya	2	location|state	3	691	72	3.239	царство(302); царства(127); царством(74); на царство(23); царстве(20)
sItA	2	person|artifact	3	683	47	2.865	Сита(258); Ситу(148); Ситы(80); Ситой(78); Сите(47)
guru	3	person|object|substance	9	682	163	5.561	гуру(129); наставник(71); наставника(39); учитель(35); учителя(27)
Aditya	2	object|person	6	680	55	3.632	солнце(197); Адитьи(137); Адитьев(64); Адитья(56); солнца(34)
SarIra	3	Tops|body|attribute	3	676	81	3.016	тело(326); тела(137); теле(44); телом(37); в теле(18)
nAman	2	communication|act	5	672	88	4.153	имя(168); по имени(132); имени(63); имена(58); именем(27)
pArTiva	3	person|food|substance	7	665	124	4.657	царь(209); цари(72); царей(48); земные(36); царя(27)
marut	2	person|phenomenon	4	659	46	2.549	Маруты(374); Марутов(106); Марутами(36); марутов(25); маруты(25)
rAkzasa	2	person|artifact	3	658	45	3.321	ракшасов(150); ракшасы(136); ракшаса(118); ракшас(88); ракшасами(34)
rAGava	2	person|group	2	654	62	3.563	Рагхава(246); Рама(96); Рагхавы(50); Рагхаву(44); Рагхаве(40)
mitra	3	person|state|object	7	647	74	3.934	Митра(236); Митры(60); друг(50); друга(31); друзей(30)
tamas	4	state|location|event|cognition	5	647	101	4.873	мрак(141); тамас(77); тьма(35); мрака(33); тьму(29)
prakfti	4	attribute|state|person|event	9	638	164	5.391	Пракрити(101); природа(65); пракрити(58); природе(48); природы(40)
gati	9	act|Tops|body|process|event|artifact|communication|attribute|location	11	627	194	6.069	путь(93); цели(44); путем(43); пути(42); участь(21)
Danus	3	artifact|act|person	2	626	40	2.087	лук(414); лука(60); луки(46); луком(35); луков(18)
mahAbala	3	person|animal|substance	7	623	171	5.448	могучий(167); могучего(45); великомощный(34); могучие(24); многосильный(22)
BUmi	8	object|substance|location|Tops|possession|artifact|quantity|attribute	10	618	70	3.669	земля(162); землю(133); земле(65); земли(65); Земля(52)
hari	4	animal|person|attribute|substance	11	617	120	4.977	Хари(168); буланых коней(74); золотистый(33); обезьяны(19); буланые кони(18)
jagant	5	object|location|Tops|communication|group	0	614	91	4.074	мир(225); мира(90); вселенную(39); вселенной(32); вселенная(25)
anta	9	event|communication|location|cognition|time|artifact|Tops|act|state	12	613	212	6.012	конец(103); конца(59); внутри(45); в(28); в конце(24)
praBu	2	person|substance	6	610	135	4.736	владыка(200); могучий(54); господин(33); властитель(28); Владыка(23)
Siras	2	body|location	4	601	67	3.411	голову(222); голова(97); головы(91); головой(37); головами(19)
aSvin	2	person|quantity	4	595	41	2.198	Ашвины(385); Ашвинов(80); Ашвина(24); Ашвинам(18); о Ашвины(15)
mftyu	3	event|person|process	3	595	35	2.491	смерть(288); смерти(155); Смерть(37); Смерти(26); смертью(20)
maDya	10	location|shape|cognition|body|Tops|plant|time|animal|attribute|quantity	12	594	151	5.601	среди(103); посреди(42); середина(35); между(33); в середине(29)
puRya	2	attribute|event	3	585	230	6.929	святая(27); святые(26); святой(25); святую(18); святых(17)
BAva	10	Tops|cognition|attribute|act|feeling|communication|event|relation|location|state	14	574	287	7.366	бытие(43); желание(17); наличие(15); состояния(15); сущность(15)
Buj	2	Tops|act	7	574	319	7.800	наслаждайся(16); наслаждается(14); вкушает(13); ест(12); вкушают(11)
pUrva	2	communication|person	8	568	200	6.563	прежде(56); прежние(34); раньше(26); древние(25); сначала(16)
rajas	7	Tops|body|substance|location|quantity|feeling|state	8	565	120	5.224	раджас(75); пространства(72); пыль(47); пространство(41); пылью(32)
cakzus	3	body|act|cognition	6	564	84	4.513	глаз(144); глаза(59); зрение(56); глазом(37); взор(25)
gfha	3	artifact|group|location	6	554	90	4.336	дом(118); доме(85); дома(72); домой(51); в доме(35)
SrI	6	communication|person|Tops|attribute|state|plant	8	550	213	6.798	Шри(51); богатство(21); счастье(21); благополучие(18); красотой(15)
sahas	3	attribute|time|act	6	549	132	5.191	внезапно(105); силы(71); стремительно(48); быстро(30); вдруг(22)
Badra	8	state|substance|person|animal|plant|Tops|act|attribute	11	543	151	5.592	благо(129); Благо(40); милая(35); счастье(15); благая(14)
SuBa	3	Tops|quantity|state	8	543	244	7.140	прекрасная(40); для блеска(21); благой(16); прекрасные(15); прелестная(14)
mati	4	cognition|act|communication|feeling	6	540	159	5.974	мысль(62); мнение(60); решение(27); молитва(22); молитвами(19)
AsTA	2	cognition|feeling	10	538	320	7.767	взойдя(19); приняв(18); взошел(14); стоя(14); пребывая(13)
parvata	3	object|Tops|attribute	3	536	64	3.697	горы(174); гора(94); гору(57); гор(38); горе(32)
pada	9	communication|Tops|body|quantity|location|act|cognition|state|time	9	529	191	6.656	след(40); обитель(28); состояние(21); место(19); месте(15)
gir	3	communication|attribute|cognition	3	520	104	5.398	песни(72); хвалебные песни(57); хвалебными песнями(35); песнями(32); голосом(24)
samudra	3	object|quantity|person	5	519	53	3.689	океан(183); океана(75); море(42); моря(40); океану(22)
astra	2	artifact|communication	4	517	66	2.990	оружие(267); оружия(72); оружием(58); стрелу(18); виды оружия(6)
anna	3	Tops|food|act	3	516	61	3.710	пища(141); пищу(132); пищи(46); пищей(30); еда(22)
maDu	5	food|time|Tops|substance|person	9	513	90	4.442	мед(131); медом(63); сладость(41); меда(39); меду(32)
Dana	3	possession|Tops|act	3	511	89	4.487	богатство(136); богатства(87); богатством(28); имущество(25); награды(21)
Sakra	2	person|plant	2	510	33	3.003	Шакра(230); Шакрой(47); Шакры(47); могучий(40); Шакре(38)
vfzan	2	animal|person	4	504	81	4.163	бык(151); быка(96); Бык(35); быки(25); два быка(21)
vizRu	2	person|communication	4	504	15	0.518	Вишну(474); вишну(9); о Вишну(6); К Вишну(2); Кришна(2)
jyotis	5	phenomenon|object|attribute|process|artifact	7	502	79	3.819	свет(218); светом(60); света(30); светил(18); светила(16)
muKa	12	body|artifact|process|location|cognition|event|attribute|object|Tops|communication|person|state	10	500	146	5.615	лицо(90); рот(48); уста(25); лица(22); рта(20)
kzatriya	2	person|group	2	498	56	3.547	кшатрий(105); кшатрии(103); кшатриев(96); кшатрия(70); кшатриями(15)
DArtarAzwra	2	person|animal	4	495	77	4.353	сын Дхритараштры(78); сынов Дхритараштры(67); сына Дхритараштры(65); сыновей Дхритараштры(47); сыновья Дхритараштры(42)
dvija	5	person|animal|body|plant|object	6	495	53	3.990	дваждырожденный(141); дваждырожденные(53); дваждырожденных(53); брахман(37); дваждырожденным(19)
dAna	2	act|possession	7	478	151	6.048	дары(40); щедрость(40); дар(34); дарение(26); даяние(24)
bAhu	3	body|animal|person	4	476	61	3.639	руки(156); руками(86); рук(53); рука(33); руку(32)
uttara	4	communication|location|Tops|group	15	475	178	6.343	ответ(50); выше(41); Уттара(38); Уттару(13); северную(13)
rudra	3	person|quantity|relation	6	474	42	3.440	Рудра(136); Рудры(119); Рудре(29); Рудру(29); рудры(28)
kavi	2	person|object	7	470	93	4.824	поэт(111); поэты(60); поэта(31); поэтов(29); Поэт(21)
vizaya	6	location|cognition|attribute|feeling|person|time	9	467	202	6.599	объект(58); объекты(36); объектов(16); предметы чувств(15); владения(11)
deha	6	Tops|event|act|attribute|body|quantity	4	465	70	3.693	тело(150); тела(87); теле(68); в теле(32); телом(12)
kroDa	2	feeling|person	2	463	59	3.468	гнев(197); гнева(65); гневом(43); гневе(19); гневу(14)
avyaya	2	communication|person	4	462	183	6.718	нетленный(23); неизменный(20); непреходящего(17); нетленного(16); непреходящий(15)
yama	4	person|attribute|artifact|quantity	6	460	77	4.053	Яма(156); Ямы(82); близнецы(20); Яму(18); близнецов(18)
Adi	7	event|cognition|communication|Tops|body|attribute|person	4	458	137	5.878	начало(54); другие(24); и т.д.(24); начала(22); и(21)
mahI	4	location|object|possession|substance	6	457	82	4.710	землю(91); земля(74); великая(29); великие(22); великую(21)
sattva	9	artifact|Tops|attribute|person|animal|phenomenon|state|substance|cognition	7	454	147	5.886	саттва(75); существо(22); благость(20); саттвы(20); существа(20)
saMSaya	3	attribute|state|cognition	4	451	55	2.926	сомнения(192); сомнение(120); сомнений(44); сомненья(9); опасности(8)
avasTA	5	Tops|attribute|cognition|event|time	8	450	239	7.245	пребывает(26); состояние(16); стоят(12); состояния(11); стоять(11)
namas	2	act|communication	2	450	68	4.191	поклонение(120); поклон(53); с поклонением(36); поклонением(35); поклонениями(31)
kula	5	group|artifact|quantity|cognition|location	6	449	98	4.560	род(115); рода(64); роду(53); семье(22); роде(18)
citra	2	plant|artifact	12	445	210	7.040	яркое(26); Читра(24); яркий(16); яркие(13); удивительно(9)
hfdaya	3	body|cognition|communication	5	445	44	2.697	сердце(236); сердца(81); сердцем(22); грудь(20); в сердце(19)
moha	5	cognition|Tops|event|state|act	2	442	163	6.089	заблуждение(84); заблуждения(32); в ослеплении(15); ослепление(11); по глупости(10)
ganDarva	3	person|plant|animal	5	438	31	3.002	гандхарвы(149); гандхарвов(107); гандхарвами(41); гандхарва(34); Гандхарвы(32)
Soka	4	feeling|cognition|phenomenon|process	4	435	107	4.981	горе(51); скорби(50); скорбь(48); горем(38); печаль(31)
Sreyas	2	state|act	4	434	136	5.194	лучше(103); благо(59); блага(33); Лучше(16); благом(11)
deSa	7	location|Tops|body|object|attribute|cognition|communication	4	434	106	5.136	место(87); месте(55); места(23); страны(23); местность(22)
nadI	3	object|communication|Tops	3	434	53	3.622	реки(127); река(77); реку(55); рек(39); реке(33)
vIrya	6	attribute|state|body|substance|act|artifact	5	434	116	5.845	доблесть(30); сила(28); мужество(26); доблести(23); силу(22)
uzas	2	person|time	3	432	39	3.027	Ушас(218); утренние зори(48); зори(27); утренних зорь(24); утренней зари(15)
bfhaspati	2	person|object	3	431	11	0.456	Брихаспати(408); о Брихаспати(6); к Брихаспати(5); Вригаспати(4); Юпитер(2)
catur	2	quantity|communication	2	431	37	2.959	четыре(161); четырех(92); четырьмя(64); четверо(30); Четыре(24)
Siva	5	person|substance|state|communication|plant	12	428	190	6.732	Шива(49); Шивы(17); милостивы(16); шакалы(13); благо(10)
tattva	4	Tops|cognition|attribute|quantity	4	426	163	6.313	правду(26); поистине(24); истинно(22); воистину(21); истину(19)
bARa	3	artifact|quantity|plant	5	422	20	2.731	стрелами(143); стрелы(111); стрела(49); стрел(39); стрелу(28)
senA	2	group|artifact	2	420	56	3.402	войско(198); войска(50); войском(32); войск(15); рать(11)
paTin	3	artifact|act|cognition	2	418	65	4.282	путь(92); пути(78); путем(40); на пути(22); путями(18)
vAja	3	possession|act|person	3	417	74	4.611	награду(78); награды(76); награде(23); Ваджа(21); наград(20)
mAyA	2	act|Tops	4	416	149	6.348	майя(32); майей(24); иллюзию(16); иллюзия(16); колдовские чары(16)
vaDa	4	act|artifact|process|state	5	415	133	5.913	убить(44); убийство(42); смерть(19); смертельное оружие(17); убийства(16)
paSu	4	Tops|animal|person|group	7	413	83	4.719	скот(93); скота(43); животные(36); животных(30); скотом(24)
vAjin	4	animal|artifact|person|quantity	8	413	147	6.020	коней(67); кони(29); конь(20); конями(14); приносящего награду(14)
vrata	5	attribute|communication|cognition|Tops|time	5	412	83	4.862	обет(96); обеты(47); заветы(23); обетов(17); обета(15)
mada	5	state|food|feeling|act|attribute	6	411	128	5.556	для опьянения(48); опьянение(45); опьянении(35); в опьянении(29); опьянения(27)
sidDi	5	event|cognition|state|act|process	8	411	137	5.380	совершенства(81); совершенство(51); успех(33); успеха(28); совершенству(17)
ISvara	2	person|Tops	6	408	111	5.367	владыка(61); Ишвара(52); Владыка(29); Ишвары(20); повелитель(14)
asura	2	person|substance	3	407	36	3.270	асуров(110); асуры(99); Асуры(42); Асура(36); асура(33)
Sakti	5	artifact|attribute|person|act|state	7	406	102	5.226	дротик(69); Шакти(38); сила(29); копье(25); дротиками(18)
kAraRa	5	event|cognition|communication|motive|artifact	5	406	109	4.729	причина(130); причины(40); причину(22); причине(20); причиной(18)
pratizWA	4	artifact|Tops|act|state	10	406	177	6.717	основа(23); основано(22); пребывает(19); устойчивости(17); утверждено(14)
antarikza	2	location|substance	5	405	59	4.364	воздушное пространство(126); воздушном пространстве(28); в воздухе(22); воздушного пространства(21); воздух(19)
doza	8	body|state|substance|act|attribute|Tops|communication|event	6	403	172	6.736	зло(21); греха(17); грех(14); вечером(13); вину(12)
Suci	4	time|person|event|process	10	402	140	5.978	чистый(67); чистые(21); чист(20); чистом(14); Шучи(11)
sUta	3	substance|person|group	3	401	88	5.006	сута(71); возница(61); возницу(31); Сута(16); возничий(16)
mfga	3	animal|Tops|location	3	400	88	5.270	зверей(49); звери(33); оленя(29); олень(21); зверь(19)
kanyA	3	person|Tops|plant	5	399	58	4.454	дочь(71); девушка(46); девушку(44); девушки(29); дочери(22)
indu	4	object|person|quantity|substance	8	397	64	4.530	капля(70); сок(57); сок сомы(45); капли(33); соки сомы(19)
manuzya	2	person|group	3	396	60	3.760	люди(114); людей(98); человек(30); человека(21); людям(18)
nAga	7	substance|animal|person|body|Tops|plant|quantity	9	396	55	4.293	слонов(63); слоны(49); змей(47); слон(39); нагов(27)
savitf	2	person|object	3	396	23	1.846	Савитар(259); Савитара(78); Савитаром(10); солнце(9); Савитару(7)
havis	2	possession|food	2	390	85	5.034	жертвенным возлиянием(42); возлияние(40); возлиянием(40); жертвенное возлияние(40); жертва(23)
tanU	3	Tops|cognition|attribute	2	390	81	4.553	тело(92); тела(70); телом(39); тел(16); телу(14)
vajra	6	substance|person|Tops|artifact|event|group	9	388	68	4.580	ваджра(68); ваджру(65); ваджрой(45); Ваджра(22); ваджры(18)
nf	3	person|communication|group	3	387	63	4.271	мужей(88); мужами(55); людей(54); мужи(29); люди(19)
ASrama	2	artifact|location	3	386	53	2.908	обитель(182); обители(100); ашрам(11); из обители(8); Обитель(6)
DI	3	cognition|act|communication	6	385	155	6.288	молитвы(39); молитвой(25); поэтические мысли(25); молитву(14); мысли(13)
Suc	2	feeling|process	7	382	202	6.863	скорбит(24); печалься(20); печалиться(17); скорбеть(17); печалится(13)
AkASa	5	location|Tops|shape|substance|artifact	4	380	76	4.487	пространство(114); небо(49); пространства(19); пространстве(18); эфир(17)
Sam	2	phenomenon|state	6	380	187	6.625	счастье(33); на благо(28); благо(21); на счастье(15); На счастье(13)
Ayus	4	time|attribute|phenomenon|act	5	377	79	4.591	срок жизни(84); жизнь(54); жизни(37); срока жизни(27); долголетие(16)
rasa	7	substance|food|cognition|Tops|body|quantity|feeling	16	375	101	5.091	вкус(78); сок(51); сущность(23); соки(16); соком(14)
aNga	8	body|Tops|cognition|communication|location|group|object|artifact	8	374	138	5.909	тело(55); члены(40); тела(14); член(13); членами(11)
garBa	12	animal|substance|location|shape|body|person|object|Tops|process|artifact|event|plant	6	372	87	4.628	зародыш(123); зародыша(30); плод(29); Зародыш(16); семя(8)
hetu	5	event|cognition|communication|Tops|artifact	8	371	111	5.196	причина(72); аргумент(39); ради(30); причине(25); причины(18)
vfdDa	6	person|process|communication|plant|substance|time	8	369	110	5.762	старый(36); престарелый(35); старцев(19); старец(15); престарелого(13)
pAvaka	4	process|person|plant|state	4	365	73	4.573	огонь(97); Павака(47); очищающий(21); огня(17); пламя(17)
martya	3	person|group|location	3	363	39	3.466	смертный(98); смертного(71); смертных(60); среди смертных(26); смертному(21)
saMgrAma	2	act|group	3	361	64	4.441	сражении(47); сражение(46); в сражении(42); битва(33); битве(32)
yoni	10	body|event|location|act|group|Tops|artifact|cognition|food|substance	5	361	96	4.784	лоно(110); лоне(31); лона(23); источник(20); утробы(12)
citta	2	cognition|feeling	5	357	95	5.132	ум(55); сознание(49); мысль(40); ума(17); сердце(13)
akzara	4	communication|person|act|phenomenon	7	354	152	6.352	слог(38); Непреходящее(22); непреходящее(21); непреходящий(16); слога(10)
kartf	3	Tops|person|relation	5	354	149	6.099	деятель(64); творец(23); деятеля(17); дѣйствователь(8); действующий(7)
kratu	3	act|cognition|feeling	7	352	110	5.721	силу духа(38); силой духа(33); жертвоприношение(22); сила духа(21); жертвоприношения(14)
pura	2	location|substance	4	352	78	4.537	город(112); крепость(23); крепости(21); города(20); городе(17)
SradDA	3	act|cognition|feeling	7	351	94	4.823	вера(71); верой(66); веры(30); веру(19); с верой(13)
agra	7	location|cognition|event|body|state|Tops|attribute	9	350	113	5.759	вначале(48); впереди(23); во главе(19); в начале(18); сначала(15)
janman	5	event|group|relation|location|time	5	350	84	4.389	рождение(121); рождения(36); рождений(26); рождении(19); рожденье(14)
svasti	4	state|Tops|communication|phenomenon	3	348	69	4.616	милостями(77); на счастье(36); счастье(27); благо(26); благополучно(18)
jaya	4	event|act|Tops|person	6	342	61	4.104	победа(86); победу(51); победы(39); Джая(33); побеждай(21)
sTAna	13	Tops|body|state|location|artifact|act|communication|attribute|event|group|cognition|object|time	15	341	150	6.103	место(54); обитель(29); места(15); положение(12); местопребывание(10)
pAda	9	body|quantity|phenomenon|communication|location|relation|act|artifact|event	8	340	86	4.929	ноги(75); ног(26); стопы(22); стопа(18); стопам(18)
Buvana	2	location|Tops	3	336	56	4.163	существа(98); миры(39); мироздания(35); мир(20); мира(19)
jIvita	4	phenomenon|time|state|possession	4	335	42	2.947	жизнь(145); жизни(72); жизнью(37); жить(14); с жизнью(13)
Uti	2	Tops|act	3	334	44	4.103	поддержками(79); на помощь(43); поддержки(38); для поддержки(23); в помощь(15)
kzaya	10	state|Tops|act|event|time|artifact|attribute|communication|location|substance	8	334	177	6.782	гибель(32); гибели(17); жилище(14); пребывал(12); обитель(7)
sinDu	3	object|substance|location	4	333	45	3.472	реки(107); Синдху(81); рек(31); река(21); реку(10)
vega	7	attribute|state|process|substance|event|time|act	9	328	142	6.009	стремительно(64); быстро(22); натиск(11); с силой(10); стремительностью(8)
darSana	6	cognition|attribute|act|body|communication|event	12	326	193	7.053	видение(19); вид(14); видеть(10); наблюдение(10); видом(9)
devatA	3	person|artifact|attribute	5	323	54	4.132	божество(61); богов(56); божества(47); боги(26); богам(22)
giri	3	object|substance|Tops	5	323	49	3.656	горы(99); гора(49); гору(49); горе(23); гор(22)
vayas	5	time|attribute|animal|process|Tops	5	319	89	5.404	птицы(59); жизненную силу(22); мы(18); возраст(17); птиц(10)
ojas	2	attribute|phenomenon	3	318	64	4.287	силой(89); сила(32); силу(26); с силой(21); могущество(17)
bAla	5	person|process|phenomenon|group|time	8	316	119	5.920	дети(23); дитя(20); ребенок(20); мальчик(18); ребенка(18)
hfd	2	body|cognition	3	316	34	3.185	сердце(111); в сердце(70); сердца(32); сердцем(28); сердцу(13)
prajYA	2	cognition|Tops	5	314	125	5.936	мудрость(45); разум(23); зная путь(15); мудрости(13); понимание(12)
pAYcAla	2	person|location	4	313	27	2.493	панчалы(125); панчалов(104); Панчалы(22); панчалами(22); панчалам(10)
mUrDan	3	body|location|person	2	311	76	4.889	голову(62); голова(40); головы(26); в голову(14); на голове(11)
saMKyA	6	attribute|communication|quantity|act|event|person	7	311	88	4.828	в битве(58); в сражении(41); в бою(37); сражении(20); битве(19)
niSA	3	time|plant|cognition	4	309	50	3.882	острыми(83); ночь(65); ночи(22); острый(20); ночью(16)
sidDa	2	person|act	7	308	132	5.779	сиддхи(57); сиддхов(29); Сиддхи(17); совершенных(15); сиддха(7)
prIti	5	feeling|attribute|act|Tops|state	3	305	101	5.216	радость(67); любовь(36); с радостью(15); любви(13); радости(13)
hasta	3	animal|quantity|communication	5	304	61	4.579	руки(50); рука(35); руку(28); рук(24); руками(24)
payas	2	food|substance	2	304	47	3.635	молоко(108); молоком(55); молока(33); вода(12); воды(9)
pad	2	body|plant	4	302	155	6.671	ногами(22); ногой(18); ногою(12); пешком(11); нога(8)
Salya	6	object|artifact|cognition|animal|body|communication	5	301	25	2.273	Шалья(181); Шалью(37); Шальи(25); Шалье(17); Шальей(8)
tIrTa	4	location|object|person|body	3	301	93	5.412	тиртхе(39); тиртха(38); тиртхи(22); место священных омовений(12); тиртх(11)
jAtavedas	2	person|process	3	300	34	2.421	Джатаведас(193); Джатаведаса(31); Джатаведасу(10); огонь(7); о Джатаведас(6)
manu	3	communication|quantity|person	6	299	24	1.970	Ману(212); человека(20); для Ману(10); люди(9); человеку(9)
sAman	3	communication|act|attribute	4	299	100	5.277	саман(77); саманы(19); самана(12); песнопение(9); Сама(8)
Druva	3	object|person|plant	8	297	152	6.716	несомненно(22); Дхрува(10); непременно(9); прочно(9); твердо(9)
vAta	5	phenomenon|act|person|state|substance	6	297	30	3.085	ветер(114); ветры(48); ветра(34); Вата(24); ветром(19)
aDarma	2	attribute|state	3	296	120	6.239	беззаконие(27); несправедливость(14); адхарма(13); беззакония(12); грех(11)
antara	8	time|location|shape|attribute|body|Tops|object|possession	11	294	152	6.661	между(19); отличен(17); изнутри(12); другой(10); пространство(9)
mahAtejas	2	person|substance	2	294	124	5.874	сиятельный(40); мощнопламенный(29); Сиятельный(20); могучий(14); наделенный великой мощью(11)
vaSa	7	relation|attribute|phenomenon|state|act|cognition|person	6	294	121	5.934	власть(39); власти(25); воле(15); во власти(13); во власть(12)
varza	6	Tops|phenomenon|event|object|time|location	8	293	39	3.418	лет(119); дождь(34); год(29); года(17); ливень(16)
DAman	6	location|attribute|Tops|communication|group|phenomenon	5	289	104	6.028	обитель(27); установления(21); формы(18); родиной(10); закона(9)
gaja	3	animal|artifact|quantity	3	289	38	3.492	слонов(76); слоны(48); слон(46); слона(37); слонами(18)
vfkza	2	plant|person	2	288	34	3.515	дерево(76); деревья(64); деревьев(26); дерева(25); деревьями(20)
Bakti	4	cognition|feeling|act|attribute	3	285	85	4.782	преданность(60); преданностью(41); бхакти(24); преданности(21); с преданностью(19)
sarasvatI	6	person|attribute|communication|cognition|object|plant	7	281	15	0.633	Сарасвати(261); к Сарасвати(3); О Сарасвати(2); от Сарасвати(2); речь(2)
kfzRA	2	plant|animal	4	280	28	3.255	Кришна(97); Кришну(58); Кришной(23); Кришне(16); Драупади(15)
rAtri	3	time|plant|object	3	279	19	1.978	ночь(175); ночи(35); ночью(30); Ночь(14); ночей(8)
cakra	5	artifact|group|substance|Tops|food	6	274	60	4.211	колесо(97); колеса(28); диск(19); Колесо(10); колесами(9)
mantra	2	communication|cognition	5	274	101	5.714	мантры(32); мантра(25); совет(19); мантрами(11); мантр(10)
vidyA	3	cognition|Tops|communication	3	274	79	4.739	знание(75); знания(29); науки(17); знанием(13); знаний(9)
SAnti	7	act|event|feeling|person|state|attribute|process	7	273	71	4.632	покой(47); покоя(42); мир(32); мира(23); спокойствие(11)
Sukra	7	body|object|state|person|time|process|substance	12	273	94	5.603	Шукра(41); светлый(19); семя(18); чистый(12); светлое(10)
gadA	2	artifact|Tops	2	273	29	3.576	палицу(57); палицей(47); палица(46); палицы(21); булаву(16)
vfzaBa	3	animal|Tops|person	5	271	32	2.722	бык(136); быка(54); быку(13); быки(12); Бык(9)
mADava	4	person|time|food|plant	7	270	37	2.617	Мадхава(170); Мадхаву(10); отпрыск рода Мадху(10); потомок Мадху(10); Мадхавы(9)
anIka	5	group|body|location|quantity|attribute	4	267	94	5.456	войска(36); войско(26); рати(23); лик(18); отряды(9)
rE	3	possession|Tops|substance	2	264	34	3.233	богатства(118); богатством(32); богатство(20); к богатству(14); для богатства(9)
Boga	4	act|Tops|attribute|animal	7	262	115	6.000	наслаждения(28); наслаждение(23); удовольствия(14); опыт(10); блага(9)
Dfti	3	attribute|Tops|cognition	3	262	78	4.781	стойкость(70); твердость(29); решимость(14); постоянство(10); стойкостью(9)
Dvaja	3	communication|artifact|body	5	259	35	3.238	знамя(116); знамена(28); знаменами(19); знамени(17); знаменем(11)
viDi	7	cognition|act|communication|person|Tops|event|artifact	9	259	127	6.364	правило(21); обряд(14); судьба(11); способом(9); правила(7)
ganDa	5	substance|cognition|artifact|attribute|Tops	4	258	48	3.857	запах(97); запахи(26); запаха(17); аромат(14); благовониями(11)
sAgara	4	object|person|quantity|cognition	4	258	43	3.595	океан(101); океана(41); моря(13); океаном(13); море(10)
aja	3	animal|person|Tops	4	256	72	4.932	нерожденный(37); козел(28); нерожденного(27); Аджа(17); Нерожденный(15)
mata	2	cognition|communication	5	255	109	5.686	считается(35); мнение(31); мнению(12); считаются(12); полагаю(10)
sampad	3	state|Tops|attribute	10	255	149	6.764	стал(12); качества(11); достигает(9); участь(8); стали(7)
Gfta	2	food|substance	4	253	39	3.695	жиром(74); жир(46); жира(34); масло(13); коровье масло(8)
aDvara	2	act|event	2	253	53	4.442	обряд(60); обряда(36); обрядов(16); во время обряда(12); обряде(11)
ratna	5	artifact|possession|Tops|substance|person	4	253	56	4.472	сокровище(46); сокровища(35); драгоценные камни(26); драгоценности(23); драгоценных камней(13)
nArI	2	person|animal	3	252	55	4.288	женщина(50); женщины(44); жены(26); женщин(24); женщину(14)
puMs	3	person|communication|substance	5	252	75	5.099	человек(40); мужчина(22); человека(22); муж(15); мужа(14)
saBA	2	artifact|group	3	252	74	5.234	собрание(35); дворец собраний(21); зал собрания(17); дворец(16); в собрании(12)
yuvan	4	person|process|communication|animal	3	251	73	5.171	юный(36); юноша(30); юного(11); юноши(11); юным(11)
Denu	2	animal|food	3	249	34	4.000	дойные коровы(43); корова(32); коровы(27); дойная корова(26); дойную корову(22)
SiKaRqin	2	animal|person	4	248	17	2.045	Шикхандин(133); Шикхандина(68); Шикхандином(16); Шикханди(7); Шикхандину(6)
kzetra	5	location|Tops|substance|possession|body	6	248	60	4.322	поле(74); поля(28); Поле(23); Кшетра(15); полем(10)
nakula	3	animal|person|artifact	4	247	18	2.015	Накула(159); Накулу(29); Накулы(19); Накуле(10); Накулой(7)
Baga	4	body|Tops|object|person	5	246	47	3.676	Бхага(99); Бхагу(26); Бхаги(24); Бхаге(13); доля(11)
pavitra	3	artifact|person|plant	5	246	96	5.578	цедилку(36); цедилке(31); очиститель(9); цедилка(9); в цедилку(7)
vftta	4	Tops|attribute|animal|substance	3	246	133	6.378	поведение(20); случилось(15); произошло(14); образ жизни(8); поведением(8)
Asana	4	artifact|act|Tops|location	4	244	93	5.607	сиденье(40); сидение(17); асана(11); место(10); сидения(9)
Sarman	3	Tops|artifact|feeling	3	244	54	4.289	защиту(70); защитой(28); укрытие(15); защита(13); убежище(12)
pARi	2	animal|body	3	244	40	4.010	руки(43); руку(33); руками(30); рукой(25); рука(21)
anfta	2	communication|act	3	243	87	5.274	ложь(38); неправду(30); неправда(17); неправды(16); лжи(12)
siMha	3	animal|person|Tops	3	243	31	3.265	лев(72); льва(48); львы(29); львом(26); львов(21)
maRi	2	artifact|body	5	242	60	4.318	амулет(84); драгоценный камень(18); драгоценных камней(12); драгоценные камни(11); Амулет(10)
vftti	8	Tops|state|communication|food|act|attribute|cognition|feeling	9	242	130	6.454	функция(13); поведение(12); функции(12); образ жизни(10); деятельность(9)
vAsas	3	artifact|animal|act	4	241	65	4.484	одежды(59); одежду(37); одежда(18); платье(15); одеждами(12)
mUla	8	plant|location|event|body|relation|state|cognition|possession	5	240	82	4.878	корень(52); коренья(30); кореньями(23); корни(19); кореньев(8)
gaRa	4	Tops|group|quantity|person	10	238	108	6.057	сонмы(23); толпы(13); группа(11); толпу(10); толпами(8)
kIrti	2	state|communication	4	238	70	4.457	слава(56); славу(44); славой(18); славы(13); доброе имя(11)
kzatra	3	group|person|state	4	238	54	4.468	власть(48); кшатриев(29); кшатрии(21); кшатра(18); власти(15)
prasAda	6	act|attribute|body|cognition|feeling|substance	8	237	92	5.013	милость(49); милости(43); милостью(19); ясности(7); по милости(5)
viSeza	4	cognition|attribute|event|group	5	236	120	6.289	различие(18); различия(14); преимущество(12); дифференцированный(7); особенное(7)
ahaMkAra	2	cognition|attribute	4	235	75	5.412	Эготизм(27); эготизм(15); ахамкара(14); самость(13); самости(12)
pravftti	7	Tops|process|attribute|cognition|communication|event|relation	7	233	137	6.485	деятельность(30); действие(8); деятельности(8); активность(7); активизации(4)
SUdra	2	person|group	2	232	26	2.990	шудры(80); шудра(55); шудр(35); шудре(11); Шудра(7)
kriyA	8	act|Tops|process|artifact|attribute|communication|cognition|event	7	231	103	5.645	обряды(35); действие(20); действия(16); обрядов(11); деятельность(9)
yakza	3	person|plant|quantity	3	231	28	3.297	якшей(62); якши(62); якша(24); Якши(14); чудо(12)
jala	8	substance|food|Tops|attribute|plant|act|body|object	4	229	63	4.638	воды(41); вода(32); воду(24); водой(17); водою(12)
mArga	8	body|cognition|communication|artifact|location|state|time|act	11	229	64	4.376	путь(56); пути(42); дорога(14); путем(14); дорогу(12)
candra	6	object|substance|person|state|body|quantity	7	228	65	4.731	луна(57); месяц(22); луны(13); луне(12); Луна(11)
varRa	5	attribute|group|communication|quantity|substance	8	228	73	4.894	варн(45); цвет(27); варны(16); цвета(14); цветом(13)
vatsa	2	animal|person	7	225	54	4.543	теленка(45); теленок(31); теленку(14); сын(12); теленком(11)
Beda	7	cognition|attribute|state|communication|act|event|phenomenon	9	224	120	6.179	различие(32); различия(12); различий(8); Бхеда(5); раздор(5)
Srotra	2	body|cognition	3	224	40	3.574	ухо(86); слух(28); ухом(17); уши(15); слухом(14)
SAstra	2	communication|cognition	4	223	83	5.536	шастры(24); шастр(17); науки(12); учение(12); Шастры(10)
dama	3	Tops|location|possession	5	223	74	5.108	самообладание(25); в доме(21); смирение(21); штраф(17); доме(16)
pramARa	6	attribute|Tops|person|communication|time|quantity	7	223	102	5.569	источник знания(47); источников знания(19); пример(8); источники знания(7); авторитет(6)
svar	2	object|location	3	223	56	4.120	солнце(69); небо(44); солнечный свет(9); свар(7); солнца(6)
kumAra	2	person|process	6	222	58	4.809	царевич(38); царевича(19); мальчик(17); Кумара(16); царевичей(11)
ozaDi	2	plant|Tops	3	222	29	3.367	растения(65); травы(39); трава(36); растение(18); растений(14)
tA	2	Tops|person	0	222	74	5.122	эти(31); они(26); их(16); ее(15); те(14)
vinASa	4	act|event|artifact|process	2	222	78	5.189	гибель(45); гибели(23); уничтожение(11); погибель(8); уничтожить(8)
Sastra	3	artifact|substance|act	4	220	42	3.316	оружие(95); оружием(31); оружия(27); меч(7); мечом(7)
jarA	4	time|process|state|body	5	220	47	3.323	старость(83); старости(52); старостью(23); Джара(9); Старость(4)
purARa	3	communication|person|time	4	220	86	5.436	древний(37); пураны(19); пурана(12); древних(11); древнее(10)
ari	3	person|Tops|communication	3	219	60	4.703	врагов(42); врага(24); враг(21); чужого(21); врагам(10)
pARqu	4	state|group|person|Tops	7	218	32	2.923	Панду(105); пандавов(35); пандавы(17); Пандавов(14); Пандавы(6)
vahni	8	process|plant|person|state|animal|quantity|relation|substance	10	217	57	4.633	огонь(46); возница(23); Агни(16); пламя(14); огня(13)
SAs	3	Tops|communication|person	7	216	140	6.739	научи(10); Повелевая(9); наставь(8); повелевая(8); правил(8)
tan	2	attribute|Tops	8	216	125	6.699	протянулся(10); потомства(5); пронизан(5); Непрерывно(4); Протягивая(4)
dakza	4	attribute|animal|cognition|state	7	214	79	5.318	Дакши(24); Дакша(22); силы действия(22); силу действия(15); искусный(9)
ruc	2	attribute|phenomenon	5	214	105	6.039	нравится(20); сверкает(16); по душе(14); засверкал(7); понравится(7)
sTira	2	person|object	9	214	125	6.519	стойкий(12); твердо(11); стоек(8); стойко(6); тугие(6)
tyAga	3	act|attribute|possession	4	214	96	5.811	отречение(24); отрешенность(16); отвержение(14); отреченье(10); отречения(8)
kara	6	animal|phenomenon|possession|quantity|Tops|plant	8	212	87	5.630	руки(19); рука(15); рукой(14); руку(14); руками(12)
saKya	2	state|Tops	2	211	46	4.212	дружбы(31); дружбу(30); дружба(25); дружбе(23); для дружбы(22)
vijaya	2	event|person	6	211	43	3.847	победа(59); Виджая(30); победы(29); победу(19); на победу(8)
raSmi	3	phenomenon|artifact|attribute	3	210	37	3.774	лучами(61); лучи(37); луч(22); лучей(13); поводья(9)
udaka	5	substance|act|food|state|body	3	209	36	3.633	вода(52); воду(39); воды(32); водой(18); водою(12)
banDu	3	person|act|state	4	208	68	5.315	друг(32); родных(13); родственник(13); родственников(12); родичей(8)
virAj	2	person|artifact	10	207	107	5.682	Вирадж(52); блистали(7); вирадж(5); сиял(5); выглядели красиво(4)
SaraRa	2	artifact|Tops	4	206	77	5.344	прибежище(29); защите(14); защиты(14); убежище(12); защита(10)
aNgiras	2	person|communication	4	206	18	2.794	Ангирас(72); Ангирасы(42); Ангираса(34); Ангирасов(18); Ангирасами(14)
dru	2	substance|plant	8	206	109	6.229	быстро(15); бегут(14); бегущих(9); бежит(9); разбежались(6)
Ka	6	location|communication|body|substance|Tops|artifact	5	205	79	5.409	небо(34); пространство(18); эфир(12); небосвод(9); в эфире(5)
ftu	4	time|Tops|process|quantity	6	205	67	4.979	времена года(46); времен года(17); время года(13); время(11); в урочное время(9)
SaNKa	5	animal|artifact|body|quantity|substance	9	204	34	3.395	раковины(61); раковину(33); раковин(30); раковина(23); Шанкха(15)
kalyARa	4	state|attribute|substance|Tops	7	204	112	6.164	прекрасная(21); красавица(11); прелестная(11); счастливая(8); достойная(7)
Seza	4	relation|communication|person|substance	6	202	88	5.539	остальные(25); остаток(22); Шеша(17); лежишь(9); осталось(7)
aBAva	2	attribute|state	3	202	58	4.355	отсутствие(59); небытие(25); отсутствии(17); нет(10); отсутствия(9)
matsya	2	animal|person	4	202	32	3.817	матсьев(45); матсьи(31); рыбы(17); Матсья(16); рыба(15)
daRqa	8	artifact|act|possession|attribute|time|group|plant|quantity	12	201	80	5.480	штраф(26); наказание(20); посох(13); жезл(8); наказания(8)
rAga	8	attribute|process|feeling|state|act|Tops|food|substance	7	200	62	4.699	влечение(37); страсть(33); влечения(17); страсти(11); привязанность(10)
harza	4	feeling|state|animal|cognition	4	199	62	4.076	радость(61); радости(40); радостью(19); радостно(7); восторг(4)
acala	2	object|person	3	198	86	5.439	гора(27); неподвижно(16); неподвижный(14); горы(13); гору(12)
dfQa	2	substance|plant	8	198	107	6.245	крепко(15); сильно(11); крепкий(9); очень(7); крепким(6)
niDana	2	event|person	2	197	62	4.498	смерть(44); нидхана(33); гибель(24); гибели(8); погибель(5)
nimitta	3	event|communication|Tops	5	197	84	5.383	причина(35); знамения(21); причине(9); причины(9); предзнаменования(7)
loBa	4	attribute|feeling|act|cognition	4	196	66	4.686	жадность(45); алчность(22); жадности(21); алчности(13); алчностью(8)
kzaRa	2	time|Tops	4	195	74	5.113	мгновение(35); миг(26); мгновенно(12); момент(9); вмиг(7)
viza	3	substance|Tops|state	3	195	31	2.681	яд(109); ядом(19); яда(17); яду(12); Яд(7)
dravya	4	relation|Tops|possession|substance	4	193	71	5.184	субстанция(28); вещь(18); субстанции(18); имущество(10); вещей(8)
pUzan	2	person|object	3	193	17	1.776	Пушан(130); Пушана(32); Пушану(8); пушан(7); О Пушан(2)
adri	4	object|substance|Tops|quantity	5	192	41	4.118	камнями(41); скалу(36); горы(17); камни(11); скалы(9)
jIva	4	phenomenon|Tops|object|person	6	192	69	5.505	джива(15); жизнь(15); душа(10); дживы(8); живого(8)
traya	3	quantity|group|state	2	192	33	3.151	три(76); трое(37); трех(23); Три(10); тремя(7)
BAga	9	relation|object|cognition|act|body|location|Tops|quantity|possession	7	191	32	3.138	долю(65); доля(53); доли(15); часть(10); доле(8)
Bakta	3	person|Tops|food	4	191	89	5.748	преданные(19); преданный(17); бхакт(11); предан(9); бхакты(8)
svaDA	4	attribute|food|possession|state	5	191	71	5.183	свадха(40); Свадха(18); возлияние предкам(7); по своей воле(7); по своему желанию(7)
Suka	2	animal|person	4	189	18	2.702	попугай(78); Попугай(37); попугая(31); Шука(10); Шуки(5)
suparRa	3	person|animal|group	3	189	40	4.338	Супарна(35); орел(25); орла(16); Супарны(13); орлы(12)
izu	3	artifact|plant|quantity	3	188	15	2.838	стрелами(54); стрелы(49); стрела(23); стрел(17); стрелу(16)
saNga	3	feeling|act|attribute	4	188	69	4.388	привязанность(61); привязанности(34); от привязанности(5); из привязанности(4); вместе(3)
Sama	6	feeling|communication|process|event|act|attribute	5	187	81	5.373	мир(24); покой(22); спокойствие(15); мира(10); покоя(9)
ananta	3	person|location|substance	6	187	77	5.341	бесконечный(26); Ананта(23); бесконечное(12); беспредельный(10); Бесконечный(6)
arka	7	plant|object|substance|person|communication|quantity|process	7	187	57	4.925	солнце(32); солнца(17); песнь(14); песню(12); арка(8)
pakzin	3	animal|food|person	3	187	38	3.792	птиц(44); птицы(40); птица(26); крылатый(10); пернатых(7)
DArA	6	artifact|event|process|body|object|state	5	186	47	4.020	потоком(50); потоки(36); поток(17); потоками(9); Потоком(7)
dakziRA	4	possession|attribute|relation|location	6	186	87	5.845	Дакшина(15); вознаграждение(12); южную(11); дары(8); южной(8)
ketu	8	artifact|location|phenomenon|communication|person|Tops|attribute|object	5	186	51	4.261	знамя(62); стяг(12); Знамя(11); знамена(9); знак(8)
mAna	8	attribute|time|cognition|quantity|Tops|act|artifact|communication	10	186	85	5.798	гордость(19); чести(10); гнев(9); гордыню(8); честь(7)
mokza	5	act|Tops|communication|event|process	4	186	66	4.801	освобождение(49); освобождения(19); Освобождение(11); спасение(7); Освобождения(5)
akza	8	body|artifact|plant|act|food|quantity|object|person	7	185	64	5.218	кости(19); ось(16); игральные кости(14); глазами(13); глаза(8)
kAYcana	3	substance|person|plant	3	185	33	3.966	золотой(29); золото(27); золотом(23); золота(19); золотые(17)
rAj	2	person|Tops	5	185	96	6.124	сверкает(10); правишь(9); царь(8); правит(7); сиял(7)
ripu	2	person|Tops	4	185	48	4.123	врагов(42); враг(41); врага(15); недругов(11); врагами(6)
kAkutsTa	2	person|group	3	184	49	4.207	потомок Какутстхи(45); Какутстха(36); Рама(14); потомку Какутстхи(10); Рагхава(6)
mAnasa	3	cognition|object|group	7	184	98	6.118	ум(12); Манаса(11); сердца(10); разум(6); сознания(6)
puzpa	7	plant|body|substance|process|artifact|state|event	6	184	30	3.169	цветы(64); цветок(30); цветов(27); цветами(25); цветочный(3)
upAya	2	cognition|act	3	184	75	5.117	средство(35); средства(20); способ(11); средствами(11); средств(9)
vapus	5	Tops|attribute|event|act|communication	3	184	82	5.632	тело(24); облик(17); образ(7); телом(6); вид(5)
rAzwra	3	location|state|group	4	183	42	4.135	царство(55); царства(17); страна(13); страны(11); царстве(10)
enas	2	attribute|communication	4	182	40	3.702	грех(53); его(34); греха(28); грехи(7); этим(7)
guhya	4	communication|body|person|artifact	2	182	60	5.061	тайну(28); тайна(17); тайное(15); тайные(9); тайне(8)
aByAsa	4	act|Tops|cognition|location	8	181	81	5.522	практика(20); практики(17); упражнения(13); практикой(10); упражнение(10)
sarpa	3	animal|person|group	3	181	31	3.386	змей(48); змея(40); змеи(36); змею(7); змеям(5)
barhis	2	plant|person	3	180	21	3.237	жертвенную солому(63); жертвенная солома(23); жертвенной соломе(18); на жертвенную солому(16); солому(14)
candramas	2	object|person	2	179	30	3.401	луна(65); месяц(31); Луна(11); Месяц(11); Чандрамас(11)
dIrGa	2	person|animal	7	179	75	5.521	долгий(22); долгую(16); долго(9); длинные(7); длинный(7)
mahiman	2	attribute|cognition	4	179	36	3.493	величие(72); величия(20); величием(17); величию(13); величии(9)
sAyaka	2	artifact|plant	2	179	15	2.688	стрелами(60); стрелы(41); стрела(27); стрел(25); стрелу(6)
aMhas	2	state|attribute	3	178	25	3.365	беды(51); от беды(42); узость(14); беда(12); узости(11)
vAsa	4	Tops|artifact|act|animal	4	178	92	5.844	жить(17); жизнь(15); жизни(10); жилище(10); пребывание(7)
avas	2	Tops|act	3	176	43	4.211	помощь(41); помощью(30); милости(12); помощи(11); на помощь(9)
kAya	5	Tops|body|event|group|quantity	3	176	45	4.063	тело(55); тела(23); телом(13); туловища(10); Телом(6)
pratyakza	2	cognition|act	4	176	74	5.172	восприятие(33); воочию(15); восприятия(13); на глазах(11); перед глазами(8)
rAkzasI	2	person|Tops	3	176	28	2.090	ракшаси(127); Ракшаси(6); демонической(5); ракшасы(5); ракшасов(3)
purI	2	location|Tops	3	175	29	2.641	город(108); городе(8); города(7); Айодхью(6); столицу(6)
smfti	3	cognition|communication|quantity	5	175	36	3.258	память(88); памяти(16); смрити(8); Память(7); Смрити(6)
tanu	7	Tops|act|attribute|object|phenomenon|plant|time	4	175	70	4.589	тело(55); образ(18); тела(16); телом(5); образы(3)
yatna	4	act|attribute|feeling|cognition	4	175	68	5.100	усилия(29); старание(16); усилие(13); старания(10); старательно(9)
tanaya	2	person|group	3	171	46	4.631	сын(35); сына(21); продолжающий род(8); сыну(8); потомства(7)
vidyut	2	event|phenomenon	4	171	34	3.305	молнии(53); молния(52); молнией(12); молнию(5); молниями(5)
vikrama	4	attribute|act|body|quantity	6	171	65	5.134	доблесть(24); доблести(16); отвагу(14); доблестью(13); отвага(8)
mAruta	6	phenomenon|person|substance|act|Tops|body	6	170	46	4.412	ветер(47); Марутов(19); Марута(7); ветром(7); марутову(7)
lakzaRa	7	attribute|cognition|communication|Tops|event|body|location	6	168	83	5.728	определение(15); признаками(14); признак(10); характеристика(8); признаки(7)
svapna	2	cognition|state	3	168	42	3.874	сон(55); во сне(25); сне(16); сна(9); сновидение(7)
Buja	3	body|shape|substance	3	167	39	3.881	руки(35); руками(30); руку(23); рук(16); рука(15)
DyAna	3	attribute|cognition|feeling	2	167	66	5.201	созерцание(29); медитация(18); дхьяна(9); созерцанием(6); размышление(5)
jihvA	3	body|shape|process	3	167	19	2.423	язык(79); языком(46); языка(10); Язык(7); языки(4)
samaya	5	communication|time|Tops|cognition|event	6	167	88	5.740	условие(19); время(17); соглашение(9); срок(6); договор(5)
vaktra	4	body|artifact|process|location	4	167	55	4.960	пасть(17); пасти(16); лицо(15); уста(15); зевы(9)
druma	2	plant|person	3	165	28	3.217	дерево(45); деревья(41); деревьев(25); деревьями(13); дерева(8)
gAtra	4	body|Tops|cognition|attribute	3	165	50	4.242	тело(38); тела(31); члены(19); телом(9); члены тела(6)
salila	4	substance|food|act|phenomenon	4	165	45	4.504	воды(27); вода(22); воду(16); в воде(11); водой(10)
pakza	9	animal|body|cognition|group|location|quantity|event|person|shape	12	163	73	5.564	крылья(20); тезис(10); крыльями(9); крыла(6); крыльев(6)
aBaya	2	feeling|act	4	161	49	4.363	бесстрашие(32); безопасность(26); отсутствие страха(21); бесстрашный(11); Бесстрашие(6)
parvan	4	body|substance|time|shape	4	161	76	5.321	книга(35); суставы(12); книге(7); раздел(7); парв(4)
tvac	4	body|plant|substance|animal	4	161	30	3.476	кожа(58); кожу(20); шкуру(17); кожей(13); кожи(7)
bIja	8	artifact|plant|body|communication|event|location|cognition|relation	5	160	24	2.700	семя(86); семена(14); семени(12); зерно(11); Семя(8)
haMsa	4	animal|object|person|substance	3	160	30	3.998	гуси(27); гусь(23); лебедь(16); гусей(12); гуся(12)
mAMsa	3	food|body|plant	2	160	24	2.499	мясо(87); мяса(26); мясом(15); плоть(6); Мясо(4)
Sravas	2	state|body	5	159	21	2.938	славу(65); славы(22); славой(18); слава(14); славе(13)
vyAsa	2	attribute|person	6	159	16	1.925	Вьяса(106); Вьясы(19); Вьясой(10); Вйасъ(5); Вьясу(4)
karaRa	10	act|body|event|artifact|time|attribute|Tops|communication|process|relation	10	158	80	5.734	инструментарий(13); инструментария(13); инструмент(10); орудие(8); помощник(7)
meGa	2	object|substance	4	158	23	3.425	облака(30); тучи(29); туча(28); облако(23); облаков(9)
parjanya	2	object|person	4	158	29	3.141	Парджанья(78); дождь(15); грозовое облако(7); Парджаньи(6); Парджанью(6)
Kara	2	animal|substance	8	157	35	3.652	Кхара(55); Кхары(21); Кхару(14); Кхаре(9); Кхарой(9)
SAsana	4	communication|act|attribute|cognition	4	157	64	5.338	повелению(14); повеление(12); приказанию(11); велению(10); приказу(10)
gamana	2	act|event	4	157	94	6.043	идти(16); отправиться(8); уход(7); уйти(6); близость(5)
nABi	7	body|artifact|substance|location|Tops|person|state	7	157	47	4.506	пуп(32); пупе(24); пупа(9); пупок(9); на пупе(6)
Ayu	2	phenomenon|time	2	155	55	4.219	Аю(56); срок жизни(17); аю(7); для Аю(6); жизнь(5)
pfzWa	5	location|body|substance|artifact|communication	4	155	52	4.616	спина(25); спину(25); спине(17); на спине(10); поверхность(7)
rADas	2	possession|attribute	3	155	52	4.916	дар(27); дарения(12); щедрость(10); дара(8); даром(8)
aDvan	7	act|Tops|artifact|cognition|location|attribute|time	7	154	51	4.243	путь(44); пути(29); звуки(6); путями(6); в пути(4)
kapi	2	animal|substance	4	154	15	2.134	обезьяна(94); обезьяны(17); обезьяну(13); обезьян(9); Обезьяна(6)
prakASa	4	attribute|artifact|substance|state	6	154	86	5.712	свет(28); открыто(8); света(5); озарение(4); освещения(4)
samADi	3	attribute|cognition|communication	2	154	56	4.435	самадхи(47); Самадхи(15); сосредоточение(15); сосредоточением(5); сосредоточении(4)
vanaspati	2	plant|Tops	3	154	42	4.353	дерево(32); лесное дерево(20); деревья(14); лесные деревья(13); лесных деревьев(7)
nakzatra	3	location|object|possession	4	153	37	4.324	звезды(28); созвездий(16); созвездия(16); звезд(11); звездами(9)
niScaya	4	cognition|act|Tops|attribute	3	153	90	5.791	решение(28); несомненно(7); решении(4); решимостью(4); мнение(3)
sTiti	6	Tops|cognition|communication|act|location|attribute	10	153	79	5.750	состояние(14); пребывание(12); правило(9); стойкость(6); положение(5)
vivasvant	2	person|object	0	153	30	3.627	Вивасвата(39); Вивасван(30); Вивасват(17); Вивасвана(12); Вивасвану(12)
antaka	2	person|event	5	152	47	4.440	Антака(35); Разрушитель(21); смерть(11); Разрушителю(8); Антаке(7)
varcas	3	attribute|substance|state	4	152	31	3.357	блеск(52); блеском(38); великолепием(9); блеска(8); с блеском(6)
vyasana	5	state|Tops|event|act|attribute	4	151	77	5.570	несчастье(18); бедствие(16); беду(9); беда(7); бедствия(5)
niyama	4	attribute|act|process|communication	5	150	99	6.150	обет(14); обеты(10); обетами(6); ограничения(6); нияма(4)
tvazwf	2	object|person	4	150	12	1.772	Тваштар(90); Тваштара(26); Тваштри(24); Творец(2); 24a-c. = РВ X, 18, 6a-c (с вариантами).(1)
camU	2	group|artifact	3	149	40	3.978	войско(57); рать(10); воинство(8); войска(6); чанах(6)
fzaBa	3	Tops|animal|person	6	149	32	3.206	бык(68); быка(25); Ришабха(6); Бык(5); быки(4)
Sruti	3	communication|cognition|body	6	148	67	4.922	шрути(43); Шрути(12); предание(4); уши(4); священное откровение(3)
nAda	4	attribute|communication|event|process	3	148	55	4.987	нада(17); рев(17); шум(13); клич(10); звук(8)
suBaga	4	substance|Tops|person|plant	6	148	78	5.625	счастливая(21); прекрасная(9); приносящая счастье(7); Субхага(6); любимая(6)
BAs	3	attribute|phenomenon|process	3	147	69	5.242	свет(24); светом(15); сияние(10); сияет(8); лучи(5)
apAna	2	body|act	3	147	43	4.319	апана(26); дыхание, идущее вниз(23); выдох(21); выдыхание(8); апане(6)
praDAna	4	state|attribute|person|Tops	8	147	67	5.068	Прадхана(37); Прадханы(11); главным(6); главное(4); прадхана(4)
upasTa	2	body|feeling	3	147	46	4.234	в лоне(31); лоне(31); лоно(14); из лона(8); лона(5)
naBas	5	location|object|Tops|substance|time	4	146	54	4.812	небо(36); облако(11); небосвод(9); неба(6); небе(6)
netra	4	body|quantity|act|artifact	6	144	56	4.492	глаза(34); глазами(19); глаз(17); из глаз(8); очами(7)
uras	2	body|location	2	144	17	2.617	грудь(67); в грудь(25); грудью(13); груди(12); на груди(8)
BArgava	3	person|object|substance	6	143	32	3.396	Бхаргава(61); Бхаргавы(15); потомок Бхригу(15); Бхаргаву(7); Бхаргаве(5)
vitta	2	possession|Tops	4	143	40	3.952	богатство(39); узнайте(20); богатства(19); имущество(12); богатств(5)
DUma	3	process|substance|phenomenon	3	142	17	2.238	дым(77); дымом(29); дыма(14); Дым(4); дымомъ(4)
hava	2	communication|process	3	142	19	2.621	зов(62); призыв(39); зову(8); на зов(6); призывах(4)
kopa	3	feeling|cognition|state	3	141	25	3.302	гнев(46); гнева(23); в гневе(16); гневе(14); гневом(9)
kziti	8	object|substance|location|Tops|group|event|artifact|possession	5	141	39	4.424	землю(20); земля(18); земле(14); поселений(13); земли(9)
mAtula	3	person|plant|animal	2	141	41	4.450	дядя(19); дядя по матери(17); дядей(16); дядей по матери(13); дядю по матери(9)
sumati	2	attribute|act	3	141	38	4.329	милости(21); милость(20); благоволение(15); благожелательность(13); благосклонность(10)
guhA	5	object|body|Tops|artifact|location	4	140	56	5.136	тайно(21); втайне(11); в тайне(8); Тайно(6); в тайнике(6)
himavant	2	object|artifact	0	140	32	3.809	Химаван(43); Химавана(18); Химават(13); Химавата(9); Хималая(8)
sarga	4	act|event|Tops|process	6	140	83	5.935	потоки(12); творение(10); миропроявление(6); творений(5); мир(4)
yuga	4	time|artifact|quantity|group	8	139	46	4.739	юги(16); поколения(14); юга(13); ярмо(12); век(10)
grahaRa	7	communication|act|cognition|event|Tops|body|state	9	138	75	5.689	восприятие(13); фиксация(11); фиксации(8); схватить(7); познание(5)
liNga	6	cognition|body|attribute|communication|Tops|event	7	138	74	5.805	знак(10); выводной знак(7); признаки(7); признак(6); выводные знаки(5)
praBA	3	attribute|phenomenon|person	7	138	62	4.891	сияние(21); блеск(20); свет(15); блеском(10); просветлела(6)
saMkalpa	2	cognition|feeling	3	138	72	5.687	воля(10); намерение(10); воле(8); желаний(7); желания(6)
varman	2	artifact|communication	3	138	42	4.475	доспехи(23); панцирь(16); защиту(14); щитом(12); защита(8)
vfzwi	3	phenomenon|event|time	2	138	24	3.115	дождь(63); дождем(15); дождя(12); дожде(6); капли дождя(6)
AjYA	2	communication|attribute	6	137	78	5.772	узнав(14); приказу(13); Узнав(5); выслушав(5); зная(4)
vistara	3	act|attribute|communication	3	137	53	4.235	подробно(53); пространно(11); полностью(5); Подробно(3); большое общество(3)
aMSa	6	relation|cognition|Tops|quantity|act|object	4	136	39	4.332	часть(24); частица(14); части(13); доля(11); Анша(10)
buDa	2	object|person	4	136	45	4.229	мудрые(31); мудрый(23); Будха(16); мудрецы(8); мудрец(5)
nArAyaRa	2	person|substance	5	136	15	2.227	Нараяна(78); Нараяны(19); Нараяне(13); Нараяной(7); нараяны(6)
veda	3	communication|quantity|Tops	5	136	43	4.461	Веды(26); веды(19); имущество(13); в Ведах(6); вед(6)
amBas	3	substance|food|body	2	135	40	4.409	вода(24); воды(15); водой(14); вод(12); воде(7)
praBava	2	event|location	2	135	78	5.741	источник(15); происхождение(11); начало(9); происхождения(5); возникновение(3)
vijYAna	3	cognition|Tops|act	5	135	60	5.081	познание(21); познания(11); распознавание(11); знание(10); познанием(8)
vyAGra	3	Tops|animal|person	3	135	16	2.932	тигр(40); тигры(29); тигра(18); тигров(17); тигром(9)
yozit	3	person|act|substance	2	135	46	4.475	женщины(29); женщин(20); женщина(10); жены(8); жена(5)
Bavana	3	artifact|cognition|location	2	134	50	4.815	дом(19); дворец(18); дома(10); покои(8); дворца(6)
Bojana	5	Tops|act|food|person|process	7	134	64	5.258	пища(16); пищу(16); еду(10); пищи(8); еда(6)
Sayana	3	artifact|act|state	5	134	35	3.208	ложе(62); ложа(21); на ложе(11); возлежание(3); спать(3)
dvAra	3	artifact|body|object	4	134	51	4.793	врата(29); ворота(14); двери(6); дверь(6); врат(5)
grAma	5	location|Tops|group|quantity|communication	6	134	32	4.015	деревня(29); деревни(21); деревне(12); деревень(11); деревню(8)
lakzmI	4	person|Tops|attribute|state	5	134	56	4.470	Лакшми(48); богатство(6); знак(5); красота(5); красотой(5)
siMhanAda	2	communication|person	0	134	39	4.155	львиный клич(23); львиный рык(23); львиные рыки(18); львиные кличи(13); львиным кличем(7)
sparSa	4	cognition|event|act|process	3	134	55	5.113	осязаемость(13); осязание(13); прикосновения(9); касания(8); осязаемое(8)
BUri	2	quantity|substance	4	133	52	4.791	много(31); множество(9); Бхури(8); многие(7); многое(6)
graha	8	object|state|event|artifact|location|person|quantity|feeling	12	133	56	4.818	планеты(21); планета(19); планет(13); орудие восприятия(9); планетами(7)
maraRa	2	event|process	2	132	30	2.925	смерть(53); смерти(39); смертью(8); гибель(2); смертей(2)
prayatna	3	Tops|communication|act	4	132	68	5.430	усилие(16); старательно(11); тщательно(9); усилия(8); усердно(6)
sUkzma	2	person|substance	5	132	59	5.154	тонкие(16); тонкий(14); тонкое(12); тонком(6); тонкого(5)
samiD	2	substance|process	3	132	31	3.830	топливо(31); дровами(26); дрова(18); топлива(6); Дрова(5)
sneha	9	substance|act|Tops|feeling|attribute|state|artifact|food|group	6	132	47	4.422	любовь(26); любви(22); из любви(12); с любовью(10); любовью(5)
BAskara	4	object|person|substance|process	6	131	28	3.374	солнце(51); солнца(17); Солнце(12); солнцу(9); Бхаскара(6)
Goza	5	substance|attribute|event|communication|location	6	131	67	5.568	шум(11); звук(9); клич(8); грохот(6); гул(5)
rati	3	act|feeling|Tops	5	131	57	5.144	радость(14); Рати(13); наслаждение(12); страсть(7); любви(5)
vastu	6	relation|time|location|body|Tops|cognition	5	131	59	5.333	реальность(11); реальности(10); утром(9); вещи(7); объект(7)
Kaqga	2	artifact|animal	4	130	23	2.828	меч(58); мечи(20); мечом(18); мечами(10); с мечом(3)
BAnu	7	object|phenomenon|person|plant|substance|attribute|quantity	6	129	34	4.399	луч(17); солнце(17); Бхану(13); лучом(11); солнца(7)
Balla	2	artifact|animal	3	129	48	4.827	стрелою с серповидным острием(24); стрелой с серповидным острием(11); стрелою бхалла(10); бхаллами(6); стрелою с широким острием(5)
ahi	3	animal|substance|person	4	128	25	3.264	змея(56); змей(11); змеи(10); змею(9); Ахи(5)
ISAna	2	person|Tops	3	127	59	5.236	владыка(18); Владыка(11); Ишана(9); владыку(5); повелитель(5)
Sloka	2	state|communication	4	127	29	4.124	стих(26); шлок(18); шлока(11); шлоки(10); шлоку(6)
parAkrama	2	attribute|act	2	127	59	5.120	доблесть(25); отвагу(9); сила(7); доблести(5); могущество(5)
Bfgu	3	object|group|location	6	126	14	1.318	Бхригу(103); бхригу(5); потомков Бхригу(3); Бригу(2); бхригуидов(2)
Sveta	6	substance|state|Tops|attribute|object|person	8	126	35	4.467	белый(20); Швета(14); белых(13); белая(7); белые(6)
ambara	4	location|artifact|substance|attribute	4	126	55	5.006	небо(21); небе(13); неба(8); одежды(7); в небе(5)
pannaga	3	animal|substance|person	2	126	22	3.083	змеи(44); змей(31); змею(9); змея(9); змеями(6)
pramAda	2	attribute|state	4	126	72	5.681	беспечность(12); безумие(8); беспечности(7); небрежность(7); беззаботность(6)
dAsa	2	person|Tops	5	125	30	4.137	раб(19); дасы(18); дасу(17); дасов(9); даса(7)
saMdfS	2	attribute|cognition	4	125	80	6.036	вид(8); видя(5); увидели(5); виднеются(4); видны(4)
Agama	6	communication|cognition|act|possession|process|attribute	6	124	93	6.313	пришел(8); авторитетное свидетельство(4); агамы(4); приход(4); приобретение(3)
jAti	6	cognition|event|group|attribute|act|state	7	124	70	5.726	рождение(10); класс(9); происхождение(5); род(5); рождения(5)
kleSa	3	state|feeling|act	4	124	67	5.679	лишения(9); страдания(8); аффектов(6); страдание(6); клеши(4)
saMyoga	7	event|communication|act|state|substance|Tops|feeling	7	124	68	5.278	соединение(20); контакт(13); соединения(12); от соединения(3); подверженности(3)
kuYjara	6	animal|Tops|artifact|person|substance|plant	4	123	18	3.085	слонов(33); слон(27); слона(16); слоны(14); слонами(11)
vajrin	3	person|substance|Tops	4	123	36	3.601	громовержец(52); громовержца(14); Владетель ваджры(7); Громодержец(5); носитель ваджры(4)
darpa	3	attribute|state|act	2	122	53	5.027	гордость(12); гордыня(11); гордыню(10); гордыни(8); гордости(7)
jantu	3	person|animal|Tops	4	122	41	4.691	существа(17); существо(14); люди(11); Джанту(5); живого существа(5)
maDura	3	Tops|food|substance	4	121	67	5.606	сладостные(10); сладостно(7); сладостный(7); сладостным(7); медовым(5)
nATa	3	person|Tops|artifact	4	121	58	5.175	господин(15); владыка(10); покровитель(9); покровителем(8); защитник(7)
pUjA	3	act|state|cognition	2	121	43	4.200	почести(41); поклонение(7); почет(7); почестей(6); почтение(6)
aSuBa	2	state|attribute	6	120	80	6.125	дурное(4); зла(4); неблагого(4); нечистые(4); от зла(4)
maRqala	10	artifact|shape|state|Tops|location|body|attribute|group|object|phenomenon	10	120	60	5.123	круг(22); круги(14); диск(6); диске(5); диску(3)
Candas	3	communication|attribute|quantity	4	119	67	5.780	гимны(7); гимнах(5); размеров(5); размеры(5); стихотворных размеров(5)
arRava	4	object|event|quantity|act	6	119	44	4.578	океан(23); море(19); потока(7); поток(6); океана(4)
mAtrA	7	Tops|attribute|communication|object|time|artifact|food	7	119	38	4.228	матерью(32); мать(14); меру(11); матери(6); мера(4)
ozaDI	2	plant|Tops	0	119	38	4.564	растения(15); травы(14); растений(12); в растениях(9); трав(7)
Urj	3	attribute|food|Tops	3	118	31	4.104	питательную силу(28); питательной силой(15); питательной силы(9); силой(6); силу(6)
anala	7	process|person|plant|substance|Tops|act|body	5	118	27	3.110	огонь(59); огню(12); Анала(5); огнем(4); огня(4)
pralaya	2	event|process	5	118	61	5.275	растворение(14); разрушение(13); конец(9); смерть(6); разрушеніе(4)
sadana	5	attribute|artifact|state|location|Tops	3	118	48	4.846	сиденье(21); обитель(10); сиденья(9); сидение(7); на месте(5)
vyoman	3	substance|location|Tops	5	118	32	3.694	небе(38); небо(17); небосводе(13); небосвод(9); в небе(4)
agastya	3	plant|object|Tops	0	117	7	2.022	Агастья(62); Агастьи(22); Агастье(11); Агастьей(10); Агастью(8)
dfzwi	3	act|body|cognition	5	117	48	4.659	взгляд(22); взор(15); зрение(12); глаза(8); взгляда(3)
mAtra	4	attribute|time|Tops|quantity	3	117	45	3.891	только(44); лишь(19); матери(5); как только(4); одного лишь(2)
medinI	3	location|object|substance	2	117	26	2.913	землю(44); земля(36); Земля(6); землей(5); землею(3)
tApasa	2	Tops|person	2	117	37	4.534	отшельников(14); подвижники(14); отшельники(13); аскет(7); подвижников(7)
vimAna	2	artifact|communication	4	117	63	5.537	колесница(12); колесницу(9); колесницы(5); мера(5); небесная колесница(4)
pArSva	7	location|animal|body|group|artifact|attribute|shape	5	116	58	5.326	бок(12); бока(11); рядом(8); склон(5); бокам(4)
pAtra	3	artifact|person|quantity	3	116	53	4.965	сосуд(22); сосуды(10); сосудом(8); диском(6); достойному(4)
antika	2	location|attribute	3	115	41	4.430	близко(21); вблизи(16); к(14); поблизости(6); невдалеке(5)
nASa	5	act|event|attribute|artifact|process	2	115	69	5.515	гибель(19); гибели(6); гибнет(5); погибель(5); погибели(4)
viBUti	7	substance|attribute|Tops|cognition|event|person|state	5	115	74	5.953	силами(6); проявления(5); богатства(4); величие(4); вибхути(4)
Sarad	2	time|Tops	3	114	22	3.311	осеней(38); осени(15); осень(14); лет(12); осенью(7)
kavaca	3	artifact|Tops|communication	3	114	27	3.394	панцирь(42); доспехи(17); панцири(15); доспех(4); доспехов(4)
nIla	5	substance|object|person|food|animal	9	114	53	4.802	Нила(29); Нилы(8); синий(7); синее(4); черного(4)
padma	6	plant|quantity|act|animal|substance|group	11	114	29	3.844	лотос(27); лотосы(17); лотоса(11); лотосами(11); лотосов(9)
vip	2	communication|person	2	114	63	5.566	дрожа(11); трепеща(7); дрожащий(5); трепещет(5); в трепете(4)
kalA	6	quantity|time|body|cognition|relation|substance	6	113	56	5.288	часть(13); кала(9); частей(7); искусствах(6); части(5)
saMskAra	4	process|Tops|act|event	3	113	74	5.883	санскары(10); санскар(6); впечатления(5); самскар(4); впечатление(3)
vikAra	4	state|event|act|substance	4	113	57	5.213	изменения(16); видоизменение(12); трансформация(6); видоизменений(5); изменение(4)
banDa	9	process|artifact|state|act|Tops|relation|feeling|attribute|possession	11	112	62	5.598	Бандха(7); бандха(6); узы(6); оковы(5); связанности(5)
niveSana	2	artifact|act	4	112	54	5.220	дворец(12); жилище(9); дворце(8); в жилище(5); доме(5)
vidaTa	2	group|cognition	3	112	42	4.634	жертвенную раздачу(22); на местах жертвенных раздач(10); на жертвенных раздачах(9); жертвенной раздаче(7); жертвенные раздачи(7)
AhAra	3	Tops|food|act	4	111	33	3.713	пища(37); пищу(17); пищи(12); еда(4); пост(4)
SApa	2	communication|artifact	2	111	22	2.948	проклятие(38); проклятия(34); от проклятия(6); проклятии(6); проклятию(6)
SuBra	2	substance|possession	6	111	65	5.650	сверкающие(9); прекрасные(8); блистательные(4); прекрасная(4); сверкающее(4)
manman	2	cognition|communication	3	111	57	5.401	молитву(11); произведением(6); молитвой(5); молитвы(5); произведение(5)
saMjYA	3	communication|cognition|Tops	9	111	60	4.946	сознание(32); в себя(5); раздались(3); родился(3); Дружные(2)
uraga	3	animal|person|substance	3	111	26	3.611	змеи(29); змея(17); змей(15); змеям(8); змею(7)
ikzvAku	2	group|plant	3	110	17	1.491	Икшваку(88); потомки Икшваку(3); потомков Икшваку(3); Айодхьи(2); потомок Икшваку(2)
maDyama	2	body|person	8	110	48	4.905	средний(18); средняя(10); средние(9); среднего(5); среднее(5)
mahant	4	Tops|animal|person|state	0	110	55	5.168	великий(15); великого(9); великое(9); великой(6); большой(4)
Bezaja	3	plant|artifact|substance	3	109	31	3.715	лекарство(32); целебное средство(24); целебные средства(7); лекарств(5); целебным средством(4)
bali	4	substance|act|communication|possession	4	109	26	3.360	Бали(42); дань(17); бали(11); налог(4); подношения(4)
kAvya	3	communication|person|cognition	6	109	43	4.753	Кавья(21); поэтические силы(9); мудрость(6); поэму(6); Кавьи(5)
kfcCra	4	attribute|cognition|act|state	5	109	66	5.500	с трудом(18); криччхру(7); криччхра(4); беду(3); тяжких(3)
koSa	5	artifact|body|plant|substance|possession	10	109	56	5.346	сосуд(11); казна(9); бадью(6); казну(6); сокровищница(5)
BaradvAja	2	animal|person	4	108	18	2.644	Бхарадваджа(49); Бхарадваджи(25); Бхарадваджей(7); Бхарадваджу(6); Бхарадвадже(5)
SiSu	2	person|animal	5	108	47	4.826	дитя(17); ребенка(10); ребенок(8); дети(7); теленка(7)
divAkara	2	object|person	2	108	22	2.861	солнце(54); Солнце(10); Творец дня(10); дневное светило(9); Творцу дня(3)
parAyaRa	4	act|cognition|artifact|feeling	4	108	81	6.112	прибежище(6); опора(5); опору(5); преданные(4); уход(3)
pradiS	2	relation|communication	6	108	59	5.225	стороны света(19); сторон света(9); стороны(5); укажи(5); указан(4)
rajanI	3	plant|time|person	3	108	19	1.977	ночь(75); ночи(11); ночью(3); Ночь(2); ночей(2)
antaHpura	2	artifact|person	4	107	51	5.216	внутренние покои(11); гарем(9); покои(7); внутренних покоев(4); во внутренние покои(4)
hastin	3	animal|person|state	3	107	21	3.543	слонов(24); слон(20); слона(15); слоны(9); слонами(7)
vAhinI	2	group|object	4	107	20	2.644	войско(58); рать(12); войска(9); воинство(5); вахини(3)
cintA	3	cognition|act|feeling	3	106	72	5.838	мысль(9); мысли(6); тревога(6); думы(4); раздумье(3)
vizama	2	state|cognition	8	105	91	6.421	суровый(4); нечестно(3); беда(2); в беде(2); в бедствии(2)
yAna	3	artifact|act|group	4	105	41	4.777	повозки(12); колесницы(11); колесница(9); поход(7); повозка(6)
Srama	2	state|act	3	104	59	5.345	усталость(15); усилия(7); труд(5); усталости(5); от усталости(4)
arAti	4	attribute|person|feeling|state	3	104	46	5.008	враждебность(13); Скупость(9); недоброжелательность(7); скупость(6); Арати(4)
asita	2	Tops|object	7	104	31	3.460	Асита(47); черные(7); Аситы(6); черной(5); черную(5)
carman	5	substance|artifact|body|animal|state	4	104	25	4.039	щит(16); шкуру(12); щиты(11); шкура(9); шкурой(7)
pAra	2	Tops|attribute	3	104	44	4.862	берег(17); берега(11); по ту сторону(7); предел(4); берегом(3)
Asya	4	body|artifact|process|location	3	103	42	4.626	рот(21); пасть(10); уста(7); в рот(5); лицо(5)
nizWA	5	communication|event|state|attribute|cognition	7	103	65	5.795	введя(5); вера(4); конец(4); направленность(4); позиция(4)
samIpa	2	location|attribute	2	103	44	4.745	к(17); вблизи(10); рядом(9); близ(7); поблизости(5)
sarvaloka	2	Tops|object	2	103	46	4.984	весь мир(8); во всех мирах(8); во всем мире(7); все миры(7); всего мира(7)
yojana	5	quantity|Tops|act|cognition|group	7	103	29	3.745	йоджан(34); йоджана(11); Йоджана(8); йоджану(8); йоджаны(5)
BUzaRa	2	artifact|substance	2	102	33	3.806	украшения(32); украшений(13); украшение(10); украшениями(8); украшениях(6)
ISa	3	person|relation|substance	6	102	47	4.803	владыка(19); владыку(10); Владыка(7); Владыку(5); Господь(5)
aruRa	6	person|time|substance|state|object|Tops	6	102	53	5.206	Аруна(14); красноватый(7); рыжий(6); красный(5); алый(4)
hutASana	3	process|person|Tops	2	102	34	4.189	Пожиратель жертв(23); огонь(19); Вкуситель жертв(6); Пожирателю жертв(4); Пожирателя жертв(4)
vasuDA	4	location|object|substance|Tops	5	102	25	3.185	землю(34); земля(30); Земля(4); земли(4); землею(3)
vikarRa	2	artifact|person	4	102	9	1.281	Викарна(81); Викарну(7); Викарне(4); Викарны(3); Викарной(2)
vismaya	2	feeling|attribute	3	102	34	3.810	изумление(40); удивление(8); изумления(5); восхищение(4); изумлением(4)
SIta	7	attribute|phenomenon|Tops|state|cognition|plant|substance	5	101	44	4.787	холод(21); холодной(7); прохладный(5); холодная(5); холодом(5)
draviRa	3	possession|Tops|artifact	2	101	24	3.188	богатство(28); имущество(24); богатства(18); имуществом(8); сокровище(3)
toya	6	substance|food|Tops|act|artifact|body	2	101	36	4.076	воду(29); воды(13); вода(9); водой(6); в воду(3)
vaDU	3	person|animal|plant	4	101	48	5.168	невеста(9); невестка(9); невесту(6); жена(5); невесты(5)
asta	2	event|location	4	100	46	4.801	домой(23); Аста(5); заходит(5); дом(4); закат(4)
pApman	4	act|attribute|state|event	3	100	27	3.687	зло(32); зла(13); злом(9); грехи(6); немощь(6)
ravi	5	object|plant|substance|person|quantity	4	100	11	2.167	солнце(52); Солнце(19); Рави(11); солнца(9); Солнца(2)
rohita	2	animal|person	3	100	34	3.827	Рохита(40); Рохиты(7); Красный(5); красных(4); Рохите(3)
svara	5	communication|attribute|event|quantity|person	7	100	42	4.541	голос(19); голосом(16); звук(9); Звук(3); благозвучие(3)
vAraRa	3	animal|act|artifact	6	100	30	3.731	слонов(26); слоны(18); слон(14); слона(8); слонами(3)
anarTa	5	attribute|act|communication|state|event	6	99	49	5.216	не-артха(9); зло(6); вред(5); невыгода(5); несчастье(5)
anila	5	phenomenon|person|Tops|substance|act	5	99	24	3.247	ветер(40); ветра(11); Анила(10); ветром(10); ветры(3)
balin	3	animal|substance|person	3	99	32	3.570	могучий(44); могучих(6); сильных(5); могучие(4); могучим(4)
caraRa	6	body|communication|act|group|artifact|quantity	4	99	41	4.580	ноги(20); ног(9); ногам(8); ногами(6); стопам(5)
gANgeya	2	substance|person	4	99	15	2.879	сын Ганги(39); сына Ганги(18); Гангея(11); Сын Ганги(7); сыну Ганги(5)
uzRa	3	time|attribute|cognition	6	99	54	5.381	жара(9); жаркие(7); жару(6); жар(5); горячий(4)
ASA	4	relation|feeling|location|cognition	4	98	49	5.025	надежда(15); стороны света(9); надежды(7); желание(4); сторон света(4)
Darman	3	communication|cognition|Tops	3	98	58	5.432	установлению(10); как положено(8); законом(5); по закону(5); закону(4)
SfNga	2	animal|location	5	98	32	4.202	рога(21); вершины(11); вершине(8); вершину(7); вершина(6)
anumAna	2	cognition|communication	2	98	28	3.422	умозаключение(42); умозаключения(9); выводное знание(7); вывод(4); логический вывод(4)
hiraRya	3	substance|artifact|person	5	98	17	2.479	золото(54); золота(14); золотом(7); Золото(5); Золотом(2)
lABa	3	act|attribute|possession	2	98	52	5.112	достижение(10); прибыль(10); обретение(8); приобретение(7); достижения(5)
mfdu	3	substance|Tops|person	3	98	61	5.613	мягок(7); мягкий(6); кроткий(5); мягко(5); кроток(3)
saMyama	2	Tops|act	2	98	41	4.876	санъяма(8); санъяме(8); самьямы(7); саньяма(7); самьяма(6)
samAgama	2	act|group	2	98	56	5.421	встреча(10); встрече(7); сражение(5); в собрании(4); встречи(3)
Ananda	5	feeling|act|cognition|person|state	3	97	31	3.695	блаженство(35); блаженства(10); радость(10); наслаждение(6); Услада(3)
sahAya	2	person|Tops	2	97	55	5.284	помощник(9); помощником(9); союзником(8); союзник(5); союзники(4)
vAhana	3	artifact|animal|act	6	97	58	5.668	упряжных животных(5); ездовых животных(4); верховые и упряжные животные(3); колесниц(3); колесница(3)
anAmaya	2	state|person	3	96	69	5.900	безболезненные(6); благополучии(4); о здоровье(4); бесстрастия(3); благополучие(3)
durita	2	state|attribute	2	96	32	3.977	трудности(26); опасности(14); беды(11); бедствия(4); беду(4)
kuRqala	2	artifact|shape	2	96	16	2.405	серьги(55); серьгами(11); серег(7); серьга(5); серьгах(4)
mAtariSvan	2	phenomenon|person	2	96	12	1.918	Матаришван(64); ветер(8); Матаришвана(7); Матаришваном(5); ветром(3)
pftanA	2	group|act	3	96	28	4.048	в сражениях(19); войска(10); сражениях(10); войско(9); в боях(8)
svADyAya	2	act|communication	3	96	64	5.748	изучение Вед(5); изучением Вед(5); свадхьяя(5); изучение(4); чтением(4)
yAtuDAna	2	person|artifact	2	96	19	3.371	колдунов(24); колдун(19); колдуна(12); ятудханы(8); колдуны(6)
aSman	4	substance|state|Tops|object	3	95	25	3.487	камень(36); камнем(12); камни(6); камня(5); скале(5)
bAzpa	4	body|substance|quantity|phenomenon	4	95	25	2.983	слезы(44); слезами(15); слез(10); со слезами(3); заплаканными(2)
praBfti	2	event|cognition	2	95	48	5.075	с(10); начиная с(9); с тех пор(6); и т. п.(5); начиная(5)
pratyaya	7	communication|feeling|cognition|event|Tops|act|state	7	95	72	5.975	доверие(6); содержание сознания(4); аффикс(3); познание(3); представление(3)
udara	7	state|shape|body|location|substance|animal|artifact	5	95	36	4.235	живот(27); живота(8); чрево(7); брюхо(6); в животе(4)
prasU	2	person|plant	7	94	69	5.947	размножайтесь(5); побужденный(4); процветайте(3); растения(3); внутри зачавших(2)
saMvid	4	communication|plant|act|cognition	8	94	53	5.282	сознание(10); в согласии(9); со-постижение(5); Кидаются(4); Согласный(4)
skanda	3	person|process|substance	3	94	10	2.201	Сканда(48); Сканды(14); Сканду(12); Сканде(10); Скандой(5)
vaMSa	5	plant|group|artifact|body|quantity	5	94	34	3.999	род(30); роду(9); рода(7); преемственности(5); роде(5)
vyUha	3	group|quantity|attribute	5	94	32	3.993	строй(23); боевой строй(16); строя(9); строем(6); боевого строя(4)
aSani	4	event|person|phenomenon|substance	2	93	42	4.966	грома(8); молния(7); ашани(6); громовая стрела(6); молнии(6)
hara	2	person|substance	4	93	46	4.417	Хара(28); Хары(8); Шива(8); Хару(4); схвати(3)
pariRAma	3	state|process|Tops	5	93	54	5.427	в конце(7); изменение(7); трансформации(5); модификация(4); видоизменение(3)
urvI	4	location|object|Tops|body	5	93	39	4.651	землю(12); широких(9); на землю(8); земля(7); широкие(7)
utpatti	4	event|state|act|process	4	93	33	4.038	возникновение(26); возникает(11); возникновения(11); произвести(4); появление(3)
zazwi	2	quantity|relation	2	93	14	2.604	шестьдесят(41); шестьюдесятью(20); Шестьдесят(8); шестью(6); шестидесяти(5)
mAgaDa	2	person|group	4	92	36	4.562	Магадхи(11); магадхи(10); магадха(9); магадхов(8); Магадха(6)
stana	3	body|animal|plant	3	92	23	3.306	грудь(30); груди(19); грудей(11); грудью(4); грудями(4)
SacI	4	person|attribute|cognition|Tops	5	91	28	3.540	Шачи(33); силами(16); мощно(5); сил(4); силой(4)
aBra	4	substance|object|location|attribute	4	91	38	4.489	облако(16); тучи(13); облака(9); туча(5); тучу(4)
candana	3	substance|plant|person	2	91	25	3.495	сандалом(25); сандал(20); сандала(11); сандаловой мазью(5); сандаловое дерево(4)
harita	3	food|substance|state	4	91	58	5.710	рыжих(5); буланых кобылиц(3); желтого(3); зеленое(3); зеленым(3)
kzema	2	state|attribute	4	91	58	5.554	в мире(6); покой(6); безопасности(4); безопасность(4); благополучие(4)
viparyaya	5	relation|cognition|process|event|act	8	91	62	5.694	противоположное(9); противоположный случай(4); обратное(3); противоположные(3); в противном случае(2)
SAKA	3	plant|body|group	7	90	25	3.424	ветви(33); ветвь(14); ветку(8); ветки(5); ветвей(4)
aMSu	2	phenomenon|artifact	4	90	37	4.496	стебель(21); стебля(6); лучами(5); лучи(5); стеблями(5)
aRu	3	person|substance|plant	4	90	45	4.727	атом(22); малого(7); атомов(5); атомы(3); наименьшего(3)
bAlA	2	person|Tops	2	90	38	4.665	дева(15); юная(8); юная дева(8); девушка(4); она(4)
mala	4	substance|state|body|process	6	90	38	4.724	грязь(11); пылью(8); грех(7); нечистот(7); загрязнение(6)
nayana	2	body|act	3	90	25	3.211	глаза(34); глаз(18); глазами(10); очами(4); глазах(2)
SIla	3	Tops|cognition|attribute	2	89	64	5.697	добродетель(7); нрав(7); добродетелью(4); добрый нрав(4); долгу(2)
duzkfta	2	act|attribute	2	89	52	5.359	грех(8); дурных(7); для злодея(4); дурное(4); греха(3)
krama	7	attribute|cognition|Tops|act|body|process|quantity	6	89	47	4.954	последовательность(13); шаг(12); порядок(4); постепенно(4); по порядку(3)
pIta	4	substance|Tops|artifact|group	6	89	49	5.331	желтое(7); хорошо закаленной(6); выпитые(4); выпитый(4); желтой(4)
puzkara	5	plant|object|location|substance|person	5	89	38	4.367	Пушкара(23); Пушкары(10); Пушкаре(7); Пушкару(4); в Пушкаре(3)
saMnyAsa	5	process|act|attribute|communication|state	4	89	42	4.834	отречение(15); отречением(7); Отречение(6); отречения(5); Саннйасъ(4)
suvIra	3	substance|food|person	0	89	55	5.218	прекрасных мужей(16); из прекрасных мужей(5); очень мужественный(5); прекрасных сыновей(4); прекрасных героев(3)
BAra	5	attribute|artifact|Tops|quantity|act	4	88	35	4.063	бремя(27); тяжесть(8); ношу(7); груз(5); ноша(5)
drazwf	2	Tops|person	0	88	38	4.686	видящий(11); зрящий(10); тот, кто видит(6); увидит(6); увидишь(6)
niDi	4	possession|artifact|act|object	5	88	41	4.694	сокровище(17); вместилище(9); сокровища(6); сокровищница(5); подношения(3)
saMDyA	2	time|act	4	88	50	4.890	сумерки(21); заря(6); сумерках(5); зарю(3); вечернюю жертву(2)
vadana	7	body|attribute|artifact|act|cognition|location|process	4	88	34	4.238	лицо(24); лицом(8); лица(7); устами(4); лик(3)
SoRita	4	body|plant|state|substance	5	87	9	1.966	кровь(32); кровью(32); крови(17); Кровавый(1); в крови(1)
mAlya	2	artifact|plant	3	87	31	4.246	венки(15); венками(10); гирлянды(10); гирляндами(7); цветы(7)
sUtra	3	artifact|communication|location	4	87	32	4.169	нить(14); сутры(13); нити(10); сутра(10); на нити(4)
vyADi	2	state|location	3	87	31	3.928	болезни(23); болезнь(16); болезней(6); болезнью(5); болезнями(5)
yadfcCA	3	event|Tops|state	2	87	43	4.350	случайно(29); неожиданно(7); внезапно(3); случилось(3); В беспорядочном странствии(2)
Boktf	2	Tops|person	2	86	51	5.266	вкуситель(9); вкушающий(6); наслаждающийся(6); Вкушающий(4); вкушающего(4)
SaMkara	2	person|plant	3	86	21	2.983	Шанкара(39); Шанкару(14); Шанкаре(5); Шанкарой(5); Санкаръ(3)
akzi	2	body|quantity	3	86	23	3.242	глаза(30); глаз(19); глазу(7); глазами(6); очами(3)
damBa	2	act|person	0	86	44	4.911	лицемерия(12); лицемерие(9); лицемерно(7); лицемѣріемъ(5); гордость(3)
sambanDa	4	communication|state|Tops|event	2	86	37	4.163	связь(20); связи(19); родство(4); отношение(3); союз(3)
AramBa	4	act|communication|event|Tops	3	85	47	5.131	начало(9); начинание(8); начинания(5); дело(4); Арамбха(3)
SaSin	4	object|substance|person|quantity	4	85	28	4.006	луна(16); месяц(16); Месяц(7); Месяцем(7); луны(6)
amara	2	person|substance	3	85	26	3.897	бессмертные(21); бессмертными(9); бессмертных(9); бессмертный(7); бессмертным(6)
kilbiza	2	attribute|act	2	85	47	4.867	грех(15); греха(12); вина(4); от греха(3); результат греха(3)
marman	3	body|communication|attribute	3	85	39	4.761	средоточия жизни(13); уязвимое место(7); в уязвимые места(5); жизненно важные места(5); жизненно важные органы(5)
sADana	6	Tops|act|artifact|body|cognition|possession	10	85	48	5.120	средство(10); обоснование(9); средства(5); доказательство(4); обоснования(3)
sAnu	4	object|body|location|person	2	85	33	4.588	спину(10); спине(9); вершина(6); вершине(5); вершину(5)
sTAvara	3	object|plant|possession	6	85	40	4.711	неподвижное(14); неподвижные(8); неподвижных(8); неподвижного(6); недвижные(3)
sattra	2	act|artifact	3	85	27	3.803	жертвоприношение(27); жертвоприношения(9); жертвоприношении(7); сатра(6); праздника сомы(4)
kftya	3	act|communication|Tops	4	84	59	5.550	дело(9); ворожба(6); долг(4); меры(3); дела(2)
nirfti	2	event|state	3	84	19	3.305	Гибель(23); Ниррити(15); Гибели(12); гибель(9); небытия(5)
vasuMDarA	4	location|object|person|possession	5	84	20	2.967	земля(32); землю(20); землей(7); землею(5); Земля(4)
darBa	2	plant|group	3	83	27	3.131	дарбха(44); Дарбха(3); трава(3); траве дарбхе(3); траву дарбха(3)
manIzA	3	cognition|communication|feeling	4	83	45	5.077	молитву(10); молитва(6); мыслью(6); молитвой(4); произведение(4)
putraka	2	person|artifact	4	83	25	3.610	сынок(29); сын(10); сыновья(6); сыночки(5); сынки(4)
tIra	2	Tops|object	2	83	11	2.389	берегу(34); берег(22); берега(12); на берегу(4); на берегу Ямуны(3)
ASraya	4	relation|Tops|artifact|location	6	82	52	5.206	субстрат(11); опора(8); субстратом(5); опоре(4); основа(3)
nigraha	2	act|person	3	82	53	5.479	удержать(6); наказание(4); обуздать(4); обуздание(3); обуздания(3)
rahas	4	attribute|location|communication|act	4	82	31	4.151	тайно(16); наедине(12); втайне(9); в уединении(6); тайком(5)
syandana	4	artifact|plant|person|process	3	82	22	3.373	колеснице(21); колесницу(20); колесницы(9); колесница(8); колесниц(3)
Suzma	2	attribute|event	4	81	41	4.632	неистовство(18); ярость(7); пыл(5); мужество(4); неистовством(4)
UDas	2	animal|time	3	81	13	2.470	вымени(29); вымя(28); выменем(8); из вымени(4); Вымя(2)
aBizeka	3	event|process|act	3	81	26	3.449	омовение(24); помазание(16); помазания(13); посвящении(4); помазание на царство(2)
apatya	2	person|communication	3	81	27	3.808	потомство(22); потомства(15); детей(7); потомок(4); сына(3)
asTi	3	body|plant|substance	3	81	12	2.431	кости(31); кость(21); костей(14); костями(6); зернышками миробалана(2)
jAmi	2	person|Tops	6	81	44	5.220	сестры(7); Сестры(4); родные(4); сестрами(4); родственник(3)
nivftti	5	act|event|feeling|communication|time	4	81	50	5.144	прекращение(11); устранение(9); бездействии(4); бездействие(3); воздержание(3)
pitrya	2	act|plant	3	81	51	5.280	отцовское(8); предков(6); правила почитания предков(5); от отца(4); отца(4)
samBava	4	event|act|location|Tops	5	81	52	5.318	рождение(9); происхождение(8); возникает(3); происхождении(3); становление(3)
svana	2	event|attribute	2	81	52	5.341	шум(9); рев(5); голоса(4); звук(4); звуки(4)
cala	3	act|person|substance	3	80	63	5.869	беспокоен(3); иди(3); изменчиво(3); беспокойный(2); гора(2)
kzIra	2	food|substance	3	80	16	2.302	молоко(41); молока(20); молоком(6); Молока(1); Молоко(1)
raGunandana	2	person|group	2	80	25	3.683	потомок Рагху(25); Рагхава(12); Рама(5); о потомок Рагху(5); Услада рода Рагху(4)
rakta	6	body|Tops|substance|cognition|plant|state	7	80	47	5.154	красными(7); красные(6); кровь(6); красный(5); красным(5)
sAvitrI	3	communication|act|person	3	80	10	1.319	Савитри(63); савитри(7); дочь Савитара(2); стих Савитри(2); Савитару(1)
sTARu	3	person|plant|communication	5	80	31	3.776	Стхану(28); столб(10); стойкий(6); ствол(5); кол(3)
udAra	3	food|person|phenomenon	6	80	62	5.822	благородный(4); дурные предзнаменования(4); благороден(2); благородно(2); благородны(2)
vfza	4	animal|Tops|object|person	3	80	21	3.185	бык(26); Вриша(21); быка(6); Бык(3); Вришей(3)
BUti	5	attribute|substance|state|possession|Tops	3	79	36	4.729	успех(9); благополучие(8); процветание(5); удача(5); успеха(5)
grAvan	3	substance|artifact|object	4	79	19	2.724	давильный камень(32); давильные камни(24); жерновам(3); давильным камнем(2); давильным камням(2)
icCA	2	attribute|cognition	2	79	38	4.369	желание(19); желания(9); Желание(8); воля(5); Влечение(2)
miTuna	4	person|group|act|location	6	79	31	4.479	пара(12); пару(10); пары(7); соединении(4); близнецов(3)
parigraha	4	act|Tops|person|attribute	4	79	65	5.911	владения(3); накопительство(3); принятие(3); собственности(3); благосклонности(2)
pavana	5	phenomenon|person|Tops|body|substance	4	79	30	4.025	ветер(23); воздух(9); ваю(5); ветерок(5); Павана(3)
suvarRa	4	substance|quantity|person|possession	5	79	25	3.720	золото(24); золота(11); золотом(9); золотыми(3); золотых(3)
udaya	8	event|Tops|possession|state|time|attribute|cognition|process	8	78	59	5.683	восход(6); возникновение(4); на восходе(3); увеличение(3); Восхода(2)
vAra	8	event|time|cognition|Tops|animal|artifact|body|possession	5	78	35	4.074	сито(28); сите(5); в сите(3); по ситу(3); ситу(3)
AScarya	2	event|feeling	3	77	28	3.684	чудо(28); чудеса(10); удивительным(4); изумление(3); удивительно(3)
bfhatI	3	plant|communication|Tops	3	77	30	4.243	высокие(13); брихати(12); высоких(7); высокая(6); высокую(4)
patatrin	2	animal|artifact	5	77	33	4.478	птицы(15); птиц(8); стрелы(5); крылатые(4); пернатых(4)
prasaNga	6	feeling|cognition|event|state|act|relation	6	77	59	5.754	привязанность(4); заключение(3); следует(3); абсурдный вывод(2); возможность(2)
rAjaputrI	2	substance|animal	2	77	20	3.342	царская дочь(22); царевна(17); царскую дочь(8); царевне(5); царевну(4)
sadas	3	artifact|group|location	2	77	42	4.976	сиденье(10); место(6); сидении(5); сиденья(4); в собрании(3)
varada	2	act|person	0	77	38	4.289	податель даров(23); подателя даров(8); Податель даров(4); Подателя даров(3); подателю даров(3)
Ayatana	5	location|Tops|artifact|event|body	4	76	46	5.006	местопребывание(14); прибежище(5); места(4); местопребывании(3); обитель(3)
BUman	6	location|attribute|state|communication|object|person	4	76	28	4.264	землю(14); земля(7); земли(6); Землю(5); бесконечное(5)
Gana	9	substance|object|act|artifact|time|animal|body|group|plant	12	76	52	5.334	тучи(10); облака(6); тучам(3); гряду(2); дубиной(2)
Garma	4	phenomenon|time|artifact|body	6	76	34	4.546	котелок с молоком(14); горячее молоко(7); жар(7); горячий напиток(4); котелок(3)
SyAma	3	substance|Tops|plant	4	76	42	5.013	смуглый(10); темный(5); темнокожий(4); черный(4); Темный(3)
aDizWAna	5	Tops|artifact|location|event|relation	4	76	48	5.211	основа(10); место(5); местопребывание(4); опора(4); Основание(2)
aDyAya	2	communication|cognition	2	76	16	3.165	глав(21); раздел(18); глава(8); частях(6); главе(4)
gIta	2	act|communication	2	76	32	4.420	пение(14); пения(6); песен(6); песни(6); воспето(5)
locana	5	body|quantity|act|artifact|plant	2	76	23	3.515	глазами(18); глаза(17); глаз(8); лотосоокий(7); очи(6)
mAtaMga	3	animal|person|Tops	4	76	15	3.221	слон(15); слоны(14); слонов(13); слону(9); слона(8)
pariGa	2	artifact|Tops	3	76	51	5.491	балку(4); дубину(4); засов(4); бревно(3); булавы(3)
vIruD	2	Tops|plant	2	76	18	3.041	растения(25); растений(16); растение(13); Растение(3); растениям(3)
vfjana	2	group|cognition	2	76	27	3.990	общину(22); общине(7); общины(6); общинах(5); общиной(3)
viMSati	2	quantity|relation	2	76	8	1.583	двадцатью(35); двадцать(34); на двадцати(2); Двадцати(1); двадцати(1)
GrARa	3	body|cognition|act	3	75	22	3.332	нос(25); обоняние(12); обоняния(9); обонянием(7); носом(4)
aparADa	2	attribute|act	3	75	38	4.735	вины(9); вина(8); вине(8); обиды(4); оплошности(4)
catuzpada	2	animal|plant	2	75	20	3.647	четвероногим(13); четвероногими(12); четвероногих(10); четвероногого(8); четвероногие(7)
dvaMdva	8	substance|communication|group|quantity|act|process|cognition|relation	5	75	44	4.998	двойственности(8); Двандва(7); двандва(7); пары(4); двойственность(3)
garuqa	3	person|food|group	3	75	9	1.822	Гаруда(47); Гаруды(12); Гаруду(7); Гаруде(3); гаруды(2)
nyAya	4	cognition|act|attribute|communication	3	75	53	5.512	справедливо(6); по закону(4); как должно(3); ньяя(3); по справедливости(3)
pravat	2	Tops|object	3	75	42	5.186	отлогим склонам(5); по склону(5); говорят(4); высоты(3); отлогих спусков(3)
Dara	2	object|person	6	74	50	5.416	несущий(5); с(5); Дхара(4); держащий(3); носящий(3)
Sibira	2	artifact|group	2	74	22	3.438	лагерь(29); лагерю(6); лагере(5); шатер(5); шатры(4)
dunduBi	2	artifact|person	4	74	21	3.240	барабан(23); барабанов(13); барабаны(13); барабана(6); Дундубхи(2)
izwi	3	act|possession|artifact	3	74	37	4.734	жертвоприношение(14); к поискам(5); жертвоприношения(4); для усиления(3); желания(3)
kAnana	2	object|group	2	74	27	4.086	лесу(14); лес(11); леса(8); рощи(6); в лесу(3)
kaRWa	3	body|artifact|quantity	3	74	25	3.928	шею(16); горло(13); горлом(5); шея(5); горла(4)
lAGava	3	attribute|cognition|feeling	4	74	43	5.064	ловкость(9); легкостью(5); ловкости(5); легкомыслие(3); легкость(3)
dUra	2	attribute|location	3	73	35	4.014	далеко(28); вдалеке(3); издали(3); ниже(3); Вдалеке(2)
tala	4	location|body|object|quantity	5	73	37	4.591	на(14); ладонью(6); поверхность(6); ладонями(5); чистые(4)
tantu	4	artifact|substance|group|plant	4	73	15	2.547	нить(33); нити(19); нитей(4); основу(3); линии(2)
viSiKa	2	artifact|plant	2	73	18	3.173	стрелы(21); стрелами(19); дротиками Манасиджи(7); стрел(5); стрела(4)
vyakti	3	event|cognition|communication	3	73	42	5.068	проявления(7); проявление(6); индивид(4); проявленья(4); частиц(4)
baBru	3	person|animal|plant	5	72	30	4.357	Бабхру(15); бурый(7); коричневой(4); коричневому(4); коричневым(4)
suraBi	7	animal|Tops|plant|time|artifact|location|person	8	72	35	4.451	Сурабхи(19); благоухающий(4); благоухание(3); благоуханную(3); благоуханными(3)
viBAvasu	3	process|person|object	4	72	37	4.400	Вибхавасу(19); огонь(8); огня(4); блистательный(3); Лучезарный(2)
viSvakarman	2	person|phenomenon	3	72	17	2.772	Вишвакарман(32); Вишвакарманом(13); Вишвакармана(9); Всесозидатель(2); всеобщий творец(2)
vyavasAya	2	person|group	2	72	38	4.470	решимость(15); решение(12); решенье(4); решимостью(3); Упорство(2)
yAman	2	act|location	3	72	34	4.821	в походе(7); в пути(5); походе(5); в движении(4); выезде(4)
Bara	3	attribute|act|artifact	4	71	32	4.567	приношу(9); битве(8); в битве(6); в битвах(5); для приношения(4)
SoBana	3	artifact|attribute|person	4	71	32	3.946	прекрасная(23); красавица(8); прелестная(7); о прекрасная(3); достойно(2)
aGa	3	attribute|act|state	5	71	36	4.324	зло(20); грех(7); виной(4); беда(3); злые силы(3)
pratiBA	2	cognition|attribute	5	71	41	4.420	кажется(23); откроются(4); представляется(3); Кажется(2); будут сиять(2)
saMsidDi	2	state|event	2	71	22	3.044	совершенства(34); совершенство(8); к совершенству(6); Совершенства(2); высшая цель(2)
vigraha	5	act|Tops|cognition|attribute|communication	5	71	38	4.780	война(12); битва(4); битве(4); войну(4); тело(4)
Danvan	2	artifact|location	3	70	34	4.751	пустыни(7); беги(6); луках(6); пустыню(4); Беги(3)
SamBu	2	person|substance	5	70	23	3.215	Шамбху(32); Шивы(7); Шива(5); благодатный(3); Благославенный(2)
arati	3	person|feeling|attribute	3	70	32	4.648	посланник(9); посланником(7); возница(4); посланника(4); посланнику(4)
dvaya	4	quantity|group|act|process	3	70	28	4.255	два(11); двух(10); две(7); двойственностью(4); двум(4)
gAyatrI	2	communication|plant	4	70	7	1.418	гаятри(47); Гаятри(16); Гайатри(3); Гайятри(1); Гакашре(1)
hrI	2	attribute|feeling	3	70	22	3.530	скромность(22); стыдливость(11); стыд(6); Хри(4); от стыда(4)
rohiRI	5	location|plant|state|animal|body	4	70	12	1.778	Рохини(50); рохини(5); с Рохини(3); красные(2); на Рохини(2)
sumna	4	feeling|attribute|act|communication	3	70	29	4.031	милости(19); милость(7); в милости(6); расположение(6); Милости(3)
varAha	5	animal|person|artifact|group|substance	5	70	21	3.890	вепрей(14); кабана(7); кабанов(7); вепри(6); вепрь(5)
vivAha	2	act|event	2	70	30	4.515	свадьбу(8); брак(6); свадьба(6); свадьбе(5); свадьбы(5)
ASis	2	communication|act	3	69	23	3.658	желании(17); благословения(13); желания(8); благословениями(6); Просьбы(2)
Avft	2	Tops|act	6	69	44	4.970	возвращается(12); возвращаются(6); вернулись(4); вернулся(2); вращается(2)
mahizI	3	animal|person|Tops	4	69	35	4.685	супруга(10); царица(7); супругой(5); буйволица(3); главная жена(3)
nIti	4	cognition|Tops|act|communication	3	69	42	4.988	политика(12); государственность(3); праведность(3); справедливость(3); Хитроумие(2)
niSAcara	2	person|Tops	0	69	37	4.889	ракшаса(7); бродящий в ночи(6); Ночной оборотень(4); ракшасы(4); бродящие в ночи(3)
paTa	6	cognition|artifact|body|attribute|location|act	2	69	24	3.484	пути(26); путь(9); Пути(5); улицами(4); дороги(3)
ruj	2	state|cognition	4	69	43	5.213	проломил(6); боль(4); Раздроби(3); боли(3); пробил(3)
vAhlIka	3	Tops|group|plant	3	69	18	3.106	Бахлика(27); Бахлики(9); бахликов(8); бахлики(6); Бахлику(3)
DAtu	6	substance|body|Tops|communication|cognition|food	4	68	51	5.501	минералами(5); руд(3); часть(3); элементов(3); Дхатри(2)
Gawa	4	artifact|Tops|quantity|feeling	2	68	26	3.670	горшок(23); кувшин(10); сосуд(5); кувшина(3); кувшины(3)
aNka	7	body|communication|Tops|act|attribute|artifact|quantity	6	68	36	4.651	колени(12); к груди(6); коленях(5); на коленях(4); на колени(3)
niDAna	2	possession|act	3	68	45	5.278	убежище(6); сокровище(4); пристанище(3); сокровищница(3); Ковчег(2)
yava	3	plant|quantity|substance	4	68	17	2.970	ячмень(30); зерно(9); ячменя(6); ячменем(4); зерна(3)
AcAra	3	Tops|act|cognition	4	67	41	4.913	поведение(12); благонравия(4); образ жизни(3); обычай(3); обычаю(3)
antarAtman	2	cognition|person	2	67	43	5.165	внутренний Атман(7); душою(4); сердцем(4); души(3); Внутренний Атман(2)
saMGa	3	Tops|group|quantity	3	67	46	4.991	сонмы(14); сонмами(4); толпы(3); Сонмы(2); сонм(2)
upalabDi	2	cognition|act	3	67	29	4.056	восприятие(20); восприятия(6); воспринимается(4); познание(4); постижение(3)
Agamana	2	act|event	2	66	40	5.061	возвращения(6); прихода(5); прибытие(3); приезда(3); прийти(3)
Ajya	2	food|communication	3	66	24	3.854	жертвенное масло(15); жертвенным маслом(10); масло(7); топленое масло(5); маслом(4)
ajina	2	substance|animal	4	66	33	4.754	шкуру(6); шкуры(6); антилоповые шкуры(5); оленьи шкуры(3); платье(3)
cetana	2	cognition|person	4	66	34	4.453	сознание(15); сознания(7); сердце(4); сознанием(3); Сознание [как таковое](2)
janapada	2	group|location	3	66	30	4.037	страны(16); страна(11); стране(7); страну(3); джанапада(2)
marIci	2	phenomenon|person	3	66	18	2.925	Маричи(32); лучами(6); лучи света(5); лучи(4); лучей(3)
nivAsa	3	location|Tops|act	3	66	44	5.197	обитель(7); Обитель(4); поселился(3); пребывание(3); приют(3)
pattra	7	plant|animal|substance|act|Tops|artifact|communication	9	66	32	4.337	лист(12); листья(8); листок(7); лепестками(4); листьями(4)
sAmya	3	attribute|state|shape	4	66	44	5.192	в равновесии(5); уравновешенностью(5); единства(4); в равенстве(3); равенство(3)
saMDi	7	body|shape|communication|artifact|cognition|event|act	6	66	27	4.061	мир(13); соединение(9); союз(8); мира(6); сустав(3)
saMsTA	5	act|attribute|cognition|communication|event	9	66	57	5.717	пребывает(5); после смерти(2); пребывающие(2); составляют(2); умершего(2)
Ahuti	2	act|possession	2	65	21	3.669	подношения(13); возлияние(12); подношение(8); возлиянием(6); жертва(5)
Anana	3	body|artifact|location	3	65	25	3.656	лицо(21); лицом(11); лица(4); лик(3); ликом(3)
aYjali	2	communication|quantity	2	65	32	3.958	руки(21); ладони(10); почтительно сложив руки(3); анджали(2); сложив почтительно руки(2)
bindu	6	quantity|state|body|attribute|substance|act	7	65	23	3.602	бинду(20); капля(8); точка(7); Бинду(5); капли(5)
kfzwi	2	artifact|group	2	65	15	2.962	народы(24); народов(15); народами(4); Народы(3); народом(3)
latA	4	plant|shape|animal|artifact	4	65	23	3.624	лиана(14); лианами(12); лианы(11); лиан(6); Лата(2)
naKa	2	body|Tops	2	65	18	3.516	ногтей(15); ноготь(12); когтями(6); ногти(6); ногтями(6)
preta	3	person|group|Tops	2	65	45	5.361	после смерти(3); преты(3); призракам(3); умершего(3); Идите вперед(2)
sAkzin	2	person|cognition	2	65	19	3.390	свидетель(23); свидетелей(6); Свидетель(5); свидетели(5); свидетелями(5)
skanDa	3	body|plant|Tops	5	65	29	4.279	плечо(11); ствол(8); плечами(6); плечи(6); на плечи(3)
vAha	2	animal|person	5	65	30	4.069	коней(20); кони(6); конь(3); с колесницы(3); средство для езды(3)
vfdDi	9	Tops|state|communication|process|act|cognition|possession|time|attribute	6	65	49	5.378	рост(6); процент(5); преуспеяния(3); благополучия(2); возвышение(2)
SUla	3	state|artifact|cognition	5	64	26	4.138	копье(11); копья(8); копьями(6); пики(5); кол(4)
anvaya	5	Tops|group|act|relation|state	3	64	43	5.172	последовал(6); роду(4); соответственно(4); последовала(3); связь(3)
kalpa	6	time|cognition|act|substance|communication|Tops	8	64	47	5.314	Кальпа(6); кальпа(5); подобный(3); Эра(2); обрядов(2)
niyoga	2	communication|act	3	64	43	5.210	велению(6); по повелению(3); по приказанию(3); повелению(3); приказу(3)
prayoga	5	Tops|act|cognition|event|artifact	6	64	44	5.167	применение(9); употребление(3); восклицаниями(2); другом(2); использование(2)
vartman	4	body|artifact|cognition|act	3	64	23	3.658	пути(14); путем(12); путь(11); примеру(3); путём(3)
yantf	2	person|Tops	3	64	28	4.221	возница(9); возницей(9); возницу(7); вознице(6); возницы(5)
danta	5	body|animal|substance|artifact|location	4	63	18	3.474	зубы(15); зубами(14); зуб(6); зубов(4); бивни(3)
kUpa	2	artifact|object	3	63	17	3.167	колодец(24); колодце(6); колодцы(6); в колодец(5); колодца(5)
kftyA	3	cognition|person|Tops	5	63	22	3.145	колдовство(30); Колдовство(5); Критья(5); ворожба(2); ворожбы(2)
mahABUta	2	Tops|person	0	63	26	4.250	великих элементов(13); Великие элементы(5); великие элементы(5); материальных элементов(4); Великое Бытие(3)
viDAna	5	cognition|act|Tops|communication|substance	4	63	53	5.603	правило(5); закон(2); обряд(2); порядок(2); правилу(2)
Aji	2	act|event	4	62	28	4.264	состязании(11); состязание(10); ристалище(4); на ристалище(3); сражениях(3)
SiKara	3	location|plant|artifact	4	62	28	4.194	вершину(10); вершина(7); вершинами(6); вершине(6); вершинах(5)
anubanDa	2	event|Tops	2	62	43	5.240	впоследствии(4); последствия(4); в конце(3); связанности(3); усложнение(3)
jAla	6	Tops|quantity|artifact|group|body|object	5	62	34	4.405	сеть(13); сетью(10); сетями(3); лепниной(2); множество(2)
kapila	2	person|substance	4	62	14	2.454	Капила(34); Капилу(9); Капиле(3); Капилы(3); Капила-мудрец(2)
manoraTa	2	feeling|cognition	3	62	31	4.102	желание(16); желания(11); желанье(3); желаемое(2); желанием(2)
nandana	2	person|location	4	62	32	4.246	Нандана(15); потомок(9); Нандане(4); потомку(3); Усладу(2)
vAri	5	substance|food|act|body|Tops	3	62	18	3.538	воды(15); вода(8); водой(8); влага(5); воду(5)
vfjina	2	attribute|act	3	62	37	4.963	греха(5); кривое(5); грех(4); козни(3); лживого(3)
viBAga	5	attribute|act|cognition|relation|person	5	62	46	5.258	раздел(7); при разделе(4); классификация(3); разделения(3); деление(2)
SayyA	2	artifact|act	3	61	21	2.982	ложе(31); ложа(6); лежа(3); возлежании(2); ложѣ(2)
aMSumant	2	object|person	0	61	20	3.710	Аншуман(12); солнце(11); лучезарное(8); Аншумана(5); Солнца(3)
banDana	8	process|act|artifact|state|body|Tops|communication|plant	10	61	50	5.558	уз(3); из любви(2); оковы(2); от ножки(2); от уз(2)
kabanDa	4	body|person|artifact|object	3	61	27	3.876	Кабандха(21); безглавые тела(5); Кабандхи(3); кабандхи(3); Безглавые трупы(2)
kumBa	3	artifact|location|state	4	61	34	4.443	кувшин(16); кувшина(4); кувшинов(3); Кумбха(2); горшки(2)
pfTaktva	2	attribute|state	0	61	40	4.968	по отдельности(10); как многочастно-разделенного(3); раздельно(3); в отдельности(2); не познавшая единство(2)
rakzaRa	3	Tops|act|substance	3	61	39	5.027	охрана(5); защита(4); охранять(4); сохранения(4); защиты(3)
saMgata	2	Tops|communication	4	61	48	5.433	вместе(5); дружбы(3); дружба(2); общение(2); объединенные(2)
yozA	2	person|artifact	0	61	23	3.670	женщина(22); Юная женщина(4); девицу(3); женщину(3); женщины(3)
CAyA	2	attribute|state	4	60	21	3.229	тень(27); тени(6); отражение(3); Тень(2); в тени(2)
Socis	2	process|attribute	2	60	12	2.458	пламенем(27); пламя(14); пламени(5); пыл(5); блеском(2)
arizwa	5	event|plant|person|animal|food	10	60	34	4.777	Аришта(6); невредимый(6); невредимые(4); невредимыми(4); невредимы(3)
ayas	2	substance|artifact	5	60	28	4.408	это(7); этот(7); железо(6); железа(5); металл(3)
dizwa	2	Tops|event	4	60	31	4.351	судьба(9); предназначенный(7); судьбы(7); предопределено(6); судьбу(4)
gahana	4	location|group|object|person	4	60	45	5.315	густой(4); дремучий(4); лес(3); таинствен(3); глухом(2)
jvalana	3	process|person|act	2	60	24	3.879	огонь(18); огня(5); пламя(4); Агни(3); огнем(3)
kaliNga	3	plant|animal|substance	6	60	13	2.919	калингов(19); Калинги(9); калинги(9); Калинга(8); калингами(6)
mAhAtmya	2	communication|attribute	4	60	28	4.063	величие(13); величии(12); великодушие(3); величием(3); благородство(2)
makara	2	animal|group	4	60	21	3.726	макара(11); Макара(10); макары(10); дельфин(5); Макары(3)
pARqura	2	state|substance	3	60	20	3.721	белый(12); белых(9); белыми(7); белого(5); белые(5)
pataMga	4	animal|object|plant|person	5	60	35	4.798	мотыльки(6); птица(6); мошкара(4); насекомые(4); мотылек(3)
vARI	3	communication|cognition|person	4	60	22	3.826	голоса(12); голосов(10); слова(6); голос(5); речь(4)
vinaya	2	attribute|act	4	60	43	5.163	смиренно(6); смирение(5); скромность(3); смирения(3); благовоспитанность(2)
yAma	3	time|act|location	4	60	36	4.917	стражи(6); выезд(5); Ямы(3); отправимся(3); путь(3)
DaraRI	4	object|location|substance|body	3	59	16	3.160	землю(20); земля(7); в землю(6); земле(6); на землю(6)
aSana	3	act|Tops|food	3	59	34	4.716	еда(7); пищу(7); пища(4); Питаясь(3); питаясь(3)
dUzaRa	4	act|substance|cognition|communication	5	59	22	3.611	Душана(20); Душаной(5); Душану(5); Душаны(5); вина(3)
madana	6	person|plant|feeling|Tops|substance|animal	6	59	30	4.204	Мадана(16); страстью(6); бог любви(3); страсти(3); Мадану(2)
mahAkAya	2	animal|person	2	59	43	5.254	великан(5); огромный телом(3); с огромными телами(3); Высокий(2); великий телом(2)
narya	2	person|possession	4	59	24	3.870	мужественный(16); мужественного(8); мужественную(4); мужественные(4); Мужественный(3)
parRa	3	plant|animal|artifact	4	59	21	3.409	листья(23); парна(6); перо(5); листьев(3); Парна(2)
sAmAnya	2	attribute|shape	6	59	29	4.263	общее(14); универсалия(6); Общая(4); Универсалия(3); общая(2)
sakASa	2	location|cognition	2	59	24	3.677	к(16); от(13); в присутствии(4); к нему(2); присутствии(2)
vanya	2	animal|plant	2	59	32	4.551	лесной(9); лесных(7); лесные(5); лесными(3); дикий(2)
avayava	4	body|cognition|object|person	2	58	22	3.579	часть(19); члены силлогизма(6); частей(5); части(5); членов силлогизма(4)
boDi	2	plant|cognition	3	58	20	3.326	будь(20); Будь(11); заметь(5); Заметь(3); Стань(2)
gaya	3	artifact|group|Tops	4	58	22	3.907	Гая(10); дом(10); Гаи(5); Гайи(5); Гайя(4)
prApti	5	act|attribute|cognition|event|relation	3	58	39	4.948	достижение(9); контакт(3); приобретения(3); соединение(3); Прапти(2)
prasava	4	person|event|act|plant	5	58	37	4.905	побуждению(6); потомство(6); в состязании(3); по побуждению(3); потомства(3)
vikalpa	3	cognition|Tops|event	4	58	45	5.362	сомнение(4); викальпа(3); вариант(2); воображение(2); конструирование(2)
AKyAna	2	communication|cognition	3	57	19	3.025	сказание(25); повествование(10); рассказ(3); Акхьяна(2); повесть(2)
SilA	4	substance|Tops|artifact|object	5	57	25	4.028	камни(13); камень(7); камней(5); камнем(4); камне(3)
aBimAna	3	act|cognition|feeling	5	57	37	4.929	высокомерие(4); гордость(4); гордыня(4); примысливание-себя(4); тщеславие(4)
aktu	3	time|phenomenon|state	3	57	18	3.403	ночи(18); ночью(7); ночами(6); по ночам(6); мазями(3)
bAlya	3	time|state|cognition	2	57	29	4.336	детстве(8); детства(7); детство(7); в детстве(4); с детства(4)
gagana	3	substance|location|Tops	3	57	15	3.331	небо(17); небес(6); неба(5); небе(5); с неба(5)
kali	4	time|substance|state|plant	4	57	15	2.307	Кали(34); кали(8); распре(2); ссоре(2); бедствие(1)
mahodaDi	2	object|artifact	2	57	11	2.653	великий океан(19); океан(15); океана(7); великого океана(6); великом океане(3)
pAna	5	Tops|act|food|artifact|body	4	57	25	3.928	питье(12); напитки(11); вина(4); пьянство(4); вино(3)
rAhu	2	person|event	3	57	3	0.254	Раху(55); демон Раху(1); о луне(1)
AkAra	3	attribute|Tops|cognition	2	56	38	4.950	видом(7); форма(5); выражению лица(3); вид(2); выражение лица(2)
SravaRa	3	body|cognition|act	4	56	34	4.753	Шравана(8); уши(4); слухом(3); слушать(3); слышит(3)
dvIpa	2	object|artifact	4	56	24	4.084	остров(12); материках(5); прибежищем(5); острова(4); материк(3)
lohita	3	body|object|substance	7	56	26	4.331	красным(8); кровь(7); красный(4); красного(3); красные(3)
pAyu	2	body|person	4	56	25	4.158	защитниками(10); задний проход(6); защитник(5); защитники(4); защитником(4)
vAda	3	cognition|communication|act	4	56	39	5.014	слов(7); суждение(4); рѣчь(3); диспут(2); диспуте(2)
ayana	3	time|act|location	3	55	36	4.947	путь(5); пути(4); движение(3); для идущего(3); пристанище(3)
cIra	2	artifact|plant	3	55	19	3.212	платье из лыка(19); лыка(12); платье(5); из лыка(2); лыко(2)
mUrti	6	act|attribute|Tops|object|event|group	5	55	32	4.629	воплощение(6); образ(6); тела(5); формы(4); составные вещи(3)
prAjApatya	2	act|location	3	55	27	3.782	Праджапати(20); праджапатья(6); Праджапатья(2); Рохини(2); для Праджапати(2)
rava	3	attribute|event|communication	5	55	28	4.202	рев(11); ревом(9); кличи(3); крики(3); шум(3)
samudBava	2	event|act	2	55	43	5.331	происхождение(3); было(2); возникающий(2); возникла(2); возникшие(2)
tapasvinI	2	Tops|plant	2	55	30	4.426	несчастная(9); подвижница(7); страдалица(5); подвижницу(3); горемычная(2)
usriyA	2	animal|food	3	55	27	4.335	коров(11); коровы(4); рыжих коров(4); коровами(3); красноватых(3)
DAnya	3	food|plant|Tops	4	54	16	3.079	зерно(17); зерна(12); зерном(8); Зерна(2); зерне(2)
anugraha	6	act|attribute|cognition|communication|Tops|possession	3	54	31	4.501	милость(9); милости(7); милостиво(3); милостью(3); благосклонность(2)
arGya	2	substance|possession	2	54	32	4.554	почетное питье(10); аргхья(5); аргхью(4); гостеприимство(2); для омовения(2)
matsara	2	feeling|attribute	4	54	28	4.461	пьянящий(8); Пьянящие(5); опьяняющий(4); пьянящего(3); пьянящие(3)
meDya	3	animal|food|plant	5	54	35	4.870	жертвенного(6); жертвенный(4); Медхья(3); благодетельный(3); чистых(3)
samBrama	3	state|attribute|cognition	2	54	46	5.431	рвение(3); смятение(3); в замешательстве(2); замешательство(2); страха(2)
tfzRA	2	state|feeling	3	54	23	4.006	жажда(11); жажды(5); алчба(4); алчность(4); жаждой(4)
varDana	3	Tops|act|person	4	54	40	5.092	подкрепление(6); Услада(3); подкреплением(3); услада(3); подкрепляющие(2)
ASaya	7	body|artifact|cognition|attribute|Tops|event|state	5	53	39	5.119	лежит(4); вместилище(3); сердце(3); следов(3); гумно(2)
SarIrin	2	person|Tops	3	53	35	4.852	воплощенного(7); воплощенных(4); тела(3); Воплощенного(2); внутри живых существ(2)
havyavAhana	2	person|process	3	53	30	4.339	Уноситель жертв(13); огонь(4); жертвенный огонь(3); увозящим жертвы(3); везущий жертву(2)
muzwi	3	body|quantity|artifact	4	53	25	4.099	кулак(10); кулаками(8); кулаком(5); руками(3); рукоять(3)
netf	2	person|plant	2	53	24	3.542	вождь(21); предводитель(5); вождем(4); наставник(2); отправит(2)
niroDa	2	act|process	3	53	35	4.808	прекращение(8); прекращения(4); остановки(3); ниродха(2); остановка(2)
nisvana	3	attribute|event|communication	2	53	31	4.597	шум(7); звуки(6); звук(4); гул(3); гром(2)
sAti	2	event|act	2	53	34	4.716	для захвата(8); захвата(5); при завоевании(4); для захвата добычи(2); добился(2)
surA	4	food|state|artifact|person	3	53	19	3.880	сура(7); хмельной напиток(7); вина(6); вино(5); Сура(4)
tuzwi	3	feeling|quantity|state	3	53	21	3.738	удовлетворенность(12); довольство(7); удовлетворенности(7); удовлетворение(5); радость(3)
BAratI	3	communication|attribute|cognition	4	52	21	3.632	Бхарати(14); бхаратийское(8); бхаратов(6); войско бхаратов(4); речь(3)
DIti	2	cognition|act	3	52	26	4.263	молитвами(8); молитвы(8); поэтические мысли(4); силами прозрения(3); Поэтические мысли(2)
dAsI	2	person|plant	4	52	18	3.729	рабыней(9); рабыня(8); рабыни(5); служанок(5); рабынь(4)
raGu	2	group|animal	3	52	11	1.530	Рагху(40); быстрые(2); рода Рагху(2); Быстрый(1); Рагхавы(1)
srotas	2	body|event	5	52	29	4.549	потоком(6); потоков(5); поток(4); потока(4); течение(3)
tArA	4	object|animal|possession|location	3	52	17	3.263	звезды(15); звезд(9); звездами(8); Тара(5); Таре(2)
taruRa	3	process|body|plant	5	52	37	4.864	юный(8); молод(4); нежного(3); юноши(3); восходящее(2)
vyaTA	4	feeling|cognition|event|state	4	52	39	5.133	страх(4); боль(3); трепещи(3); мучение(2); печаль(2)
vyavahAra	5	act|Tops|attribute|event|state	8	52	45	5.393	практика(4); активность(2); дела(2); дела денежные(2); при судебных разбирательствах(2)
aDipa	2	person|Tops	2	51	29	4.156	владыка(15); повелитель(4); владыки(3); Властитель(2); владыкою(2)
kAzWa	2	substance|artifact	3	51	27	4.368	дерева(6); дрова(6); полено(6); поленья(4); Водяных дорожек(2)
kitava	2	person|plant	3	51	20	3.501	игрок(16); игрока(8); игроков(4); китавы(4); игроки(3)
mAlA	3	artifact|Tops|group	4	51	23	4.122	гирлянда(10); цепь(5); гирлянды(4); венками(3); венок(3)
nikfti	2	act|attribute	2	51	24	3.809	обману(16); обманом(6); нечестно(3); нечестным путем(3); обмана(2)
pIti	3	act|Tops|substance	3	51	11	2.810	для питья(18); Для питья(9); питье(7); Чтобы пить(4); на питье(4)
prayas	3	Tops|feeling|food	3	51	35	4.834	жертвенные услады(8); жертвенной пище(3); жертвенная пища(2); жертвенной усладой(2); жертвенную усладу(2)
prayojana	2	attribute|cognition	3	51	29	4.513	цель(8); цели(5); мотив(3); побуждения(3); мирные предложения(2)
rocana	3	location|phenomenon|plant	4	51	24	4.104	светлое пространство(9); светлые пространства(6); светлого пространства(5); светлом пространстве(5); пространство(3)
svAmin	2	person|substance	5	51	20	3.677	хозяин(11); господин(9); Господин(7); Государь(3); хозяина(3)
triguRa	2	Tops|artifact	2	51	35	4.915	три гуны(5); Трехгунное(3); втрое больше(3); трех гун(3); трехгунное(3)
varavarRinI	2	person|plant	0	51	14	2.617	красавица(23); прекрасная(12); прекраснейшая из женщин(3); прекрасная внешностью(2); прелестная(2)
velA	3	event|object|time	7	51	22	3.662	берег(17); берегов(6); берег морской(3); время(3); берега(2)
aTarvan	2	communication|person	3	50	13	2.781	Атхарван(22); Атхарвана(6); Атхарвану(6); Атхарваны(4); Атхарваведа(2)
gaBasti	4	phenomenon|animal|object|person	4	50	17	3.716	лучами(8); лучи(7); в руки(5); руках(5); в руках(4)
kzura	3	artifact|body|plant	4	50	37	5.021	нож(5); лезвием(3); стрелою-бритвой(3); бритва(2); бритвообразным острием(2)
saMsad	3	group|artifact|state	3	50	23	3.857	собрании(13); собрание(7); в собрании(5); в обществе(2); общества(2)
sukumAra	2	plant|substance	3	50	33	4.839	Сукумара(6); нежный(3); Нежная(2); Сукумару(2); милый(2)
ASuga	2	artifact|person	3	49	20	3.876	стрелами(9); стрела(7); быстролетными(6); быстролетные(3); быстрыми(3)
Agneya	3	communication|substance|location	4	49	22	3.902	агнея(11); огненное(6); Агни(5); огненную(4); огненный(3)
cAraRa	2	process|person	5	49	16	3.076	чараны(20); Чараны(5); чаранов(5); чаранами(4); странники небес(3)
daRqaka	2	artifact|plant	3	49	16	3.043	Дандаку(17); Дандаке(9); Дандака(8); Дандаки(2); в Дандаке(2)
dayA	2	attribute|cognition	2	49	19	3.049	сострадание(19); милосердие(12); жалость(2); всеобщимъ состраданіемъ(1); доброе сердце(1)
kiMnara	2	person|artifact	2	49	10	2.381	киннары(22); киннаров(10); киннарами(6); Киннары(5); Кимнары(1)
kusuma	5	plant|body|person|process|time	3	49	14	2.808	цветы(18); цветами(11); цветов(7); цветок(3); Кусума(1)
mUtra	2	substance|Tops	2	49	10	2.497	мочу(19); моча(14); мочи(4); мочиться(3); испражняться(2)
ninada	3	attribute|event|communication	2	49	23	4.097	рев(7); вопли(6); крик(5); шум(5); клич(4)
rAti	3	possession|act|attribute	3	49	18	3.468	дар(12); Дары(9); дары(7); Рати(4); даров(2)
sAmarTya	3	attribute|cognition|relation	3	49	26	4.155	способность(9); сила(6); способности(6); силу(4); смысл(2)
saMgraha	7	act|communication|Tops|attribute|artifact|group|person	8	49	38	5.012	вкратце(6); кратко(4); в целом(2); коротко(2); собрание(2)
tfpti	2	state|feeling	3	49	29	4.538	удовлетворение(8); насыщение(4); насыщения(3); наслаждение(2); насытиться(2)
utsa	3	location|artifact|event	2	49	9	2.202	источник(28); колодец(5); Источник(3); источника(3); источники(3)
vibuDa	2	person|object	4	49	20	3.649	премудрые(12); боги(7); премудрых(7); богов(4); мудрые(2)
BAzita	2	communication|cognition	3	48	23	4.195	речи(5); сказанное(5); сказал(4); сказанные(4); сказано(4)
SArdUla	3	Tops|animal|plant	4	48	13	2.739	тигр(21); тигра(8); тигров(5); тигром(3); лев(2)
SaSANka	2	object|substance	3	48	19	3.496	луна(15); месяц(7); Луна(4); Шашанка(4); Месяца(2)
aSoka	2	Tops|person	3	48	16	3.212	ашока(13); Ашока(9); ашоки(9); ашоковое дерево(3); ашоками(2)
arcis	4	process|attribute|phenomenon|event	2	48	16	3.174	пламенем(13); пламя(13); языки пламени(4); лучами(3); свет(3)
ekAnta	3	state|location|act	4	48	35	4.937	в уединении(5); крайность(3); наедине(3); амбивалентно(2); в стороне(2)
maNgala	3	communication|state|object	4	48	40	5.220	благоприятные обряды(3); благословениями(3); обряд(2); обряды(2); приносящую счастье(2)
nAqI	5	body|artifact|plant|act|phenomenon	4	48	17	3.341	нади(14); артерия(9); артерии(5); артерий(3); вены(3)
naga	5	object|plant|animal|person|quantity	5	48	20	4.049	горы(6); Гора(5); деревья(5); горе(4); гор(3)
sita	3	substance|food|object	9	48	25	4.267	белые(7); белых(5); белый(4); белым(4); белыми(4)
yUTa	2	group|quantity	2	48	15	3.235	стада(14); стадо(10); стад(4); в стаде(3); стаде(3)
jawA	3	body|plant|Tops	2	47	22	3.997	косицу(10); волосы(5); косицей(5); косы(3); заплетенные волосы(2)
mahAvrata	2	attribute|cognition	3	47	37	4.996	великий обет(6); великий в обетах(3); великие обеты(2); соблюдающая великий обет(2); соблюдающий великий обет(2)
mlecCa	2	substance|person	3	47	10	2.542	млеччхи(15); Млеччхи(12); млеччхов(10); млеччхами(3); млеччха(2)
mohana	3	act|cognition|person	4	47	32	4.714	вводит в заблуждение(6); Мохана(4); ослепляет(4); вводящая в заблуждение(2); заблуждение(2)
nirGoza	3	event|attribute|cognition	2	47	28	4.507	грохот(5); звон(5); звук(4); звуки(4); звона(2)
patti	2	person|group	3	47	18	3.566	пехотинцев(9); пеших воинов(9); пехотинцы(7); пешие воины(4); патти(3)
spfhA	3	feeling|attribute|cognition	2	47	30	4.671	желания(4); стремление(4); стремления(4); вожделение(3); желание(3)
viroDa	2	communication|state	3	47	29	4.397	противоречие(8); противоречия(7); раздора(3); вражда(2); вражды(2)
AvaraRa	2	artifact|Tops	4	46	23	3.801	препятствия(10); препятствие(9); препятствий(6); сокрытием(2); Аварана(1)
SuSrUzA	2	act|cognition	2	46	33	4.611	послушание(10); послушанием(3); желание слушать(2); услужение(2); Почтения(1)
ambuda	2	object|time	2	46	15	3.169	облака(12); облако(11); туча(5); тучи(5); облаков(2)
fRa	2	state|Tops	3	46	13	2.775	долг(20); долги(7); долга(5); долгом(3); виноватый(2)
fkza	4	animal|object|location|plant	5	46	22	3.904	медведи(10); медведей(7); медведь(5); Рикша(2); Рикши(2)
jaWara	5	body|state|animal|location|substance	4	46	20	3.988	живот(8); в живот(5); в утробу(4); в животе(3); животе(3)
kaSmala	2	attribute|state	3	46	26	4.483	уныние(5); слабость(4); отчаяние(3); смятение(3); упадок духа(3)
kowi	2	quantity|location	3	46	24	3.965	коти(13); миллионов(5); Коти(2); крор(2); мириадам(2)
piRqa	9	group|Tops|shape|substance|act|object|person|state|communication	8	46	29	4.599	пинда(6); кусок(3); пинд(3); пинду(3); пинды(3)
preman	2	feeling|Tops	2	46	16	3.217	любви(11); любовь(11); с любовью(8); ласково(2); любовно(2)
vAjasAti	2	event|act	2	46	24	4.150	для захвата награды(8); для захвата добычи(7); к захвату добычи(3); при захвате награды(3); для завоевания награды(2)
vraja	4	artifact|quantity|group|Tops	5	46	12	2.541	загон(23); загона(7); в загоне(3); загоны(3); загону(2)
BAvanA	4	process|substance|attribute|act	3	45	30	4.594	погрузилась мыслями(7); осознания(4); созерцания(3); [мистическому] предвосхищению(2); медитации(2)
camasa	2	artifact|food	3	45	15	3.285	кубок(14); кубка(7); чаша(5); Чаша(3); Кубок(2)
gAnDAra	2	person|location	4	45	19	3.722	гандхары(10); сын Гандхари(7); Гандхара(4); гандхаров(4); гандхарцы(3)
kfzi	2	act|plant	2	45	23	3.990	земледелие(11); Земледелие(6); Пахота(2); земледелием(2); земледелии(2)
kumArI	3	Tops|person|plant	6	45	30	4.625	дева(6); девушки(4); девушка(3); девушками(3); Тиртхи дев(2)
maKa	2	act|time	4	45	24	4.144	жертвоприношение(7); жертвоприношения(6); щедрый(6); даритель(2); дружеского расположения(2)
mandara	2	person|artifact	3	45	12	2.682	Мандара(20); Мандару(7); Мандаре(5); Мандары(3); Мандарой(2)
sAhasa	2	act|possession	4	45	29	4.462	опрометчиво(8); насилие(5); поспешности(3); дерзости(2); опрометчивость(2)
sAra	6	substance|plant|cognition|Tops|attribute|possession	8	45	34	4.862	сущность(5); суть(4); силу(3); высшую(2); подальше(2)
setu	2	artifact|communication	6	45	24	4.044	мост(11); плотину(5); мосту(3); насыпь(3); моста(2)
sevA	3	act|feeling|process	3	45	28	4.481	служением(8); служение(3); услужение(3); почитанием(2); практики(2)
ekatva	2	Tops|attribute	2	44	26	4.306	единство(8); в единстве(4); как Единого(4); как единого(3); единстве(2)
gopati	2	person|animal	4	44	29	4.635	господин коров(4); повелитель коров(4); Владыка лучей(3); Гопати(3); хозяин(3)
gotra	3	group|communication|object	7	44	18	3.474	род(11); загон с коровами(7); загоны для коров(7); стада(4); загоном для коров(2)
kukzi	3	body|animal|shape	4	44	22	4.141	живот(7); чреве(5); стороны живота(4); утробе(3); Кукши(2)
poza	3	state|Tops|attribute	2	44	12	2.609	процветание(21); процветанием(7); Процветание(3); процветания(3); для процветания(2)
saMnikarza	2	attribute|location	2	44	19	3.011	контакт(21); контакта(6); Близится(1); Только близость(1); близко(1)
ulkA	3	object|artifact|substance	3	44	18	3.522	метеоры(13); метеор(7); метеору(3); факелами(3); Метеоры(2)
vinatA	2	cognition|person	4	44	8	1.880	Вината(27); Винаты(6); Винату(5); Винате(2); Винатой(1)
amoGa	2	body|person	2	43	38	5.176	Амогха(3); бьющую без промаха(2); не должна пропасть(2); неотвратимый(2); В метании стрел не знающий промаха(1)
avi	3	animal|object|person	5	43	23	4.190	овца(7); овцу(6); Ави(2); Овца(2); на птицах(2)
cezwA	2	act|Tops	2	43	28	4.508	поведение(5); усилия(5); движения(3); действия(3); побуждения(3)
deya	2	act|possession	3	43	38	5.176	должны быть даны(3); должна быть дана(2); должна даваться(2); должно давать(2); Ману(1)
dina	2	time|quantity	2	43	14	2.823	день(19); дней(5); дни(5); дня(4); Дней(1)
heman	3	substance|attribute|plant	3	43	19	3.618	золотом(12); золото(5); золотыми(5); золотой(3); золотые(3)
kAnta	2	substance|person	5	43	33	4.897	любимый(4); возлюбленный(3); возлюбленному(2); любви(2); милый(2)
niyut	2	group|possession	2	43	11	2.636	упряжки(19); упряжками(7); упряжек(5); дары(2); дары-упряжки(2)
oGa	6	attribute|act|group|Tops|object|quantity	3	43	29	4.562	поток(7); множество(3); потоком(3); волнами(2); полчища(2)
smara	3	person|feeling|act	4	43	15	3.434	Смара(9); любовь(8); память(5); вспомни(4); Смары(3)
tvarA	2	attribute|state	2	43	26	4.423	поспешно(7); быстро(3); спешно(3); поспешил(2); поспешность(2)
udyAna	2	location|artifact	3	43	21	3.815	сады(12); сад(4); парк(3); парку(3); садами(3)
yavana	3	communication|person|plant	4	43	8	2.272	яваны(16); яванов(13); Яваны(6); яванами(4); греками (явана)(1)
Akfti	3	attribute|cognition|Tops	2	42	23	4.085	форма(9); вид(5); образ(3); Форма(2); вида(2)
Bakzya	2	Tops|food	3	42	26	4.443	яства(5); пища(4); едой(3); пищей(3); яствами(3)
DAraRa	4	Tops|act|artifact|attribute	4	42	26	4.434	удержание(6); поддержание(4); опора(3); Дхарана(2); дхаране(2)
anDas	2	person|food	3	42	18	3.672	соком(10); соку(6); сок(4); напитком(3); сока(3)
drapsa	2	quantity|artifact	3	42	11	2.845	капля(15); каплю(8); капли(5); Драпса(3); Капля(2)
jalada	5	object|animal|plant|quantity|substance	2	42	20	3.763	облака(7); тучи(7); туча(6); облако(5); облаков(2)
kUrma	5	animal|person|body|artifact|communication	3	42	11	2.451	черепаха(23); черепахи(3); черепаху(3); Курма(2); Черепаха(2)
kakza	5	body|plant|artifact|location|group	8	42	25	4.368	сухую траву(6); лес(4); сухая трава(3); сухостой(3); кустарник(2)
kandarpa	2	person|attribute	2	42	17	3.051	Кандарпа(19); бог любви(5); Бог Любви(2); Камы(2); кандарпа(2)
mayUra	4	animal|plant|substance|act	4	42	9	2.617	павлинов(13); павлин(9); павлина(7); павлины(6); павлинами(3)
miSra	2	Tops|substance	3	42	25	4.105	смешанный(11); смешанные(4); Мишракеши(2); смешана(2); смешанным(2)
nizka	4	quantity|substance|possession|artifact	4	42	24	4.280	Нишка(5); ожерелье(5); золотое украшение(4); золотое ожерелье(3); нишка(3)
pATas	2	location|substance	3	42	23	4.386	охраняете(4); защищенное место(3); область(3); путь(3); владенье(2)
pAtaka	2	attribute|act	2	42	21	4.023	преступления(8); грех(4); греха(4); преступление(3); преступном(3)
rASi	4	group|attribute|location|object	5	42	25	4.317	груды(7); куча(4); груда(3); науку чисел(3); количество(2)
saptarzi	2	person|object	2	42	24	4.348	Семь мудрецов(5); Семерым Риши(4); Семь святых мудрецов(3); семи святых мудрецов(3); семь мудрецов(3)
satkAra	2	act|state	2	42	33	4.898	почести(4); уважения(3); гостеприимно(2); гостеприимство(2); прием(2)
vAditra	2	cognition|artifact	3	42	18	3.668	музыкальные инструменты(9); музыкальных инструментов(6); музыки(5); музыка(4); музыкой(3)
vivAda	2	communication|act	4	42	22	3.693	спор(15); споры(3); не перечит(2); расхождение(2); споре(2)
aNganA	2	person|animal	3	41	20	3.943	женщина(7); женщины(5); девы(4); жена(4); женщин(3)
kravyAda	3	animal|artifact|person	4	41	25	4.269	хищники(6); пожирающего мясо(5); Пожирающего мясо(4); плотоядных(3); пожирающий мясо(3)
nalinI	2	object|plant	4	41	25	4.434	Налини(5); лотосовое поле(3); озеро(3); пруд(3); груди(2)
nizkfti	2	act|possession	3	41	21	3.824	искупление(10); искупления(7); Нишкрити(2); излечения(2); искуплении(2)
nyAsa	2	act|communication	2	41	31	4.803	отказ(4); отрешенность(3); залог(2); на хранение(2); оставленіе(2)
tAla	7	substance|plant|artifact|Tops|animal|person|communication	8	41	22	3.871	тала(9); пальмы(7); Тала(4); пальма(3); Пальмира(1)
udAna	2	body|feeling	3	41	8	2.140	удана(18); дыхание, идущее вверх(13); уданы(3); дыханию, идущему вверх(2); уданой(2)
utsava	3	time|act|cognition	4	41	20	3.848	праздник(8); празднество(6); праздники(5); празднества(3); на празднике(2)
vAmana	4	person|animal|communication|substance	7	41	10	2.781	Вамана(15); карлика(6); карлики(6); Ваманы(4); Карлика(2)
veza	2	artifact|attribute	3	41	27	4.485	одежды(6); наряд(3); облик(3); одежде(3); вид(2)
viraha	2	state|event	3	41	12	2.967	разлука(13); разлукой(7); разлуки(6); в разлуке(4); разлуке(3)
AyoDana	2	location|act	2	40	23	3.878	поле битвы(12); на поле брани(4); поле брани(3); поле боя(2); битве(1)
alaMkAra	2	artifact|communication	2	40	15	2.628	украшения(21); украшение(6); Алактака(1); аланкара(1); нарядна(1)
caru	2	act|artifact	3	40	19	3.754	пища(10); горшок(4); котел(4); котелок(3); чару(3)
hima	7	substance|time|possession|attribute|object|process|state	8	40	19	3.810	зим(7); снег(5); снега(5); холод(5); от снега(2)
kAka	2	animal|person	2	40	8	2.345	ворона(18); вороны(7); ворон(5); ворону(4); вороне(3)
kAzWA	4	time|relation|artifact|location	5	40	27	4.603	барьер(4); Каштха(3); барьеры(2); беговая дорожка(2); границы(2)
kakzyA	2	artifact|object	3	40	30	4.713	подпруга(5); внутренний дворик(3); дворика(2); дворике(2); дворики(2)
lakzya	3	artifact|cognition|quantity	3	40	19	3.316	цель(17); мишень(3); мишенью(2); цели(2); целью(2)
lomaSa	2	animal|substance	3	40	7	1.720	Ломаша(25); Ломаши(8); Ломашей(2); богатую шерстью(2); Ломаше(1)
rukma	3	substance|artifact|food	2	40	16	3.731	золотое украшение(7); золота(4); золотая пластинка(4); золото(4); золотыми пластинками(4)
udBava	4	event|location|act|process	5	40	28	4.634	возникновение(4); происходит(3); происхождение(3); возникла(2); востаніе(2)
uddeSa	4	location|communication|Tops|act	4	40	30	4.772	места(4); вкратце(2); для примѣра(2); месте(2); место(2)
varUTa	2	act|artifact	2	40	22	3.922	защита(8); защиту(8); защите(2); защитное ограждение(2); укрытие(2)
varaRa	2	communication|artifact	0	40	12	2.201	варана(25); Варана(3); варан(2); при сватовстве(2); амулет варана(1)
viyoga	2	event|act	2	40	31	4.815	отверженное(3); разлука(3); разлуки(3); разлуке(2); разлуку(2)
yantra	2	artifact|act	5	40	33	4.934	механизм(3); член(3); приспособлением(2); приспособлениями(2); сооружение(2)
apavarga	2	act|possession	3	39	15	3.121	освобождение(14); освобождения(6); Освобождение(5); избавление(2); освобождении(2)
arbuda	5	state|quantity|animal|object|person	3	39	18	3.904	сотни миллионов(5); Арбуда(4); Арбуди(4); Арбуду(4); Арбуды(3)
jIvana	5	phenomenon|possession|state|animal|person	4	39	13	2.259	жизнь(24); для жизни(4); 24a-c. = РВ X, 18, 6a-c (с вариантами).(1); Доставь(1); Жизнью(1)
nfmRa	2	state|act	2	39	16	3.219	мужество(15); мужества(4); силы мужества(4); мужеством(2); мужскую силу(2)
padminI	4	object|plant|animal|person	5	39	27	4.343	лотосовый пруд(8); Падмини(4); лотосовые озера(3); Лотосовые пруды(1); Озера(1)
pattrin	2	artifact|animal	4	39	18	3.672	стрелами(9); стрелою(7); стрелой(3); пернатой стрелою(2); пернатыми стрелами(2)
pratyanIka	3	attribute|act|relation	2	39	31	4.824	во враждебных ратях(4); альтернативный(2); друг против друга(2); на противоположных сторонах(2); против(2)
puzwi	5	state|process|act|Tops|attribute	3	39	20	3.592	процветание(14); процветанию(3); Пушти(2); богатства(2); процветанием(2)
puzya	2	location|time	3	39	12	2.321	Пушья(22); Пушьи(6); с созвездием Пушья(2); в Пушье(1); в день Пушьи(1)
vyuzwi	3	time|Tops|state	3	39	23	4.387	вспышках(3); на рассвете(3); при вспышках(3); рассвете(3); зажигается(2)
Alaya	2	artifact|Tops	3	38	24	4.237	обитель(7); обиталище(4); жилище(3); доме(2); обители(2)
Bujaga	3	animal|substance|person	3	38	8	2.325	змеи(14); змей(12); змея(4); змею(3); змеями(2)
IkzaRa	2	body|act	3	38	15	3.193	глазами(11); глаза(9); взгляд(3); с глазами(3); глаз(2)
Kaga	5	animal|substance|object|artifact|person	4	38	23	4.014	птицы(9); птица(5); странник небес(3); пернатый(2); Кхага(1)
SamI	3	plant|Tops|act	3	38	14	3.434	Шами(7); шами(7); трудами(5); дерево шами(4); Трудами(2)
brAhmI	5	Tops|person|plant|cognition|communication	3	38	22	4.090	брахмическое(7); Брахмы(5); Брахмана(3); Брахми(2); Брахмо(2)
ganDamAdana	2	substance|artifact	3	38	7	2.191	Гандхамадана(16); Гандхамадану(9); Гандхамадане(7); Гандхамаданы(2); на Гандхамадане(2)
juhU	3	body|artifact|process	3	38	18	3.648	языком(11); Джуху(4); жертвенные ложки(3); Ложка для масла(2); жертвенными ложками(2)
kirAta	2	person|plant	2	38	15	3.323	кираты(9); Кирата(6); киратов(6); Кираты(5); киратами(2)
ozWa	3	body|cognition|shape	2	38	10	2.440	губы(18); губами(7); губа(4); губ(2); устами(2)
prARin	2	person|Tops	3	38	21	3.964	живых существ(9); живые существа(3); живым существам(3); существа(3); дышит(2)
puRqarIka	4	plant|state|animal|act	6	38	14	3.049	Пундарика(14); лотос(6); пундарика(4); цветок лотоса(3); лотосов(2)
saMcaya	6	attribute|process|group|Tops|act|possession	2	38	31	4.807	груды(4); множество(3); накопить(2); накопление(2); Усыпанной(1)
stamBa	5	state|process|Tops|attribute|artifact	5	38	29	4.649	высокомерие(4); колоннами(4); колонну(3); столбы(2); безразличие(1)
BikzA	3	act|communication|Tops	2	37	14	3.174	милостыню(11); милостыня(7); подаяние(5); милость(2); пищи(2)
Danu	2	artifact|Tops	2	37	10	1.910	лук(25); возвышенность(2); луки(2); укрытия(2); берега(1)
Saka	2	person|substance	2	37	5	2.075	шаки(16); шаков(8); Шаки(5); шаками(5); шака(3)
aBizwi	2	Tops|attribute	3	37	28	4.662	в поддержку(3); для поддержки(3); поддержки(3); поддержали(2); поддержками(2)
avamAna	2	communication|state	3	37	27	4.628	бесчестию(3); пренебрежения(3); бесчестие(2); бесчестье(2); бесчестью(2)
avasTAna	2	Tops|act	3	37	30	4.713	пребывает(5); пребывание(3); сохраняется(2); авастхана(1); вступал в схватку(1)
bila	2	object|location	3	37	18	3.676	отверстие(10); нора(4); нору(3); норы(3); из норы(2)
cAra	2	person|act	3	37	20	3.932	шпионов(7); лазутчиков(5); соглядатаев(4); лазутчиками(2); соглядатаи(2)
cyavana	2	act|event	2	37	11	2.736	Чьявана(16); Чьяваны(4); сотрясатель(4); Чьяваной(3); Чьявану(3)
gulma	3	state|group|plant	4	37	26	4.533	гульма(3); кустарниками(3); кусты(3); отряды(3); куст(2)
maGa	2	possession|event	2	37	19	3.878	щедрые дары(7); дары(5); дарами(4); Магха(2); богатства(2)
suDA	3	food|substance|Tops	4	37	14	3.119	благополучие(10); нектар(9); в благополучие(5); известью(2); нектару(2)
upacAra	4	communication|Tops|act|attribute	4	37	32	4.939	знак внимания(2); об угождении(2); обслуживание(2); осуществляется(2); поведение(2)
usrA	2	animal|time	3	37	21	4.043	коров(7); зори(4); утренние зори(3); утренних зорь(3); Коров утренней зари(2)
vihAra	4	Tops|feeling|act|location	3	37	29	4.703	отдых(4); развлечения(3); жилище(2); прогулке(2); развлекаясь(2)
aBizecana	2	event|act	2	36	17	3.494	помазание(11); помазанию(4); омовение(3); помазании(3); помазания(3)
daSana	2	body|act	3	36	13	3.163	зубов(8); зубы(8); зубами(6); зуб(3); укусов(2)
kzA	2	location|object	2	36	15	3.168	землю(14); земля(4); Земля(3); земле(2); земли(2)
lavaRa	5	food|artifact|state|animal|cognition	6	36	20	3.975	соль(6); соленая(4); соли(4); соленые(3); солью(3)
pIqA	3	cognition|event|feeling	3	36	29	4.725	самоистязанием(4); беда(2); боль(2); с мучением(2); ущерб(2)
parABava	2	event|state	3	36	19	3.647	поражение(11); поражения(4); к гибели(3); бессилие(2); поражении(2)
plava	2	artifact|animal	4	36	26	4.385	плот(6); лодкой(4); лодка(3); Ладьи(1); будь(1)
prADAnya	2	attribute|state	0	36	33	4.982	главное(3); приоритетность(2); Преимущественно(1); в главных чертах(1); важнейшее(1)
tryambaka	2	person|substance	2	36	18	3.864	Треокий(6); Трехглазый(4); Трьямбака(4); Треокого(3); Треокому(3)
Bogin	3	animal|person|substance	2	35	11	3.164	наслаждающийся(9); змеи(4); змея(4); наслаждаюсь(4); змеев(3)
SapaTa	2	communication|event	4	35	17	3.628	проклятие(9); клятва(4); клятву(4); клятвами(2); клятве(2)
annAdya	2	Tops|food	2	35	15	3.209	пища(10); поедание пищи(8); пищу(4); вкушение еды(2); Основная пища(1)
carAcara	3	object|animal|Tops	2	35	26	4.572	движущееся и неподвижное(3); подвижного и неподвижного(3); движущегося и неподвижного(2); движущегося или недвижного(2); движущееся и недвижущееся(2)
dantin	2	animal|object	3	35	10	2.763	слонов(13); слона(5); слоны(5); слон(3); слоном(3)
gAyatra	2	communication|person	2	35	14	2.976	гаятри(15); гаятра(4); песню(3); напев(2); песней гаятри(2)
lIlA	4	attribute|feeling|artifact|Tops	3	35	25	4.458	игра(4); в шутку(3); играючи(3); игриво(2); игры(2)
maDyaMdina	2	time|Tops	2	35	11	2.704	в полдень(11); полдень(10); полудня(5); в середине дня(2); Полдень(1)
mahAnAda	2	animal|person	3	35	22	4.265	громкий клич(4); громкие клики(3); громкие крики(3); громкий крик(3); громко(2)
pAli	3	body|artifact|location	3	35	27	4.493	охраняемый(6); охраняемое(3); будет хранить(2); береги(1); владыка(1)
paryanta	4	time|cognition|location|artifact	4	35	24	4.265	до(6); кончая(4); завершая(3); ободом(2); [сохраняются](1)
prakAra	3	cognition|attribute|group	3	35	24	4.400	способом(4); вид(3); модификации(3); модус(2); способ(2)
pratigraha	2	possession|act	3	35	29	4.786	дарам(2); дары(2); получения милостыни(2); принимая(2); принятие [даров](2)
puraHsara	2	relation|person	3	35	31	4.901	предводитель(2); предводительствуемые(2); предшествуемая(2); спереди(2); возвращавшимися(1)
rakzA	4	Tops|artifact|act|substance	4	35	21	4.104	защиты(5); охрану(4); защита(3); защиту(3); охрана(3)
sfzwi	2	act|Tops	3	35	20	3.794	творение(10); творением(3); творения(3); создания(2); столкновения(2)
svarAj	2	phenomenon|person	2	35	18	3.840	самодержца(6); самодержцы(5); самодержец(4); владыка(2); владыкой(2)
tApa	6	state|phenomenon|process|feeling|attribute|cognition	6	35	30	4.822	страдание(3); печаль(2); подвижничеству(2); страдания(2); беспокойства(1)
trARa	2	act|artifact	3	35	23	4.286	защита(6); защитой(2); защиту(2); на защиту(2); покровительства(2)
vihAyas	2	location|animal	4	35	20	4.147	по воздуху(5); небо(3); в воздух(2); в небо(2); крепчающий(2)
vyAla	2	animal|plant	3	35	27	4.607	змеи(3); змеями(3); хищные звери(3); змей(2); змея(2)
vyaya	2	possession|Tops	4	35	22	4.089	расходы(7); расход(4); расходов(3); смерти(2); траты(2)
AdeSa	2	cognition|communication	4	34	18	3.815	наставление(7); наставления(5); Наставление(2); наставлении(2); приказ(2)
Bojya	2	Tops|food	2	34	29	4.793	изворотливости(2); пищу(2); услады(2); яства(2); яствами(2)
Cidra	6	object|attribute|body|event|shape|state	5	34	29	4.771	дыра(3); отверстие(2); промежутках(2); слабую сторону(2); в выбоину(1)
Kecara	4	substance|animal|cognition|person	5	34	23	4.072	птица(9); Гаруда(2); небесный странник(2); небожитель(2); в воздухе(1)
ambu	6	substance|food|Tops|body|act|event	2	34	20	4.055	вода(5); воде(4); водой(3); воды(3); влагой(2)
araRi	2	artifact|Tops	4	34	20	3.873	арани(9); кусках дерева(3); деревянные дощечки(2); дощечек(2); неприятность(2)
jImUta	2	object|person	6	34	15	3.392	облако(8); тучи(7); облака(4); облакам(2); облаку(2)
kftAnta	2	person|event	3	34	31	4.911	конец(2); смертью(2); судьба(2); Ведант-Састрахъ(1); Всеразрушитель(1)
maha	2	event|time	4	34	23	4.220	великих(6); великие(4); Великие(2); большими стрелами(2); великое(2)
meza	2	animal|person	3	34	11	2.805	барана(13); баранов(6); баран(4); Барана(2); овец(2)
mudrA	3	act|artifact|cognition	3	34	15	3.474	мудра(7); Мудры(5); мудры(5); Мудра(4); мудру(2)
praharza	2	feeling|state	3	34	17	3.631	радость(8); восторг(4); радости(4); ликование(3); радостью(3)
rapas	2	state|event	2	34	10	2.529	повреждение(17); вредящий(3); повреждения(3); Повреждение(2); за дела(2)
roman	2	body|animal	2	34	13	3.430	волос(5); волоски(5); волосы(5); волосами(4); Волоски(3)
saMramBa	3	state|cognition|feeling	3	34	18	3.818	гнев(7); в гневе(4); гнева(3); ярость(3); в ярости(2)
valkala	2	plant|artifact	3	34	21	4.057	платье из лыка(6); лыка(4); мочало(3); платье(3); из лыка(2)
aNguli	3	body|quantity|Tops	2	33	8	2.708	пальцы(10); пальца(6); пальцами(5); пальцев(4); палец(3)
anulepana	2	artifact|act	2	33	16	3.541	притирания(8); притирание(5); умащенный(4); Натирание(2); мазью(2)
brAhmaRI	4	person|plant|substance|Tops	3	33	12	2.907	брахманка(12); брахманки(6); брахманкой(4); брахманку(2); ящерица(2)
buDna	2	location|artifact	3	33	15	3.556	дно(6); дне(5); на дне(4); основание(4); Основа(2)
dvApara	3	time|attribute|quantity	3	33	12	2.613	Двапара(17); Двапараюги(3); Двапару(2); Двапары(2); в Двапара(2)
kASi	3	quantity|body|person	4	33	10	2.656	Каши(14); каши(6); Кашийцы(2); взирать(2); кашийцами(2)
krIqA	3	act|Tops|feeling	2	33	19	4.003	игры(5); игра(4); развлечение(3); забавы(2); играет(2)
pariDi	4	Tops|attribute|artifact|phenomenon	5	33	20	4.044	ограда(6); преграду(3); преграды(3); Оградой(2); плотину(2)
paryAya	5	communication|act|Tops|attribute|event	4	33	23	4.393	последовательно(3); синонимы(3); оснований(2); по очереди(2); попеременно(2)
payoDara	3	body|object|substance	3	33	14	3.052	грудь(10); груди(9); грудей(2); грудью(2); Грудь(1)
praSasti	2	communication|cognition	2	33	18	3.835	прославления(7); прославлениями(3); славу(3); хвалу(3); восхвалениями(2)
prayARa	2	act|event	2	33	24	4.453	в пути(3); ухода(3); выезд(2); начало пути(2); при подъеме вверх(2)
saMtati	3	person|group|state	3	33	16	3.589	потомство(7); непрерывность(5); продолжение рода(4); потомства(3); продолжения(2)
samatA	2	state|attribute	2	33	24	4.407	беспристрастие(3); беспристрастность(3); равенство(3); уравновешенность(3); ровность(2)
tAmra	2	substance|artifact	4	33	24	4.415	меди(4); красными(3); медно-красный(2); медными(2); потемневшими(2)
varivas	2	attribute|act	2	33	8	2.695	широкий простор(8); широкое пространство(7); простор(6); широкий путь(5); широкий выход(3)
viBrama	3	state|cognition|event	3	33	30	4.863	помрачение(2); потеря(2); расстройство(2); Жестокость(1); Игривость(1)
Ama	2	state|body	6	32	14	3.511	сырой(7); в сырых(4); сыром(4); Сырая(2); необожженный(2)
adarSana	2	act|attribute	2	32	28	4.750	не видно(2); невидение(2); невидим(2); разлуки(2); Из незримого(1)
astf	2	person|Tops	2	32	16	3.350	стрелок(11); стрелком(4); Стрелок(3); стрелков(2); божественные(1)
glAni	2	state|feeling	2	32	17	3.382	упадок(12); ослабление(3); слабость(2); усталость(2); изнеможении(1)
gocara	3	location|relation|person	3	32	30	4.875	пределах досягаемости(2); сфер(2); Вождь(1); Житель(1); Птицы(1)
hAra	2	artifact|act	5	32	14	3.464	ожерелье(7); гирлянда(4); ожерелий(4); жемчуг(3); ожерелья(3)
indrARI	2	person|Tops	3	32	7	1.838	Индрани(20); супруга Индры(4); супруге Индры(3); супругу Индры(2); индрани(1)
jagatI	4	communication|location|object|animal	7	32	14	3.240	джагати(11); джагат(3); земли(3); землю(3); в мире(2)
kAminI	4	person|Tops|act|food	4	32	24	4.438	любящей(4); влюбленная(2); возлюбленная(2); желает(2); жена(2)
laya	3	event|process|time	5	32	17	3.790	лайи(5); лайя(5); Лайя(3); растворение(3); растворяется(2)
pArzRi	2	body|group	3	32	21	4.218	место в тылу(3); пятками(3); пятки(3); пятку(3); место рядом(2)
pAyasa	2	food|substance	3	32	20	4.054	рис(6); паясы(3); молока(2); молочные(2); молочным рисом(2)
triDAtu	2	body|person	0	32	18	4.054	Трехчастная(3); Тройную(3); трояко(3); Трехчастную(2); Трехчастный(2)
umA	2	person|plant	3	32	9	2.274	Ума(16); Уму(5); Умы(5); Уме(1); Умой(1)
yAtrA	3	act|process|state	3	32	25	4.476	процессии(4); поход(3); поддержание(2); похода(2); богомолье(1)
Alasya	3	state|attribute|act	2	31	14	3.365	лень(7); лени(5); леность(4); ленью(4); Лень(2)
Arti	3	state|cognition|feeling	2	31	23	4.389	боль(3); отчаяние(3); Несчастье(2); горькая мука(2); несчастье(2)
DUmaketu	2	process|person	3	31	19	4.027	Дхумакету(4); Дымознаменный(4); комета(3); знамя дыма(2); огонь(2)
KecarI	5	cognition|process|artifact|Tops|person	2	31	9	1.598	Кхечари(23); Небесная странница(1); Небесной странницы(1); безопорном состоянии(1); безопорность(1)
SudDi	3	act|process|Tops	4	31	16	3.469	очищение(9); чистота(4); очищения(3); чистоты(3); Очищение(1)
Suna	2	animal|state	3	31	10	2.037	на счастье(20); На счастье(2); Счастье(2); На благо(1); Счастливо(1)
aDikAra	3	communication|cognition|state	4	31	23	4.191	право(7); позаботиться(2); устремлённость(2); Побудительныя причины(1); Святой(1)
aYjana	4	substance|artifact|animal|act	4	31	21	4.196	Анджана(4); глазную мазь(3); проявление(3); Анджаны(2); мазь(2)
arDacandra	3	artifact|shape|body	3	31	14	3.308	полумесяцем(8); полумесяца(6); полумесяц(3); стрелою с наконечником в виде полумесяца(3); с наконечником в форме полумесяца(2)
brahmavarcasa	2	attribute|person	0	31	6	1.478	свет божественного знания(21); светом божественного знания(6); брахманического сияния(1); свет божественного здания(1); свет священного знания(1)
kamala	2	plant|substance	5	31	19	3.860	лотоса(7); лотос(3); лотосов(3); лотосы(3); Домогающегося(1)
nidarSana	3	communication|attribute|cognition	4	31	21	3.962	пример(8); свидетельством(3); Пример(2); Например(1); в пример(1)
paNka	4	substance|artifact|object|attribute	4	31	24	4.386	грязь(5); в тину(2); грязью(2); трясина(2); Грязь(1)
pradAna	2	act|Tops	3	31	27	4.672	отдать(3); дар(2); даяние(2); в твоем выданье(1); ведения(1)
prasravaRa	3	object|location|act	4	31	22	4.349	потоками(3); Прасравана(2); в потоке(2); водопадами(2); выливающегося(2)
raTaMtara	3	time|communication|person	3	31	4	0.991	ратхантара(25); Ратхантара(3); Ратхантары(2); ратхантары(1)
saMvarta	5	object|artifact|event|food|plant	5	31	9	2.186	Самварта(18); Самварте(3); Самвартой(2); Самварту(2); Самварты(2)
sava	2	act|communication	4	31	15	3.676	возбуждение(5); побуждением(4); побуждению(4); выжиманий(2); мановению(2)
upadeSa	2	cognition|communication	3	31	21	3.905	наставление(9); наставлениям(2); обучая(2); Наставление(1); Обучение(1)
valmIka	2	object|state	3	31	11	2.857	муравейник(12); из муравейника(4); муравейника(4); муравейнике(2); муравейники(2)
vfzaRa	2	body|plant	2	31	15	3.445	быка(9); быки(3); два быка(3); яйца(3); мужественные(2)
vivara	3	body|object|attribute	3	31	23	4.414	полость(3); дыру(2); между(2); отверстие(2); пещеру(2)
yavasa	2	food|location	3	31	14	3.445	пастбище(7); на пастбище(5); на лугу(3); пастбищем(3); в пастбище(2)
Danvin	2	person|plant	3	30	17	3.873	лучником(4); вооруженным луком(3); лучника(3); с луком(3); стрелок из лука(3)
aBva	2	attribute|event	2	30	14	3.465	чудовище(7); от ужаса(5); бесформенность(2); нежить(2); ужас(2)
amati	2	state|cognition	3	30	19	3.961	образ(5); безмыслие(4); отсутствие мыслей(3); облик(2); по образу(2)
bahutva	3	attribute|communication|quantity	3	30	14	3.479	многочисленности(5); множественность(5); множество(5); из-за множества(2); много(2)
daMzwra	3	animal|body|state	2	30	16	3.631	клыками(6); зубами(4); клыка(4); зубы(3); клыков(2)
daSA	3	Tops|location|state	3	30	22	4.323	положение(3); состояние(3); положении(2); положения(2); старостью(2)
gada	2	state|plant	3	30	14	3.012	Гада(13); палицы(3); булавы(2); отзовись(2); Гаде(1)
guhyaka	2	person|body	3	30	10	2.801	гухьяки(11); гухьяков(5); гухьяка(3); гухьяками(3); Гухьяка(2)
kapota	3	animal|artifact|substance	2	30	5	1.495	голубь(19); голубя(7); голубей(2); Капота(1); голубю(1)
oka	2	location|artifact	2	30	22	4.348	дом(3); в доме(2); места для жилья(2); привычное место(2); родины(2)
samAsa	2	communication|act	4	30	23	4.348	вкратце(4); сложное слово(3); кратко(2); сгребет(2); агрегатность(1)
samiti	2	act|group	3	30	13	2.863	собрание(14); места встреч(2); место встреч(2); собрании(2); сходка(2)
sparSana	3	act|cognition|process	3	30	18	3.760	осязание(7); осязанием(4); осязаньем(3); касается(2); в орган осязания(1)
sveda	4	process|body|act|artifact	3	30	9	2.423	пот(13); пота(7); испарина(3); потом(2); Пот(1)
tAraka	3	object|person|substance	3	30	20	3.840	Тарака(8); звезды(4); Звезды(1); Тараки(1); Таракой(1)
vepaTu	2	act|state	2	30	12	2.837	дрожь(13); трепет(4); дрожал(2); дрожит(2); содрогнулись(2)
Amiza	3	food|body|possession	3	29	12	3.125	мяса(8); мясо(6); кусок мяса(3); добыча(2); добычи(2)
BAgaDeya	3	act|event|person	3	29	13	3.316	судьбы(6); долю(5); доля(5); доли(2); наделение долей(2)
fdDi	4	state|Tops|cognition|person	4	29	18	3.809	богатство(7); богатства(3); Риддхи(2); великолепием(2); роскошь(2)
jamBa	2	plant|body	2	29	10	2.807	Джамбха(10); на зуб(6); Джамбху(3); дробитель(2); зубами(2)
kanaka	4	substance|plant|Tops|person	5	29	9	2.801	золото(9); золота(5); золотом(4); золотой(3); золотыми(3)
kuzWa	3	state|plant|substance	3	29	11	2.818	куштха(11); куштху(5); коста(3); куштхи(3); Куштха(1)
mAyAvin	2	animal|person	4	29	23	4.375	обладатели колдовской силы(4); колдун(2); прибегнув к магии(2); чародей(2); Владеющий силой иллюзии(1)
mahAyajYa	2	act|person	2	29	16	3.492	великое жертвоприношение(8); великих жертвоприношений(5); великие жертвоприношения(2); великую(2); большое жертвоприношение(1)
pravaRa	2	Tops|event	4	29	24	4.444	в стремнине(4); вниз по склону(2); движущаяся под уклон(2); в низину(1); в течении(1)
tilaka	4	Tops|artifact|food|body	5	29	10	2.926	тилака(9); Тилака(4); тилак(4); знак(3); знак на лбу(3)
varDamAna	2	plant|artifact	3	29	28	4.789	возрастая(2); К возрастающему(1); Растущего(1); возрастает(1); возрастающая(1)
viDu	2	object|person	2	29	18	3.952	размахивая(4); Одинокого(3); месяц(3); потрясая(3); луны(2)
yukti	5	cognition|attribute|act|Tops|communication	7	29	26	4.625	рассуждение(3); средств(2); благодаря тому(1); в должную меру(1); в соответствии с разумом(1)
Bakza	3	Tops|act|food	2	28	21	4.253	глоток(3); пища(3); вкушение(2); поедая(2); съесть(2)
BujaMgama	3	animal|person|substance	2	28	8	2.419	змей(13); змея(4); змеи(3); змеев(2); змею(2)
DAtrI	2	plant|person	2	28	14	3.726	кормилицей(3); кормилицы(3); няньки(3); кормилица(2); кормилице(2)
Kala	3	person|artifact|substance	3	28	24	4.495	негодяев(3); злодей(2); негодница(2); амбар(1); выполнение обета(1)
SiKin	8	animal|process|plant|state|substance|person|location|quantity	5	28	20	4.164	павлины(4); С пучком волос (на голове) (?)(2); огонь(2); павлина(2); пламенный(2)
Urva	2	artifact|object	4	28	15	3.594	загон(5); пещеру(5); загона(3); От заключения(2); вместилище(2)
boDa	3	location|cognition|person	2	28	18	4.022	пробуждения(4); Бодхи(2); бодрствующий(2); знание(2); постижение(2)
cakrin	3	person|animal|plant	3	28	21	4.236	диск(4); диска(2); дисками(2); с диском(2); сделал бы(2)
cakzas	3	body|act|attribute	3	28	18	3.995	чтобы видеть(4); Взглядом(3); взглядом(2); видеть(2); видом(2)
garutmant	2	person|animal	0	28	12	3.182	Гаруда(8); Гарутмант(4); Гаруде(3); Гарутман(3); гарутмант(2)
iqA	2	food|animal	3	28	13	3.208	Ида(9); Иды(3); ида(3); через левую ноздрю(3); идой(2)
kalmaza	3	attribute|act|state	4	28	18	3.995	грехи(4); грех(3); греха(2); освободятся отъ грѣховъ(2); от грехов(2)
karRikAra	2	plant|person	2	28	9	2.691	карникара(8); карникары(7); Карникара(5); дерево карникара(2); карникарами(2)
kzata	4	state|cognition|act|event	3	28	22	4.307	повреждений(4); знак(2); порезал(2); раны(2); Израненные(1)
mArdava	2	attribute|feeling	2	28	14	2.919	мягкость(13); кротость(3); Терпимости(1); кротостію(1); ласковая(1)
manmaTa	3	person|feeling|plant	2	28	12	3.039	Манматха(8); Манматхи(6); Кама(4); любви(2); Манматхе(1)
nimeza	2	time|act	2	28	17	3.726	в мгновение ока(6); мгновение ока(4); мгновение(3); миг(2); Нимеша(1)
paTyA	3	plant|location|attribute	3	28	14	3.480	путь(7); по пути(3); пути(3); Патхья(2); Счастливые пути(2)
palita	2	body|substance	5	28	15	3.638	седого(4); седой(4); седые волосы(4); серое(3); седина(2)
parijana	2	Tops|group	2	28	19	3.891	слуги(7); к слугам(2); слуг(2); слуга(2); близкими(1)
patana	3	event|act|process	4	28	19	3.780	падение(8); падает(3); из-за(1); кончины(1); лететь(1)
purIza	3	substance|location|process	4	28	16	3.780	испражнения(4); помет(4); навоз(3); из первородного источника(2); источника(2)
rasAtala	2	object|location	3	28	19	4.039	Расаталу(4); Расатала(3); преисподнюю(3); подземном мире(2); преисподняя(2)
saMhAra	3	event|act|Tops	4	28	23	4.423	уничтожение(3); заклинания(2); поглощение(2); погубить(2); Втягивание [во-внутрь](1)
saMsarga	7	act|process|state|event|Tops|attribute|substance	3	28	23	4.396	общение(3); смешения(3); связь(2); встретился(1); как(1)
saMtAna	4	person|process|food|group	5	28	21	4.307	линии(2); потомство(2); продолжение рода(2); продолжения рода(2); сантана(2)
stanayitnu	2	event|object	3	28	12	2.887	гром(12); грому(3); грома(2); громом(2); громы(2)
sumuKa	2	plant|person	5	28	16	3.503	Сумукха(9); Сумукхи(2); Сумукхой(2); Сумукху(2); прекрасному(2)
tArkzya	4	substance|person|artifact|communication	4	28	8	1.885	Таркшья(18); Таркшью(3); Таркшьи(2); Гаруда(1); Таркша(1)
tantra	3	communication|cognition|artifact	6	28	22	4.307	учение(4); по утку(2); станок(2); ткань(2); Право(1)
vipAka	2	attribute|event	3	28	21	4.209	созревание(4); созреванию(3); последствия(2); созреванием(2); беду(1)
virocana	2	object|person	4	28	4	0.806	Вирочана(24); Вирочаны(2); Вирочане(1); освещающий(1)
vyatikrama	2	act|event	4	28	21	4.253	вина(3); нарушение(3); Вина(2); нарушена(2); проступок(2)
anuSAsana	2	communication|cognition	2	27	12	2.873	наставление(11); предписание(4); изложение(3); изложение наставлений в йоге(1); обучение(1)
anucara	2	Tops|person	2	27	20	4.134	спутников(4); спутник(3); свитою(2); спутниками(2); Лакшманой(1)
cara	2	person|animal	5	27	22	4.357	движущееся(3); движущихся(2); жителя(2); продвигайся вперед(2); Шагай(1)
haraRa	2	act|possession	6	27	16	3.602	похищение(6); похищении(5); похищением(2); похищения(2); для похищения(1)
haras	2	process|feeling	3	27	9	2.679	жаром(9); хватка(6); пламенем(4); способности захватывать(2); хватку(2)
ijyA	2	act|person	0	27	15	3.634	жертвоприношение(6); жертвоприношениями(3); жертв приношеньем(2); жертвоприношений(2); жертвы(2)
lajjA	3	feeling|plant|attribute	3	27	12	3.024	стыд(10); стыда(3); стыдом(3); смущение(2); стыдливостью(2)
lozwa	2	substance|group	2	27	11	3.186	кусок глины(5); глина(4); ком земли(4); комок земли(4); камни(3)
paricAraka	2	person|Tops	2	27	14	3.272	слуги(9); слуга(3); слугами(3); слуг(2); в угоду(1)
prAyaScitta	2	possession|act	2	27	8	2.385	покаяние(10); искупление(8); искупления(3); искупить(2); Искупительные обряды(1)
pratipatti	3	cognition|Tops|act	4	27	25	4.607	познание(2); постижение(2); Почитание(1); внимание(1); доступны(1)
praveSa	3	event|act|artifact	4	27	23	4.431	вхождение(3); войти(2); вход(2); вернулся(1); водружение(1)
rAjYI	3	person|plant|substance	3	27	13	3.021	царица(11); жену(3); жену раджи(2); царицей(2); Царица(1)
ruci	4	feeling|substance|attribute|food	5	27	22	4.357	блеск(3); блистают(2); красотой(2); по нраву(2); Камаручи(1)
trAsa	2	state|feeling	3	27	18	3.880	страх(5); страха(4); страхом(2); ужас(2); боятся(1)
tviz	2	phenomenon|attribute	2	27	21	4.208	вспышки(4); блеск(3); вспышкой(2); Блеск(1); Возбудив(1)
udvega	3	state|feeling|act	4	27	20	4.180	тревог(3); тревога(3); беспокойство(2); суетность(2); тревоги(2)
utsaNga	5	body|cognition|artifact|person|state	3	27	8	2.234	колени(14); на колени(4); коленях(3); груди(2); къ груди(1)
vAr	2	substance|food	2	27	12	2.901	вода(11); воду(4); избранный дар(2); сокровище(2); влагой(1)
visarga	4	process|time|location|person	4	27	22	4.329	творение(3); эманация(3); сотворение(2); в конце(1); висарга(1)
Akranda	3	communication|act|person	5	26	22	4.364	вопль(3); крик(2); рев(2); бросал вызов(1); в битве(1)
Bava	9	person|event|act|object|Tops|attribute|communication|location|state	6	26	16	3.690	Бхава(6); Бхаву(3); Бхаве(2); из бытия(2); рожденіе(2)
DarA	4	location|object|substance|possession	3	26	10	2.717	земля(11); Земля(3); землю(3); заплетя(2); земли(2)
Pena	4	object|artifact|body|state	4	26	8	2.560	пену(8); пеной(7); пены(4); пена(2); пене(2)
SiKA	6	process|artifact|animal|body|communication|plant	6	26	18	3.979	пламя(4); пламени(3); хохолок(2); язык пламени(2); языки(2)
Sulka	2	possession|body	4	26	15	3.639	выкуп(5); вознаграждение(4); брачное вознаграждение(2); вознаграждения(2); свадебный дар(2)
aByantara	4	location|shape|attribute|time	3	26	20	4.181	внутреннее(3); внутрь(3); внутренних(2); внутри(2); О прибытии(1)
asi	2	artifact|communication	2	26	5	2.175	меч(9); мечом(6); мечами(5); мечи(4); Ножом(2)
cezwita	2	Tops|act	2	26	23	4.470	деятельности(2); поведение(2); походкой(2); делали(1); дело(1)
dAru	2	substance|plant	4	26	11	3.165	дерево(7); дерева(3); древесину(3); дров(3); дереве(2)
hariRa	2	animal|person	2	26	18	4.008	газели(4); антилопы(2); бледен(2); бледным(2); ланей(2)
inDana	2	Tops|substance	3	26	16	3.608	топливо(7); поленьями(3); дровами(2); способен разжечь(2); дерева(1)
jani	2	person|event	4	26	13	3.427	жены(5); с женами(4); для женщин(3); женами(3); жен(2)
muRqa	3	substance|person|body	5	26	20	4.162	бритый(4); бритоголовому(2); бритоголовые(2); лысые(2); Бритоголовому(1)
pAtAla	2	artifact|Tops	2	26	16	3.719	Патала(6); Патале(2); Паталы(2); подземном мире(2); подземный мир(2)
pUjana	3	act|attribute|communication	2	26	15	3.536	поклонение(6); почитание(4); почет(3); Поклонение(2); Поклонение, воздаваемое Богам, дваждырожденным, учителям и мудрецам(1)
palASa	2	plant|artifact	5	26	9	2.685	палаша(8); листья(7); лепестки(3); Палаша(2); палашу(2)
pfkz	2	Tops|attribute	2	26	18	4.027	подкрепления(3); силы наполнения(3); в состязании в силе(2); обильные(2); питанием(2)
pratimA	2	attribute|artifact	3	26	18	4.008	статую(4); отражение(2); подобного(2); подобный(2); подражанием(2)
pravAla	2	substance|plant	3	26	15	3.657	кораллов(5); коралл(3); кораллами(3); кораллы(2); отростки(2)
sArasvata	2	person|time	6	26	10	2.669	Сарасвата(11); Сарасвати(4); Сарасваты(3); по обряду сарасвата(2); на Сарасвати(1)
samBAra	3	artifact|Tops|substance	3	26	16	3.637	приготовления(7); все, что нужно для жертвы(2); необходимое(2); предметы(2); части(2)
tUrya	2	artifact|group	2	26	17	3.854	труб(4); трубы(4); музыка(2); музыкальные инструменты(2); музыкой(2)
toraRa	2	artifact|person	2	26	17	3.873	арками(4); арки(3); ворота(3); Арками(2); арку(2)
trivarga	2	attribute|plant	2	26	21	4.287	три вещи(3); трем целям(2); трех ценностей(2); три ценности(2); Три ценности в жизни человека(1)
upaDA	2	communication|act	5	26	23	4.441	исполненные(3); одежды(2); Впав(1); Положив(1); впаду(1)
upamAna	3	relation|attribute|cognition	4	26	9	2.187	сравнение(15); сравнения(3); пример(2); Сравнение(1); бесчестием(1)
utsarga	4	process|act|cognition|communication	2	26	17	3.792	испражнение(5); извержение(4); идут(2); общее правило(2); Утсарга(1)
vyajana	2	artifact|animal	2	26	9	2.815	опахалами(6); опахало(6); опахала(4); опахалом(4); опахал(2)
ADipatya	2	state|attribute	2	25	12	3.319	господством(5); власть(4); владычества(3); владычество(3); верховную власть(2)
AvAsa	2	artifact|Tops	2	25	18	3.974	жилище(4); место(3); обитель(2); объятиями(2); Леса(1)
anDakAra	2	state|location	2	25	15	3.684	мрак(4); темноте(4); Слепота(2); в темноте(2); тьма(2)
avani	2	object|substance	4	25	11	2.885	землю(10); поток(3); земля(2); потоки(2); реки(2)
braDna	3	object|animal|substance	4	25	18	4.004	солнца(4); буланому(2); желто-красного(2); желтоватого(2); красно-желтым (соком)(2)
devana	2	act|artifact	3	25	17	3.859	игра(5); играть(2); игры(2); игры в кости(2); при игре (в кости)(2)
jawila	2	person|plant	0	25	20	4.244	С косицей волос на голове(2); с заплетенными волосами(2); с косами(2); с косицею на затылке(2); со сложенными волосами(2)
kUwa	3	location|act|artifact	6	25	22	4.404	Читракуты(2); кута(2); молот (?)(2); Читракута(1); Читракуту(1)
kaRwaka	7	plant|person|cognition|Tops|animal|shape|state	6	25	20	4.244	гребень(2); терние(2); терния(2); шипов(2); шипы(2)
mahIDara	2	object|person	2	25	11	3.075	гора(5); горы(5); горе(4); гору(4); Горы(1)
nimna	2	shape|attribute	3	25	18	3.974	низины(4); в низину(3); низиной(2); низину(2); в низине(1)
ninAda	3	event|attribute|process	2	25	15	3.589	шум(5); рев(4); крик(3); Вопль(2); вопли(1)
nirvARa	3	location|act|process	4	25	13	3.298	нирвана(7); прекращении бытия(4); нирване(2); нирвану(2); нирваны(2)
pAka	9	process|attribute|act|state|Tops|animal|artifact|food|substance	12	25	21	4.294	простодушного(3); Глупец(2); глупого(2); Бесхитростной(1); Каратель Паки(1)
pAruzya	3	attribute|Tops|communication	3	25	11	2.560	грубость(13); грубо(2); оскорбление(2); жестокость(1); клевета(1)
puzpaka	3	artifact|state|substance	4	25	4	1.888	Пушпаку(9); Пушпака(8); Пушпаки(5); Пушпаке(3)
saMSraya	3	communication|location|Tops	3	25	21	4.324	поиски помощи(2); послушен(2); прибежище(2); свиту(2); Из-за(1)
saMkara	4	event|substance|state|person	3	25	18	3.778	смешение(7); смешение каст(2); Варна-Санхаровъ(1); Санхары(1); Смешение(1)
saMnipAta	4	state|act|artifact|group	3	25	12	2.763	столкновение(12); битва(2); соединение(2); в момент кончины(1); комбинация(1)
saMsTAna	6	attribute|location|cognition|group|person|phenomenon	9	25	22	4.404	виде(2); конфигурация(2); формы(2); видах(1); внешнюю форму(1)
sundarI	2	person|artifact	3	25	16	3.803	Сундари(3); красавиц(3); красавица(3); прекрасная(3); красавицы(2)
varga	4	Tops|communication|group|quantity	6	25	22	4.374	группа(3); набор(2); Уносящий(1); виды(1); всех(1)
viyant	2	location|Tops	0	25	14	3.284	небо(8); в небе(4); воздушное пространство(2); Разделяясь(1); в воздух(1)
Bavizya	2	time|communication	3	24	12	2.939	будущие(8); будущее(6); Будущее(1); Пророческая (Бхавишья)(1); будет жить(1)
DenA	2	object|attribute	4	24	13	3.439	потоки(6); Голос(2); женские груди(2); звуки(2); молочные струи(2)
SUza	2	communication|state	4	24	19	4.168	гимн-молитва(2); гимна(2); громкой песни(2); громкую песнь(2); неистовство(2)
SaNkA	4	feeling|attribute|state|cognition	3	24	20	4.168	сомнение(4); страх(2); возможность(1); заподозрив(1); надежда(1)
SoRa	2	body|substance	5	24	14	3.570	Шона(5); Шоны(3); гнедые(2); гнедых(2); рыжие(2)
avidUra	2	location|attribute	2	24	16	3.657	неподалеку(6); недалеко(3); рядом(2); Неподалеку(1); Поблизости от(1)
capala	3	substance|animal|plant	7	24	21	4.335	быстрый(2); непостоянный(2); непостоянство(2); Норовистых(1); ветреная(1)
gomatI	2	person|substance	4	24	8	2.114	Гомати(14); богатые коровами(2); богатых коровами(2); в Гомати(2); богатая коровами(1)
gozWI	2	communication|group	3	24	14	3.522	компании(6); беседа(2); застольями(2); компанию(2); общения(2)
hAni	6	act|Tops|process|attribute|event|state	4	24	18	4.054	исчезновение(3); исчезают(2); конец(2); оставляют(2); уничтожение(2)
kokila	3	animal|substance|artifact	4	24	11	3.117	кукушек(5); кукушки(5); кукушка(4); кокилы(2); коял(2)
maryAdA	4	shape|location|act|attribute	3	24	17	3.918	предел(4); границ(2); границу(2); знак границы(2); порядки(2)
pAlana	2	Tops|act	3	24	17	3.887	защиту(4); защита(3); забота о народе(2); хранить(2); Исполнить(1)
paNkti	3	communication|Tops|group	4	24	17	3.851	панкти(5); вереницы(2); общество(2); толпой(2); вереницами(1)
prakaraRa	2	communication|act	3	24	14	3.433	главах(7); глав(2); проблема(2); разделах(2); топиков(2)
raNga	5	substance|attribute|location|artifact|process	6	24	16	3.736	арену(5); толпа(3); арене(2); залу(2); Зрители(1)
sADya	2	person|communication	4	24	10	2.955	садхьи(6); Садхьи(5); Садхья(4); риши(2); садхьев(2)
samUha	3	quantity|Tops|group	2	24	20	4.252	агрегат(2); агрегата(2); агрегатам(2); конгломерат(2); бои(1)
stoka	3	quantity|food|substance	4	24	16	3.502	капли(8); дробясь(2); воплощения(1); искры(1); испарения(1)
taraRi	3	object|substance|person	4	24	19	4.137	Пересекающий(3); преодолении(2); ревностный(2); энергичный(2); Пересекающий (пространство)(1)
utpala	3	plant|substance|artifact	4	24	14	3.570	голубого лотоса(5); лотосами(3); водяными лилиями(2); голубой лотос(2); лилии(2)
vavri	2	Tops|location	3	24	12	3.355	оболочка(4); покров(4); вида(3); тело(3); укрытие(2)
vedanA	2	state|cognition	2	24	15	3.516	боль(7); ощущений(2); рассудок(2); чувственное восприятие(2); боли(1)
vimarSa	2	cognition|Tops	3	24	17	3.851	вимарша(5); Вимарша(2); раздвоение мысли(2); сомнение(2); Размышление(1)
yogakzema	3	feeling|possession|state	2	24	18	4.085	благополучие(2); владение имуществом(2); мирское благополучие(2); покой йоги(2); приобретение и сохранение(2)
ADi	2	communication|possession	5	23	16	3.675	залог(6); треволнения(2); что принадлежит ей(2); Залог(1); беды(1)
AnupUrvya	2	Tops|attribute	2	23	15	3.638	по порядку(5); одно за другим(3); один за другим(2); последовательно(2); в последовательном порядке(1)
Atapa	4	phenomenon|attribute|time|cognition	2	23	17	3.936	зноя(3); солнца(3); зноем(2); чтобы не сгореть(2); воздухе(1)
GfRA	3	attribute|feeling|Tops	3	23	19	4.176	жаром(2); знойно(2); пугаясь(2); солнечный зной(2); доброта(1)
SfNgin	3	substance|object|person	4	23	12	3.169	Шрингин(7); Шрингина(3); рогатого(3); увенчанной гребнем(2); Люди с рогами(1)
apAya	4	event|time|act|state	4	23	20	4.230	исчезновением(3); уничтожение(2); беда(1); бедами(1); беды(1)
avakASa	5	body|state|location|attribute|object	3	23	15	3.708	места(4); место(3); возможности(2); предназначенных(2); пространстве(2)
citraBAnu	2	person|object	3	23	19	4.176	Читрабхану(2); огонь(2); с ярким лучом(2); с яркими лучами(2); Источающий сиянье(1)
dAva	2	event|object	3	23	10	2.345	лес(13); лесного пожара(2); леса(1); лесной(1); лесу(1)
garjita	2	event|communication	0	23	20	4.263	крики(2); ревом(2); шум(2); воинственные кличи(1); вой(1)
janitra	2	location|person	2	23	8	2.032	место рождения(14); должны родиться(2); место рожденья(2); возникновение(1); происхождение(1)
kAruRya	2	attribute|feeling	2	23	13	3.431	сострадание(5); из сострадания(3); сострадания(3); жалостью(2); состраданием(2)
kuRqalI	2	artifact|Tops	0	23	8	2.032	Кундалини(14); Кундали(2); свернувшаяся клубком змея(2); Кольцевитой(1); Кутилакара(1)
lohitAkza	2	body|person	0	23	14	3.436	с красными глазами(6); Лохитакша(3); красноглазый(3); Красноглазый(1); Лохитакше(1)
medas	3	body|substance|attribute	3	23	8	2.401	жир(10); жира(5); жиром(2); полнотой(2); Меда(1)
pAnIya	2	substance|Tops	3	23	11	2.935	воды(9); воде(2); водой(2); воду(2); питье(2)
paricCada	4	group|artifact|person|possession	3	23	18	4.002	одежды(4); одеждами(2); платьем(2); без поклажи(1); домашнюю утварь(1)
praRiDAna	3	act|attribute|cognition	4	23	21	4.350	внутренним сосредоточением(2); сосредоточенности(2); Ишварапранидхана(1); Сосредоточенность(1); безраздельное поклонение(1)
pradeSa	4	body|communication|location|Tops	3	23	17	3.936	места(3); часть(3); место(2); частями(2); горы(1)
rAja	2	person|Tops	2	23	7	2.332	царь(8); царя(7); Царь(3); государю(2); владыки(1)
reRu	2	substance|Tops	5	23	6	1.260	пыль(18); Клубы пыли(1); как от танцующих. Исходила … пыль(1); леса(1); пыли(1)
sArasa	2	animal|plant	3	23	9	2.525	журавлей(10); журавлями(4); журавли(3); Сараса(1); гусь(1)
saMsparSa	2	act|event	2	23	20	4.263	при соприкосновении(2); прикосновения(2); соприкосновения(2); ветром(1); коснуться(1)
saMtApa	4	state|phenomenon|cognition|process	3	23	20	4.230	печалиться(3); мучения(2); боль(1); горем(1); жара(1)
samAja	2	group|Tops	2	23	18	3.932	собрание(5); собрании(2); в собрании(1); встречаются(1); гуляниях(1)
samatva	2	shape|time	2	23	18	3.969	уравновешенностью(4); равновесие(3); [ибо] уравновешенность(1); Одинаковость(1); Равновесие(1)
sambADa	4	group|body|event|state	4	23	22	4.437	детородные части(2); Заросшую(1); Из(1); С(1); беду(1)
trivizwapa	2	location|person	0	23	15	3.708	третье небо(4); на небесах(3); небес(2); небо(2); третьего неба(2)
vAruRI	3	Tops|food|relation	3	23	6	2.174	Варуни(9); сын Варуны(6); Варуны(4); варуни(2); вина(1)
viBava	3	attribute|Tops|state	3	23	19	4.143	богатство(3); роскошь(2); средства(2); благами(1); богатств(1)
AdAna	2	act|time	3	22	18	4.061	манипуляция(3); отбирания(2); привязывание(2); брать(1); взимание(1)
BujaMga	3	animal|substance|person	3	22	10	3.023	змеи(5); змей(4); змея(4); змею(2); змеями(2)
SiSira	3	time|substance|attribute	5	22	20	4.278	Шишира(2); холода(2); Зимой(1); Шиширу(1); весны(1)
aBijana	4	person|state|group|location	3	22	19	4.187	людей(2); происхождение(2); происхождением(2); благородного(1); благородством происхождения(1)
aRiman	2	cognition|attribute	2	22	11	3.170	тонкая(5); тонкая сущность(4); атомарность(3); анима(2); тонкая [сущность](2)
aRqa	2	body|animal	3	22	6	2.088	яйцо(9); яйца(7); Яйцо(2); яйцом(2); яиц(1)
anumati	2	time|communication	3	22	2	0.267	Анумати(21); согласия(1)
atyaya	2	event|time	2	22	18	3.932	опасности(5); Преодолел(1); без(1); боль(1); гибели(1)
grAha	5	animal|act|artifact|cognition|person	5	22	17	4.005	акула(2); вещи(2); крокодил(2); крокодилов(2); крокодилы(2)
haWa	3	attribute|cognition|process	3	22	13	3.538	Хатха Йоги(3); случай(3); случая(3); Хатха Йога(2); судьбы(2)
kUla	2	object|Tops	3	22	11	3.231	берегу(4); берег(3); берега(3); берегов(3); на берегу(3)
kawuka	2	food|substance	4	22	15	3.664	острый(4); колючая(3); язвительные(3); горечь(1); горькое(1)
kumuda	3	plant|animal|substance	5	22	11	2.504	Кумуда(12); Кумуды(1); белые лилии(1); белые лотосы(1); белый лотос(1)
kzapA	2	time|plant	3	22	9	2.674	ночь(9); ночи(3); ночами(2); ночей(2); ночью(2)
maSaka	3	animal|state|location	4	22	17	3.971	мошки(3); Машаки(2); москиты(2); мошкой(2); Москиты(1)
nAsA	2	body|animal	3	22	12	3.209	нос(6); не существовал(4); ноздри(2); носомъ(2); не был не-сущим(1)
nizaDa	2	object|artifact	2	22	8	2.777	нишадхов(6); Нишадха(4); Нишадхи(3); в стране нишадхов(3); нишадхи(2)
pArvatIya	2	person|substance	3	22	16	3.789	горцев(4); горных областей(3); в горах(2); Властители горных племен(1); Горцы(1)
pippala	2	plant|food	3	22	9	2.897	пиппала(5); ягода(4); ягоду(4); Смоковница(3); винную ягоду(2)
prajana	3	event|act|process	2	22	17	4.005	зарождающий(2); плодотворный(2); порождающий(2); порождающих(2); рождение(2)
pratyAhAra	2	act|attribute	2	22	10	2.986	пратьяхара(7); отвлечением(3); Пратьяхара(2); отвлечение(2); пратьяхарой(2)
sarpis	2	food|state	2	22	13	3.516	маслом(4); очищенным маслом(3); очищенного масла(2); расплавленного масла(2); расплавленное масло(2)
sarvasva	2	Tops|cognition	2	22	15	3.720	все(3); все достояние(3); имущество(3); всю собственность(2); вполне(1)
sasya	3	food|substance|plant	3	22	16	3.880	зерно(3); зерна(2); поле(2); посев(2); урожай(2)
sidDArTa	3	quantity|person|plant	5	22	19	4.152	Сиддхартха(3); достигшие успеха(2); в своей цели(1); выполнишь свой долг(1); добьются своей цели(1)
talpa	2	artifact|act	2	22	11	2.639	ложе(11); на ложе(2); башню(1); к постели(1); кровати(1)
tapana	5	object|person|process|phenomenon|substance	4	22	15	3.698	солнце(4); Тапана(3); Испепелитель(2); мучение(2); Бог солнца(1)
taruRI	2	person|Tops	2	22	16	3.914	Молодая(2); Юную(2); в молодые (побеги)(2); красавицы(2); молода(2)
timira	3	state|location|Tops	5	22	15	3.789	тьма(3); Ослепление(2); Тьма(2); мрак(2); ослепление(2)
utsAha	4	Tops|attribute|act|cognition	4	22	22	4.459	воодушевлением(1); готова(1); дух(1); духомъ(1); жажду(1)
vAsanA	3	process|artifact|cognition	2	22	18	4.096	бессознательных впечатлений(2); воображаемое разделение(2); впечатления(2); желания(2); Желание(1)
vandana	2	act|state	3	22	13	3.386	Вандану(5); Вандана(4); восхваления(2); сыпь(2); для Ванданы(1)
vistAra	2	attribute|act	4	22	17	3.914	распространение(4); подробно(2); происходит(2); всецело(1); исходит(1)
vrAta	2	group|person	3	22	15	3.732	рои(4); группу(2); отрядов(2); содружестве(2); толпы(2)
Anantya	2	attribute|state	3	21	16	3.744	вечность(5); беспредельности(2); бесконечно(1); бесконечного множества(1); бесконечное множество(1)
BAnumant	2	object|person	0	21	16	3.785	солнце(4); Солнце(3); Бхануман(1); Бханумана(1); Сиятельного(1)
DAnA	3	Tops|food|plant	3	21	9	2.601	зерна(8); жареные зерна(5); зерен(2); Зерна(1); зерно(1)
SAka	3	plant|food|attribute	5	21	11	3.173	зелень(5); овощи(4); помочь(2); съедобными травами(2); шака(2)
Sakawa	4	artifact|group|plant|substance	3	21	14	3.654	повозках(3); повозки(3); повозка(2); повозку(2); шаката(2)
SilImuKa	2	artifact|animal	3	21	16	3.844	стрела(3); стрелами(3); заостренный в виде головы лягушки(2); жалящими(1); жалящих стрел(1)
aBiyoga	2	communication|Tops	3	21	15	3.559	домогательства(6); домогательств(2); благодаря подвижничеству(1); встретился(1); встречать(1)
amftA	2	Tops|plant	2	21	7	2.331	бессмертные(9); Бессмертные(4); бессмертными(3); нектар(2); бессмертная(1)
apekzA	3	cognition|act|relation	2	21	14	3.427	зависимость(6); соотнесение(3); в зависимости от(1); внимание(1); забот(1)
carita	2	act|communication	2	21	17	4.011	деяния(2); жизни(2); поведение(2); предания о подвигах(2); воспевали(1)
kAra	2	person|possession	3	21	16	3.916	в решающей схватке(2); воздействие(2); воспевание(2); победный клич(2); решающий бросок(2)
kaluza	3	attribute|state|animal	5	21	21	4.392	Дурные(1); Нечестие(1); Помутнела(1); греха(1); лужу(1)
mADvI	2	food|Tops	2	21	7	1.602	любители меда(15); Медовыми(1); два сладостных(1); мадхви(1); медовые(1)
mArgaRa	2	artifact|act	3	21	8	2.386	стрелами(9); стрелы(5); стрелою(2); дорогу(1); оружие(1)
mIna	2	animal|location	4	21	10	2.773	рыбы(8); рыба(4); рыб(2); Мина(1); Мина (Рыб)(1)
mUrDaja	2	body|animal	2	21	8	2.394	волосы(10); волосами(3); за волосы(2); листьями(2); волос(1)
parIkzA	2	act|cognition	2	21	12	2.939	исследование(9); испытание(2); выбирать(1); выяснение(1); выяснении(1)
praSama	3	act|event|feeling	3	21	16	3.880	мира(3); мир(2); примирение(2); успокоение(2); к миру(1)
prasTa	2	quantity|object	3	21	16	3.880	прастха(3); отправился(2); прастху(2); равнине(2); Прастха(1)
prasUti	3	process|event|person	4	21	13	3.332	рождение(6); потомство(3); появились на свет(2); Рожденье(1); возникновение(1)
puzkariRI	3	object|animal|plant	3	21	13	3.523	лотосовые пруды(3); озера(3); пруды лотосов(3); пруд с лотосами(2); пруды(2)
sTala	2	object|location	3	21	19	4.202	земля(2); места(2); в(1); в холмистой(1); возвышенностей(1)
suganDi	2	artifact|food	3	21	19	4.202	ароматные(2); благоухающий(2); Благоухающему(1); ароматную(1); ароматным(1)
tiTi	2	quantity|time	3	21	8	2.199	титхи(11); лунный день(4); Лунный день(1); в лунные дни(1); день(1)
upavana	2	group|object	2	21	14	3.361	рощи(7); рощах(2); в роще(1); в саду(1); жертвенников(1)
veRu	2	plant|artifact	4	21	11	3.137	бамбука(5); бамбук(4); вену(3); флейта(2); бамбуками(1)
vfttAnta	2	communication|Tops	3	21	17	3.975	событий(3); о том, что случилось(2); случилось(2); в беспорядке(1); весть(1)
viniScaya	2	cognition|act	2	21	9	2.617	решение(9); решения(3); решению(2); решив(2); определение(1)
viveka	2	cognition|act	2	21	20	4.297	различие(2); Знанья(1); знанья(1); мудрецы(1); мудрости(1)
yAtu	2	person|cognition	4	21	12	3.059	колдовские чары(8); магические обряды(2); нечистая сила(2); взойти(1); достичь(1)
AyAsa	2	act|feeling	2	20	19	4.222	усталость(2); вздохом(1); возбуждается(1); досаду(1); забота(1)
Ayuzya	2	attribute|act	2	20	11	3.222	долголетие(4); долгую жизнь(4); Долголетие(2); долгая жизнь(2); долгой жизни(2)
DUrta	3	plant|person|food	4	20	13	3.484	хитрец(4); плут(3); игрокам(2); хитрый(2); искусных(1)
asfj	2	body|cognition	2	20	4	1.685	кровь(10); кровью(6); выпустил течь(2); крови(2)
avadya	2	communication|state	4	20	16	3.822	бесчестья(4); поношения(2); не заслужили погибели(1); неподлежащих убиению(1); несовершенство(1)
bilva	2	plant|quantity	4	20	8	2.646	билва(6); Билва(4); бильва(4); Бильва(2); еду(1)
janana	3	act|event|process	4	20	15	3.722	порождении(4); рождение(2); рождений(2); Породители(1); матерям(1)
kAlI	3	person|plant|substance	3	20	7	1.817	Кали(13); Черная(2); Сатьявати(1); Черный(1); непроглядная(1)
kftrima	3	artifact|food|substance	5	20	13	3.522	искусственные(4); искусно сделанная(2); искусственное(2); искусственные (валы)(2); искусственный(2)
nIhAra	2	phenomenon|substance	2	20	8	2.219	туман(11); тумана(2); туманом(2); густым туманом(1); дымке(1)
nemi	2	artifact|plant	2	20	7	2.223	обод(10); ободья(3); ободами колес(2); ободов(2); грохочущих(1)
pAdAta	2	person|group	2	20	9	2.702	пешие воины(7); пехотинцев(4); пехотинцы(3); Пехотинцы(1); пехотинец(1)
pUti	4	body|Tops|animal|substance	3	20	14	3.541	вонючая(5); загнило(2); зловонная(2); гнилое(1); гнилым(1)
piSita	3	food|body|quantity	3	20	9	2.684	мясо(8); мяса(3); капли(2); плоть(2); кровожадными(1)
prapAta	3	act|object|Tops	5	20	15	3.784	упасть(3); падаешь(2); падении(2); падения(2); бедой(1)
sAdana	2	location|artifact	3	20	12	3.484	обитель(3); в сидении(2); жилье(2); на сидение(2); сидении(2)
samavAya	4	act|Tops|group|state	3	20	13	3.484	присущность(4); собрание(3); ингеренция(2); общения(2); в собрании(1)
taqAga	2	object|artifact	0	20	11	3.222	пруд(4); пруды(4); пруда(2); прудами(2); прудах(2)
upakrama	2	act|cognition	2	20	17	4.022	перед(2); приближении(2); прибытия(2); в начале(1); вести себя(1)
vARijya	2	act|group	0	20	6	1.557	торговля(14); торговлю(2); добывая(1); покупать и продавать(1); торговать(1)
vAyuBakza	2	Tops|animal	3	20	16	3.846	питаясь воздухом(3); питаясь только воздухом(3); Ваюбхакша(1); Питался одним воздухом(1); воздухом(1)
ArAma	2	artifact|feeling	3	19	16	3.892	сада(3); садов(2); Садами(1); в саду(1); игралище(1)
BAgya	3	event|phenomenon|possession	2	19	12	3.281	счастье(5); судьбы(3); Бхагья(2); благая участь(1); доли(1)
BAzA	3	communication|Tops|cognition	2	19	16	3.932	речь(2); язык(2); языках(2); Соглашение(1); говоритъ(1)
Kaqgin	2	person|animal	2	19	8	2.497	вооруженный мечом(7); с мечом(5); меченосец(2); Вооруженный мечом(1); меченосцев(1)
SIrza	3	body|location|plant	4	19	10	3.031	головы(5); голова(3); голову(3); вершинами(2); в голове(1)
SiKarin	2	object|plant	3	19	11	3.003	гор(7); Шикхари(2); горы(2); аскезе(1); высокими горами(1)
SreRi	2	group|Tops	3	19	15	3.787	шрени(3); в собрании(2); шеренги(2); Шрени(1); линия(1)
SyAmA	4	Tops|plant|substance|person	3	19	16	3.932	Смуглая(2); смуглая(2); смуглянке(2); Темнокожая(1); Темную(1)
aByutTAna	2	cognition|state	0	19	11	3.176	преобладание(5); возвышается(3); возрастание(2); воцаряется(2); возобладание(1)
aDikaraRa	5	Tops|cognition|communication|artifact|group	7	19	10	2.641	раздел(9); положение(2); восприятие(1); высокую должность(1); должность(1)
aRqaja	2	animal|person	3	19	13	3.511	рожденный из яйца(4); птица(2); птицы(2); рожденные из яйца(2); из яйца(1)
aga	3	object|plant|quantity	4	19	15	3.787	гор(3); отправились(2); подошли(2); впал(1); вступили(1)
alABa	2	attribute|state	2	19	13	3.471	неудача(4); потеря(3); потерю(2); Когда нельзя(1); не добившись(1)
alaka	2	body|substance	2	19	12	3.366	локоны(4); локон(3); Алаки(2); волосы(2); волосами(1)
anukroSa	2	Tops|attribute	2	19	9	2.394	сострадание(10); из сострадания(2); милосердие(1); милосердию(1); мягкосердечия(1)
asra	2	body|location	3	19	7	1.878	слезы(12); слез(2); горькие(1); слеза(1); слезу(1)
avasAna	4	act|event|location|time	5	19	16	3.932	завершение(2); место успокоения(2); местожительство(2); конец(1); кончиной(1)
bAlaka	3	person|plant|process	2	19	16	3.892	мальчика(3); алоэ(2); детьми(1); детях(1); маленьких(1)
darSa	3	time|act|object	3	19	11	3.221	Дарша(4); месяц молодой(3); новолуние(3); дарша(2); в ночь новолуния(1)
kacCapa	4	artifact|animal|state|person	5	19	8	2.610	черепахи(6); черепаху(5); черепах(2); черепаха(2); опустошил(1)
loha	4	substance|Tops|artifact|body	5	19	13	3.326	железо(6); алоэ(2); Лохи(1); железа(1); железный(1)
mahas	5	attribute|feeling|possession|state|time	5	19	13	3.537	величием(3); силами(3); для мощи(2); сильно(2); великолепии(1)
malla	2	person|group	3	19	14	3.682	маллы(3); Малла(2); Маллы(2); силачи(2); Борцы(1)
paNkaja	2	plant|substance	2	19	7	2.465	лотос(6); лотосами(5); лотосов(3); лотоса(2); Панкаджа(1)
prAya	2	attribute|act	4	19	17	4.037	направился(2); обету прая(2); большинству(1); в большинстве своем(1); в основном(1)
prahAra	2	act|event	3	19	12	3.301	удар(4); ударом(4); удара(2); Ударами(1); выстрел(1)
sA	2	act|person	0	19	14	3.722	Пусть развяжут(2); вобождаю(2); остаются(2); правильно(2); привязанную(2)
sPawika	2	substance|object	2	19	10	3.116	хрусталь(4); кристалл(3); кристалла(3); в кристалле(2); хрусталем(2)
svasara	2	artifact|location	2	19	8	2.687	пастбища(7); в сторону пастбища(2); на пастбищах(2); на пастбище(2); пастбище(2)
tAmbUla	2	plant|food	2	19	5	1.668	бетель(12); Бетель(2); бетелем(2); бетеля(2); бетелю(1)
tumburu	2	plant|food	3	19	1	0.000	Тумбуру(19)
upahAra	2	act|possession	3	19	14	3.722	жертвенный дар(2); жертву(2); подношения(2); подношениями(2); приношения(2)
vArttA	5	Tops|communication|cognition|group|state	6	19	18	4.143	профессиям(2); Хозяйство(1); благополучии(1); говорить(1); занятиях(1)
vaNga	3	substance|location|communication	4	19	5	2.149	Ванги(6); вангов(5); ванги(4); Ванга(3); царя вангов(1)
Akara	2	Tops|artifact	3	18	14	3.684	источник(3); вместилище(2); рудниках(2); богатого(1); в рудники(1)
Amra	2	plant|food	2	18	8	2.213	манго(10); амра(2); Амра(1); Манго(1); дерево манго(1)
BakzaRa	4	act|process|artifact|quantity	4	18	17	4.059	для питья(2); быть съеденными(1); в пищу(1); выпили(1); еды(1)
Bramara	3	animal|communication|substance	2	18	8	2.552	пчелы(6); пчел(5); пчелами(2); Пчелы(1); пчела(1)
Silpa	2	communication|cognition	3	18	14	3.684	искусством(3); искусствами(2); ремеслами(2); Шилпы(1); во всех искусствах(1)
aYji	2	artifact|attribute	2	18	12	3.419	украшение(3); украшения(3); украшениями(2); умащением(2); Суджурни, Шрени, Сумнаапи, Храдечакшус, Грантхини, Чаранью(1)
abda	2	Tops|plant	2	18	6	1.949	год(10); в течение года(3); лет(2); года(1); годы(1)
drava	5	food|substance|attribute|event|relation	4	18	14	3.725	жидкостей(2); жидкость(2); спеши(2); текучий(2); Бегай(1)
dvezas	2	attribute|person	3	18	9	2.975	проявления враждебности(4); враждебные действия(3); проявления ненависти(3); враждебности(2); ненависть(2)
giriSa	2	person|substance	2	18	13	3.572	Гириша(3); Гирише(2); Горный бог(2); богу(2); Владыке гор(1)
izvastra	2	act|artifact	2	18	17	4.059	оружие(2); Стрелы и оружие(1); в занятиях стрельбой и оружием(1); в метании стрел и применении оружия(1); в стрельбе из лука(1)
jarAyu	2	body|substance	3	18	8	2.592	послед(7); оболочкой(3); внешняя оболочка(2); с наружной оболочкой(2); Джараю(1)
kavya	2	act|person	4	18	11	3.192	предкам(5); кавья(2); поминальные приношения(2); приношения предкам(2); Приношения предкам(1)
kazAya	3	act|feeling|process	4	18	14	3.684	отварами(3); косметическими(2); красные одежды(2); Благовонной мазью (из … трав)(1); благовонной мазью(1)
mAra	3	person|event|process	4	18	6	1.949	Мара(10); Мару(3); мара(2); Марой(1); Погибелью-Марой(1)
nicaya	4	quantity|possession|state|group	3	18	15	3.795	накопленное(3); множество(2); Приумножить(1); веренице(1); вязанки(1)
nilaya	2	location|artifact	3	18	16	3.906	обители(3); Выросшее(1); домой(1); живущие в небе(1); жилище(1)
nipAta	4	communication|event|process|act	3	18	16	3.948	до падения(2); падение(2); Данной(1); Муки(1); в бедствиях(1)
nirGAta	2	phenomenon|act	2	18	15	3.837	гром(2); натиск(2); ураган(2); бури(1); вихрь(1)
pIWa	3	artifact|act|Tops	4	18	13	3.461	сидение(4); трон(3); Асаны(1); Питху(1); асан(1)
parimARa	3	attribute|Tops|time	2	18	12	3.392	размер(4); измеренность(2); размера(2); число(2); Размеры(1)
pavi	2	substance|artifact	2	18	10	3.170	обод(4); наконечник(2); ободом(2); ободья(2); ободьями(2)
pratyavAya	3	attribute|act|relation	3	18	15	3.837	вспять(2); извращенья(2); противоположное(2); в противном случае(1); дурное(1)
sUci	2	artifact|group	3	18	7	2.412	иглой(7); иглы(4); игла(2); иглами(2); иголкой(1)
saMGAta	7	body|quantity|attribute|Tops|group|state|object	7	18	14	3.642	агрегат(3); тело(3); Насилие(1); Совокупность [элементов тела](1); Сочетания(1)
samIraRa	4	phenomenon|person|substance|Tops	4	18	11	3.281	ветер(4); Ветра(2); ваю(2); дуновение(2); дыхании(2)
tandrA	2	state|attribute	2	18	11	3.350	лени(3); вялость(2); леность(2); слабость(2); усталость(2)
tarka	2	cognition|feeling	4	18	15	3.837	доводов(2); рефлексии(2); рефлексия(2); Логические системы(1); дискурса(1)
vakzaRA	3	animal|body|location	3	18	15	3.837	внутрь(2); из грудей(2); чреве(2); Животы(1); в вымени(1)
vilaya	2	event|process	2	18	16	3.948	гибель(2); сокрытие(2); гибели(1); исчезает(1); объединившись(1)
vyAja	3	attribute|act|cognition	2	18	16	3.948	под видом(2); уловкой(2); будто(1); вид(1); видимость(1)
Alambana	2	Tops|artifact	2	17	14	3.617	опора(4); Основанием(1); вещи(1); внешнюю опору(1); восприятие(1)
Cardis	3	Tops|act|artifact	2	17	5	1.736	защиту(10); щит(3); Защиту(2); даруй(1); заслон(1)
aNguzWa	2	body|quantity	4	17	9	2.984	большим пальцем(4); большой палец(3); большие пальцы ног(2); больших пальцев ног(2); палец(2)
ambikA	2	person|plant	6	17	6	1.898	Амбика(10); Амбике(2); Матушка(2); Амбику(1); Матушке(1)
apaciti	2	act|state	2	17	14	3.690	отомстить(3); отмщение(2); верным(1); воздаяние(1); возмездие(1)
arcA	2	act|communication	2	17	13	3.572	воспеть(3); запой(2); светящихся(2); Запевай(1); Запевай песню(1)
bimba	3	animal|artifact|shape	5	17	11	3.293	Бимба(3); отражение(3); бимбе(2); диск(2); губами(1)
mUrCA	3	state|process|event	2	17	12	3.499	Мурчха(2); беспамятство(2); беспамятству(2); потеря сознания(2); чувств(2)
manTa	3	Tops|artifact|act	5	17	11	3.264	смесь(4); взбитом напитке(2); напиток(2); пестик(2); Взболтай(1)
nAgara	2	food|person	4	17	8	2.292	горожане(9); горожан(2); город(1); города(1); городского надзирателя(1)
nAyikA	2	person|substance	2	17	8	2.534	женщины(7); женщина(3); возлюбленных(2); Женщина(1); возлюбленная(1)
nada	3	object|animal|person	3	17	9	2.984	быка(4); реки(3); жеребца(2); ревуна(2); тростник(2)
nirvfti	4	act|feeling|Tops|event	2	17	12	3.287	блаженство(5); освобождению(2); блаженства(1); замирает(1); наслажденье(1)
prAdurBAva	2	event|act	2	17	11	3.220	появление(4); появления(3); проявление(2); активация(1); возникновения бытия(1)
praSaMsA	2	communication|state	2	17	12	3.455	восхвалять(3); похвала(2); славу(2); хвалу(2); восхваляет(1)
pratiGAta	2	act|phenomenon	2	17	15	3.852	отражения(2); сопротивление(2); возвратить к жизни(1); защиты(1); мешать(1)
saMDAna	4	food|act|process|communication	7	17	13	3.405	средство соединения(5); Исследование(1); Сосредоточение(1); вступить в связь(1); выполнению(1)
sahasrAMSu	2	object|person	2	17	14	3.690	Тысячелучистый(3); тысячелучистое солнце(2); Владыку тысячи лучей(1); Тысячелучистого(1); Тысячелучистое(1)
sikatA	4	substance|artifact|state|person	4	17	10	2.814	песок(7); песчинки(2); Сикаты(1); гальку(1); гравий(1)
svastika	4	artifact|act|communication|plant	4	17	7	2.469	свастика(6); Свастика(4); свастики(2); со свастикой(2); Свастикасана(1)
varA	3	plant|Tops|food	2	17	13	3.499	лучшая(4); первая(2); Лучших(1); главная(1); желания(1)
varzA	2	time|Tops	3	17	14	3.735	дождей(2); дождливый сезон(2); пора дождей(2); Дождем(1); Дождливый сезон(1)
vidyADara	2	artifact|person	0	17	4	1.322	видьядхары(12); Видьядхары(2); видьядхаров(2); Видьядхара(1)
vikriyA	4	process|event|state|substance	4	17	17	4.087	беда(1); горе(1); затрепетало(1); изменение(1); изменился(1)
vikzepa	2	cognition|act	4	17	12	3.455	рассеянные состояния(3); несосредоточенность(2); прекращение(2); разбрасывал(2); беспокойства(1)
ADAra	3	artifact|Tops|substance	4	16	12	3.500	вместилище(2); копчика(2); опорой(2); сосуда(2); [мул]адхаре(1)
Adara	2	cognition|act	3	16	15	3.875	сосредоточенно(2); внимательно(1); гордо(1); осторожно(1); после раздумья(1)
Aloka	2	cognition|phenomenon	5	16	10	2.906	свет(6); вид(2); взор(1); вотъ ты увидишь(1); любовались(1)
BAsa	2	attribute|animal	3	16	11	3.328	ястреба(3); Бхаса(2); навоз(2); стервятника(2); в ястреба(1)
SItAMSu	2	object|substance	3	16	15	3.875	месяц(2); Прохладнолучистого(1); Прохладнолучистый(1); луною(1); луны(1)
SvAsa	5	state|act|substance|body|process	5	16	9	3.000	вдох(4); астма(2); вдоха(2); вздох(2); вздохи(2)
aNgAraka	2	object|substance	3	16	4	1.186	Ангарака(12); Марс(2); Ангараки(1); древесному угольку(1)
aSakti	3	attribute|Tops|cognition	2	16	9	2.852	неспособность(5); неспособности(3); неспособностью(2); Неспособность(1); беспомощность(1)
amoGA	2	Tops|person	2	16	10	2.977	Амогха(5); не знающий промаха(3); Амогхой(1); не знает промаха(1); не знающего промаха(1)
anUpa	2	object|animal	4	16	12	3.453	берега(3); берег(2); в прибрежной местности(2); Анупа(1); близ(1)
cUrRa	2	Tops|food	3	16	12	3.500	порошками(2); порошков(2); порошком(2); порошок(2); благовонным порошком(1)
cihna	3	cognition|Tops|communication	2	16	10	3.203	знаки(3); качества(2); отличительных знаках(2); признаки(2); свидетельство(2)
dAha	5	state|process|act|event|phenomenon	4	16	12	3.274	сожжение(5); быть сожженным(1); горя(1); пожар(1); пожара(1)
dfti	3	artifact|substance|body	2	16	5	2.031	мехи(6); кожаный мешок(4); мешок(4); бурдюк(1); меха(1)
jijYAsA	2	act|cognition	0	16	13	3.578	познавательная установка(3); изыскание(2); Познавательная установка(1); желая испытать(1); желая узнать(1)
kAYcI	3	food|artifact|plant	3	16	9	2.781	пояс(6); подпруга(2); поясов(2); браслетами(1); бёдра(1)
kalatra	2	person|artifact	3	16	8	2.727	жена(5); женщин(3); жен(2); женщинами(2); женщину(1)
kawAkza	2	act|attribute	2	16	11	3.328	искоса(3); взгляды(2); взор(2); взорами(2); боковым взглядом(1)
kusumAkara	2	artifact|time	2	16	7	2.350	весна(7); Кусу-макара(3); весенний расцвет(2); время цветения(1); время цветенья(1)
lakzman	2	Tops|attribute	2	16	7	2.524	знак(5); пятно(4); клеймо(2); признаков(2); Пятно(1)
mADavI	3	Tops|object|person	4	16	5	1.311	Мадхави(12); Мадхави (Субхадра)(1); дочь Мадхавы(1); из племени Мадху(1); ліанъ(1)
maRqUka	3	animal|substance|artifact	2	16	6	2.311	лягушки(6); лягушек(3); лягушка(3); лягушку(2); Лягушка(1)
mukti	2	act|animal	3	16	6	1.799	освобождение(10); Освобождение(2); мукти(1); освобождению(1); освобождения(1)
niHsvana	2	event|attribute	2	16	15	3.875	звуки(2); безмолвии(1); бряцание(1); вой(1); гром(1)
niSAkara	2	object|person	2	16	8	2.649	месяц(5); Творец ночи(4); ночное светило(2); Луна(1); Месяцу(1)
nikzepa	2	act|communication	2	16	10	2.772	вклад(7); вклад, открытый(1); вклада(1); вкладами(1); дар(1)
pAta	3	process|act|event	5	16	11	3.328	испейте(3); защитите(2); охраняют(2); сохраните(2); Пейте(1)
panasa	2	plant|food	4	16	7	2.305	панаса(6); Панаса(5); панасу(1); пунаса(1); хлебного дерева(1)
pariSrama	2	act|state	2	16	12	3.375	усталости(4); лишениями(2); от изнеможения(1); силы(1); страшен(1)
paricaya	2	act|feeling	3	16	13	3.625	знакомства(2); знакомство(2); накопления(2); Наполнение(1); Паричайя(1)
pfTagjana	2	person|group	2	16	13	3.625	простонародья(2); простые люди(2); простых людей(2); людей(1); ни один человек(1)
pravAsa	2	act|state	2	16	13	3.625	отсутствия(2); парящие(2); путешествие(2); в путь(1); во время отъезда(1)
rAkA	2	time|Tops	2	16	5	1.497	Рака(11); Раку(2); имевшей месячные(1); месяц(1); уже имевшей месячные(1)
ruta	2	communication|event	2	16	13	3.625	искореженного(2); пение(2); увечья(2); вою(1); голоса(1)
tAra	7	substance|communication|person|attribute|possession|body|act	8	16	12	3.453	громко(3); Тара(2); низвержение(2); жемчуга(1); жемчужин(1)
upADi	2	Tops|attribute	3	16	7	1.924	упадхи(10); ограничений(1); одежду(1); оправа(1); оправу(1)
utTAna	4	event|process|Tops|act	4	16	14	3.703	предприимчивость(3); был жив(1); вернуть к жизни(1); возникает(1); встает(1)
uttarIya	2	artifact|object	3	16	14	3.750	верхние одежды(2); верхняя одежда(2); верхнее(1); верхней одежде(1); верхнем платье(1)
vasati	4	object|act|Tops|artifact	5	16	13	3.625	в покое(2); ночи(2); остаться(2); в гнезде(1); в гнездо(1)
vfnda	3	quantity|Tops|state	4	16	11	3.281	отрядами(3); отряды(3); толпами(2); Сонмы(1); множество(1)
vikawa	2	Tops|substance	4	16	10	2.772	Виката(7); Уродливого(1); Чудовищный(1); безобразная(1); безобразно(1)
vinASana	2	act|event	2	16	15	3.875	избавляет(2); Винашана(1); Погубивший Мадху, Муру, Нараку(1); гибель(1); губительную(1)
vitAna	3	artifact|plant|attribute	4	16	15	3.875	гонят(2); балдахином(1); жертвоприношения(1); клочья(1); ковру(1)
vivfdDi	2	Tops|act	2	16	15	3.875	процветания(2); взрастить(1); возрастание(1); выращивания(1); зрелость(1)
vyApAra	2	act|cognition	3	16	14	3.750	движения(2); деятельность(2); активность(1); времяпрепровождение(1); выполнении функций(1)
AlApa	2	communication|event	2	15	13	3.640	Разговоры(2); слова(2); беседу(1); беседуют(1); беседы(1)
AveSa	2	state|event	2	15	12	3.457	вхождение(3); погружения(2); Погружение(1); Слияние(1); вступление(1)
BaNga	5	act|event|state|Tops|attribute	4	15	15	3.907	Разбитые(1); вѣтки(1); конопля(1); корчах(1); ломкой(1)
BrAnti	2	cognition|state	2	15	13	3.590	заблуждение(3); блуждающим(1); болтовне(1); видимость(1); движется(1)
aNkura	3	plant|location|shape	3	15	8	2.556	росток(6); ростки(3); отросток(1); пламени(1); побегами(1)
amla	3	food|Tops|substance	2	15	10	3.140	кислая(3); кислые(3); кислый(2); кисла(1); кислой(1)
asUyA	2	act|feeling	2	15	12	3.457	зависть(3); злоба(2); беззлобная(1); гнев(1); гневливость(1)
avaDAraRa	2	act|communication	3	15	10	3.190	определение(3); ограничение(2); определения(2); установление(2); восприятие(1)
cIna	2	person|artifact	3	15	8	2.790	чинов(4); Чины(3); китайцев(2); чинами(2); Чина(1)
dAnu	2	quantity|substance	3	15	7	2.330	Дану(7); влагой(2); дарами(2); Влага(1); влага(1)
dIpti	4	attribute|cognition|phenomenon|plant	2	15	12	3.457	сияние(3); свет(2); Светом(1); блеск(1); блеском(1)
daMSa	5	animal|act|artifact|body|state	5	15	14	3.774	слепнем(2); жалят(1); жалящее(1); жалящих(1); змеи(1)
diva	2	time|location	3	15	6	2.333	небу(5); Небу(4); День за днем(2); день за днем(2); Дьяусу(1)
doha	2	artifact|food	2	15	9	2.923	молоко(4); доение(3); Доением(2); Доений(1); доением(1)
durgA	2	person|object	3	15	10	3.140	Дурги(3); трудности(3); труднодоступную(2); непроезжего пути(1); непроходимой(1)
gokarRa	4	location|person|Tops|animal	3	15	7	2.359	Гокарна(5); Гокарне(5); Гокарной(1); Гокарну(1); Гокарны(1)
hAsa	3	Tops|communication|substance	3	15	9	2.866	смехом(5); смеется(2); смеха(2); насмехается(1); насмешкой(1)
havana	2	communication|act	3	15	10	3.000	призывы(5); призыв(2); в призывах(1); возлияние огню(1); жертвенном возлиянии(1)
kaYcuka	3	substance|body|plant	2	15	11	3.374	канчука(2); канчуку(2); оболочка(2); панцирь(2); Канчука — женская одежда, закрывающая верхнюю часть тела(1)
karin	3	animal|substance|artifact	2	15	8	2.790	слон(4); слона(3); слонов(2); слоновьи(2); порождает(1)
mayUKa	3	phenomenon|artifact|communication	3	15	7	2.549	лучи(5); колышки(3); луч(2); лучами(2); колышками(1)
nAgaraka	2	person|food	2	15	11	3.323	горожане(3); горожан(2); горожанами(2); Жители Нагары(1); Жительницы Нагары(1)
nIlakaRWa	2	person|animal	2	15	12	3.457	Синегорлый(3); с синей шеей(2); Нилакантха(1); Синегорлому(1); Синешеий(1)
paRa	4	quantity|act|communication|possession	4	15	11	3.323	пана(3); ставка(2); ставку(2); в игре(1); заклад(1)
parAvara	2	object|state	3	15	11	3.374	Высшее и низшее(2); высокое и низкое(2); высшего и низшего(2); высшее и низшее(2); во всей полноте(1)
pragraha	4	state|artifact|attribute|plant	3	15	11	3.374	вожжами(2); отряды(2); поводья(2); упрям(2); gala-hastaka (захват шеи рукой)(1)
putrikA	2	person|artifact	2	15	8	2.873	дочь(3); путрикой(3); Путрика(2); путрика(2); путриками(2)
rekRas	3	Tops|act|possession	2	15	5	1.738	наследство(9); имущество(2); унаследованным добром(2); богатство(1); наследством(1)
sTAlI	2	artifact|Tops	3	15	9	3.057	горшок(3); горшка(2); горшке(2); горшки(2); кувшине(2)
sTaRqila	2	location|object	3	15	12	3.457	земле(3); на голой земле(2); бесплодным(1); голую землю(1); землю(1)
saMgara	2	communication|act	3	15	9	2.866	в битве(5); обещание(2); поглощение(2); битва(1); битвы(1)
saMhitA	2	communication|cognition	5	15	10	3.240	Самхита(2); ассимиляции(2); самхита(2); самхиту(2); соединение(2)
saMvAsa	2	state|act	4	15	13	3.640	общение(2); сожительство(2); живущих(1); жизнь(1); жизнь вместе(1)
udyama	2	feeling|act	2	15	11	3.273	труд(3); усилие(3); Борьба(1); борьба(1); возвеличением(1)
vedana	3	Tops|act|cognition	5	15	12	3.507	имущество(2); осязание(2); приобретение(2); владению(1); заключаться(1)
vfzala	2	person|group	0	15	10	3.107	шудры(4); мужчина низкой касты(2); слуга(2); Презренный(1); вришалы(1)
viGAta	3	act|Tops|cognition	4	15	12	3.374	препятствие(4); биться(1); искупить(1); отвращения(1); отменить(1)
viSezaRa	2	communication|cognition	3	15	14	3.774	различение(2); вы(1); квалифицировалось(1); определение(1); особые свойства(1)
viparyAsa	2	Tops|event	3	15	10	3.107	противоположности(4); наоборот(2); противоположное(2); изменение(1); отличается(1)
vrIhi	2	plant|food	3	15	6	1.692	рис(10); врихи(1); зерно риса(1); риса(1); рисом(1)
yazwi	2	artifact|plant	4	15	14	3.774	палкой(2); дерево(1); нить(1); ожерелье(1); опора(1)
Aryaka	2	person|group	2	14	4	1.727	Арьяка(6); дед(5); деда(2); дедов(1)
Avarta	8	event|shape|body|food|process|substance|act|object	6	14	5	1.975	водоворот(7); водоворотами(2); водовороты(2); поворачиваюсь(2); круговорот(1)
BUDara	3	artifact|object|substance	3	14	8	2.753	о держатель земли(4); Бхудхара(3); гор(2); [человек](1); Гора(1)
Cadman	2	act|attribute	2	14	11	3.236	обманом(4); вероломно(1); изменив облик(1); ложным предлогом(1); облачении(1)
SitikaRWa	2	person|substance	0	14	13	3.664	с темной шеей(2); Нилакантхи(1); Синешеего(1); Синешеему(1); Синешеий(1)
aBISu	2	artifact|phenomenon	3	14	6	2.118	поводья(7); вожжами(2); поводьев(2); вожжи(1); поводьями(1)
aSIti	2	quantity|relation	2	14	6	2.217	восемьдесят(6); восемьюдесятью(3); восьмидесяти(2); восемью(1); восьмьюдесятью(1)
arBaka	2	person|animal	4	14	9	2.985	маленькие(3); малого(3); малым(2); достойным(1); маленький(1)
dAraka	2	person|animal	4	14	7	2.496	детей(5); мальчики(3); мальчиков(2); дети(1); детьми(1)
darada	2	substance|group	2	14	6	2.217	дарады(6); дарадов(3); Дарады(2); Дараду(1); дарада(1)
dinakara	2	object|person	2	14	5	1.832	солнце(7); солнца(4); Солнце(1); солнц(1); солнцу(1)
goDA	2	animal|shape	3	14	9	3.039	ящерица(3); годха(2); крокодил(2); накладками(2); кожаные предохранители(1)
granTi	5	state|shape|artifact|cognition|plant	3	14	6	2.064	узел(7); узлы(3); Грантхини(1); Узлы(1); нарыв(1)
hAyana	3	Tops|phenomenon|process	4	14	10	2.978	годам(5); Годы(1); годовая(1); годы(1); длится год(1)
kapAla	5	body|artifact|state|plant|object	7	14	10	3.182	череп(3); черепок(2); черепом(2); глиняная чаша(1); глиняными чашами(1)
kfzRavartman	2	process|person	2	14	12	3.522	Кришнавартман(2); огонь(2); Агни(1); в огонь, что оставляет черный след(1); огня(1)
kiMkara	2	Tops|person	3	14	8	2.753	кинкары(4); кинкар(3); слуги(2); кинкарами(1); кинкарами (слугами)(1)
kimpuruza	2	object|person	3	14	8	2.692	кимпуруши(5); Кимпуруши(2); кимпуруша(2); Кимпуруша(1); Кимпуруша, кимпуруши(1)
kiraRa	4	phenomenon|substance|communication|object	4	14	11	3.379	лучами(2); лучей(2); пыль(2); былинки(1); лунные(1)
makaraDvaja	2	person|artifact	2	14	10	3.236	Кандарпа(2); Несущий на знамени рыбу(2); Тот, у кого на знамени макара(2); с изображением макары на знамени(2); Камадева(1)
nivAraRa	2	act|Tops	0	14	14	3.807	воздержание(1); запрещено(1); остановить(1); отражать(1); отсутствии(1)
pIqana	2	act|cognition	3	14	13	3.664	жмет(2); вред(1); затмеваются(1); надавливанием(1); нажать(1)
paYcatva	2	event|process	2	14	10	3.093	смерть(4); пятеричности(2); гибели(1); к погибели(1); небытие(1)
prajAgara	2	state|cognition	2	14	9	2.950	бессонница(4); Праджагара(2); бессонницу(2); Бессонница(1); бдение(1)
pralApa	2	state|communication	2	14	11	3.325	болтовня(3); причитания(2); беседе(1); болтать(1); восклицания(1)
saktu	2	food|substance	2	14	10	3.093	еды(4); муку(2); в муку(1); долю(1); долю еды(1)
tanUja	2	person|animal	3	14	8	2.557	сын(6); самозародились(2); Сын(1); грива(1); рожденной в теле(1)
upaGAta	3	act|attribute|state	3	14	13	3.664	подношение(2); гибель(1); мучения(1); подрыты(1); преодоление(1)
vallI	2	plant|event	2	14	10	3.236	вьющихся(2); лиана(2); лианами(2); лиану(2); Раздел(1)
vasA	4	substance|body|Tops|state	2	14	11	3.379	жил(2); жилищ(2); мозга(2); Жировые выделения(1); Салом(1)
veSa	3	artifact|person|body	0	14	11	3.325	гетер(3); дом терпимости(2); Веша(1); Вешу(1); Соседу(1)
vraRa	3	state|cognition|object	2	14	10	3.093	рану(4); ран(2); беспечность(1); поранением(1); рана(1)
Brama	4	state|cognition|act|process	4	13	11	3.393	водоворот(2); вращающемуся(2); Бхрама(1); вихри(1); вращающееся(1)
Dava	2	Tops|plant	0	13	4	1.826	дхава(5); зов(4); Дхава(3); увитые(1)
SaNku	2	artifact|quantity	3	13	9	3.027	Шанку(3); стеблем(2); шипами(2); гвоздиков(1); дротиков(1)
SaPa	2	body|quantity	3	13	5	1.881	копыта(7); восьмую(2); копыт(2); копытам(1); копытами(1)
SfNgAra	2	substance|feeling	4	13	8	2.777	любви(4); любовной страсти(2); любовь(2); любовная(1); любовной(1)
Svasana	5	phenomenon|person|act|plant|process	4	13	10	3.181	ветром(3); Швасана(2); Ветер(1); Швасану (-Ветер)(1); богом ветра(1)
aBicAra	2	cognition|communication	2	13	11	3.335	заклинания(3); волшебство(1); заколдовывания(1); запрещенного совокупления(1); колдовской обряд(1)
aguru	2	Tops|plant	3	13	8	2.507	алоэ(6); агуру(1); алойным деревом(1); благовониями(1); благовонное алоэ(1)
apadeSa	3	communication|act|attribute	2	13	11	3.335	предлогом(3); Под предлогом(1); воспользовавшись предлогом(1); найдя предлог(1); объясняет(1)
grAsa	6	quantity|food|state|act|event|Tops	6	13	12	3.547	вкусить(2); глотков(1); заглатывание(1); изобилию еды(1); корм(1)
havyavah	2	person|process	2	13	11	3.393	Уноситель жертв(2); жертвенный огонь(2); Уноситель жертвоприношений(1); Уносителя жертв(1); возница возлияний(1)
jawin	2	Tops|person	2	13	11	3.393	нося косу(2); с косами(2); Джати(1); Заплетя косицу(1); волосы его собраны(1)
jayantI	2	Tops|plant	2	13	8	2.777	Джаянти(4); побеждающая(2); побеждающих(2); Завоевывающая(1); Побеждающая(1)
kakuB	3	communication|location|shape	3	13	7	2.719	вершин(3); вершину(2); вершины(2); вершины (гор)(2); какубх(2)
kesara	3	substance|plant|Tops	3	13	13	3.700	Кесаре(1); Кешара(1); бакула(1); бутоны(1); изобильно(1)
kulyA	2	object|artifact	2	13	11	3.335	ручьи(3); водоем(1); источник(1); канавка(1); лужи(1)
kzoda	2	substance|Tops	2	13	9	3.027	водопад(3); бурлящий поток(2); поток(2); бурлящая(1); водовороте(1)
lava	5	time|substance|food|object|plant	4	13	11	3.335	лава(3); Лаве(1); Низкорожденная женщина(1); время сбора урожая(1); кроху(1)
lokanATa	3	person|artifact|substance	4	13	9	3.027	владыка мира(3); Владыка мира(2); хранителем мира(2); Опоры мира(1); владыка всего сущего(1)
mAza	3	quantity|plant|food	3	13	7	2.442	бобы(5); маша(3); Маши(1); Машов(1); бобовой(1)
maDUka	2	Tops|plant	0	13	4	1.760	Мадхука(5); мадхука(5); мадхуки(2); лакрицу(1)
meDa	2	act|body	3	13	11	3.393	жертвенные напитки(2); живительных соков(2); вдохновенные мысли(1); жертвенным напитком(1); жертвоприношение(1)
nAla	3	plant|body|substance	4	13	11	3.393	не в силах(2); не в состоянии(2); Никогда(1); не(1); не могли(1)
naya	2	act|attribute	3	13	10	3.181	довели(3); методам политики(2); Добродетельный(1); вел(1); власть(1)
parivAda	2	communication|act	2	13	11	3.393	Оговаривание(2); злословие(2); злословию(1); злословия(1); злословят(1)
prajAti	2	person|act	2	13	8	2.719	воспроизведение(4); произведение потомства(3); Воспроизведению(1); Праджати(1); Продолжение рода(1)
pratIka	2	body|location	3	13	6	2.507	лик(3); облик(3); лицом(2); основные положения(2); поверхности(2)
pratipAdana	2	communication|act	2	13	11	3.393	объяснение(2); разъяснение(2); использовании(1); объяснения(1); подобало(1)
praviBAga	3	act|attribute|communication	2	13	11	3.393	разделенный(2); различие(2); (пропущено)(1); Распределение(1); выбора(1)
rAmA	3	person|Tops|substance	3	13	10	3.181	прекрасная(3); Ситу(2); Рама(1); ее(1); красавицы(1)
sAraRa	2	process|artifact	3	13	3	1.140	Сарана(9); Сараны(3); Сараной(1)
sAyujya	2	act|state	2	13	7	2.354	соединение(6); саюджьи(2); саюджье(1); саюджья(1); слияние(1)
tulA	3	quantity|artifact|attribute	3	13	10	3.181	весы(3); сравнение(2); весу(1); измерительный прибор(1); источник знания(1)
ulmuka	2	artifact|substance	3	13	8	2.873	Ульмука(3); Улмука(2); головня(2); факел(2); Улмукой(1)
upadrava	2	state|event	3	13	9	2.807	упадрава(5); болезнь(1); напасти(1); напасть(1); отправляйся(1)
utkarza	4	attribute|state|Tops|possession	4	13	12	3.547	возвышение(2); более высокому(1); великий(1); возвысить(1); вызволение(1)
vAnaprasTa	2	person|Tops	2	13	13	3.700	Ванапрастхи(1); ванапрастха(1); ванапрастхи(1); для ушедшего в лес отшельника(1); живущих в лесу(1)
valaya	4	shape|artifact|body|act	3	13	8	2.719	браслеты(4); браслетов(3); Браслеты(1); браслет(1); запястий(1)
vawa	2	plant|substance	2	13	10	3.085	баньян(4); Вата(1); Смоковница(1); Смоковницы(1); вата(1)
viSudDi	3	act|attribute|Tops	2	13	11	3.393	для очищения(2); очищение(2); искупления(1); очистить себя(1); очищения(1)
ABIra	2	person|substance	2	12	6	2.221	Абхиры(5); абхиры(3); Абхира(1); Абхиру(1); абхира(1)
AkrIqa	2	location|artifact	2	12	9	3.085	игрище(2); место игрищ(2); парк развлечений(2); Игрища(1); игрищ(1)
Amaya	2	state|plant	2	12	8	2.855	болезни(3); болѣзни(2); недуги(2); болезней(1); болезнь(1)
Anayana	2	act|cognition	0	12	11	3.418	вернуть(2); вывести(1); готовить(1); доставить(1); поднесение(1)
BaraRa	2	act|possession	3	12	11	3.418	вынашиванием(2); Предоставляешь(1); заботиться(1); защитят(1); нанося(1)
Cedana	2	act|artifact	2	12	12	3.585	для уничтожения(1); исчезновение(1); оборвутся(1); обрезание(1); отсекающий(1)
KaRqa	7	food|object|substance|Tops|communication|cognition|shape	8	12	11	3.418	брешь(2); Кханда(1); из(1); коричневый сахар(1); корова с поломанными рогами(1)
Kadyota	2	animal|object	2	12	9	3.022	светлячками(3); светлячок(2); огоньки светлячков(1); светляками(1); светляков(1)
Kura	3	body|substance|artifact	4	12	8	2.855	копытами(3); конями(2); пятки(2); копыт(1); копытам(1)
SarkarA	3	food|state|substance	4	12	9	3.085	гравий(2); камни(2); сахара(2); блещут(1); галька(1)
SiprA	2	body|animal	0	12	4	1.855	губы(4); шлемы(4); губами(3); усы(1)
SoDana	3	act|substance|plant	7	12	9	3.022	очищает(3); очищение(2); для очищения(1); искоренению(1); очистительными обрядами(1)
Uzman	5	phenomenon|cognition|attribute|process|feeling	2	12	8	2.752	свистящие(4); природный жар(2); Ушман(1); гнев(1); горячий пар(1)
apUpa	2	food|plant	3	12	9	3.085	лепешка(2); лепешку(2); соты(2); кексами(1); лепешками(1)
arRa	3	communication|act|event	3	12	7	2.522	поток(4); потоки(3); Арна(1); Арну(1); море(1)
asaMBava	2	state|attribute	3	12	10	3.252	невозможность(2); непроявления(2); безуспешны(1); невозможно(1); невозможное(1)
caryA	2	act|Tops	2	12	12	3.585	жизни ради(1); жизнь(1); жизнь аскета(1); образе жизни(1); обряд(1)
dAkziRya	2	attribute|cognition	2	12	10	3.252	справедлива(2); учтивость(2); Учтивость(1); благосклонность(1); искусством(1)
dala	4	plant|artifact|object|substance	3	12	8	2.752	Дала(4); лепестки(2); Дале(1); Далу(1); лепестками(1)
gurutva	2	attribute|substance	2	12	10	3.189	тяжести(3); благоговейное отношение(1); весе(1); весу(1); вознесенный(1)
kAmyA	2	feeling|cognition	4	12	12	3.585	Заботящийся(1); желанием(1); желанны(1); желанные(1); желая(1)
kampa	3	act|event|state	3	12	7	2.451	дрожь(5); Кампа(2); бояться(1); движением(1); дрожали(1)
klama	2	state|attribute	2	12	5	1.585	усталость(8); уставала(1); уставших(1); усталости(1); утомления(1)
mAyu	2	body|event	3	12	5	2.055	мычание(5); мычанье(3); шумных(2); проблеять(1); рёва(1)
mukuwa	3	artifact|animal|person	4	12	11	3.418	короны(2); венец(1); венцах(1); диадема(1); диадемами(1)
nibanDana	4	artifact|Tops|act|event	3	12	11	3.418	вызывает(2); воздвижение(1); жажда(1); зависимым(1); основа(1)
nikara	2	quantity|group	2	12	11	3.418	множеством(2); бремя(1); куча(1); множество цветов(1); обильные(1)
pUrvarUpa	2	state|cognition	2	12	8	2.617	предшествующий элемент(5); верным признаком(1); начальная форма(1); первые признаки(1); предвестие(1)
praketa	2	Tops|cognition	3	12	6	2.221	предвестник(5); знак(3); озарениями(1); признака(1); провидец(1)
prasADana	3	act|Tops|process	4	12	9	3.022	приводит к цели(3); украшение(2); нарядившейся(1); наряжаются(1); одеться(1)
rAji	2	artifact|Tops	2	12	11	3.418	шкуре(2); Дашаратха(1); волн(1); полоса(1); привлекаться(1)
rikTa	2	possession|act	2	12	4	1.855	имущество(4); собственность(4); наследства(3); собственности(1)
sTAman	2	communication|location	3	12	8	2.918	местопребывание(2); на (свое) место(2); на место(2); стойбище(2); голос(1)
samuccaya	3	Tops|act|process	2	12	10	3.252	накоплять(2); собрание(2); вместе(1); обо всех(1); присоединение(1)
sarvatomuKa	2	person|location	2	12	9	3.085	во все стороны(2); всюду распространяющийся(2); чьи лики обращены на все стороны света(2); Всевидящий(1); во все стороны ощетинившийся(1)
sattA	2	Tops|attribute	3	12	8	2.918	бытие(2); садится(2); садящийся(2); субстанцией(2); Воссевши(1)
tURI	2	artifact|state	2	12	5	2.085	колчан(4); колчаны(4); колчана(2); два колчана(1); колчанами(1)
tarala	2	substance|person	3	12	11	3.418	дрожащим(2); блестит(1); взгляд(1); волнами(1); дрожащими(1)
ulUKala	2	artifact|body	2	12	6	2.126	ступка(6); ступку(2); палками из дерева Удумбара(1); палками из дерева удумбара(1); пестик(1)
utkawa	2	plant|state	5	12	11	3.418	преобладает(2); берет верх(1); буйный(1); захмелевшие(1); изобилие(1)
vartikA	2	artifact|animal	3	12	6	2.355	перепелку(4); перепелка(3); фитиля(2); перепел(1); перепела(1)
virAma	2	time|person	2	12	10	3.252	остановки(2); прекращение(2); концу(1); остановиться(1); остановка(1)
Aya	2	possession|artifact	2	11	8	2.845	доход(3); ушел(2); возвратился(1); доходами(1); доходах(1)
Bedana	2	act|state	4	11	11	3.459	воздействуют(1); ломанием(1); подвиг(1); порче(1); прокалывании(1)
PAla	2	artifact|body	0	11	7	2.550	Лемех (плуга)(4); лемех(2); из лемеха(1); лемех (плуга)(1); лемехи(1)
SItala	3	attribute|possession|plant	5	11	9	3.027	прохладной(3); Холодит(1); морозней(1); прохладную(1); прохладный(1)
aBizaNga	2	state|communication	3	11	11	3.459	за нанесенное оскорбление(1); ложное обвинение(1); наплывом(1); наплывом чувств(1); обидою(1)
alarka	2	plant|state	3	11	1	0.000	Аларка(11)
anAgAstva	2	state|Tops	0	11	6	2.369	безгрешность(4); для (подтверждения нашей) невиновности(2); состоянием безгрешности(2); Провозглашая невиновность(1); отсутствием вины(1)
cApala	2	substance|attribute	0	11	8	2.914	ачапалам (невозмутимость)(2); неразумие(2); стремительно(2); возбуждение(1); дерзание(1)
caritra	2	Tops|body	3	11	10	3.278	поступки(2); дела(1); деяниями(1); добрые нравы(1); зачем(1)
dahana	5	process|act|Tops|person|plant	6	11	8	2.914	Дахана(2); пламя(2); сожжении(2); огонь(1); пламя разлуки с Хари(1)
dvIpin	2	animal|plant	2	11	6	2.369	пантеры(4); леопарда(2); леопардов(2); Пантеры(1); леопард(1)
gAyana	2	act|person	3	11	9	3.096	певец(2); певцы(2); Гаяна(1); панегиристы(1); певца(1)
guqa	2	food|shape	3	11	8	2.914	патока(2); патоку(2); шары(2); гуду(1); меласса(1)
jalaDara	3	object|animal|plant	2	11	5	2.005	туча(4); тучи(4); другъ мой(1); завесу туч(1); облако(1)
kAliNga	2	plant|substance	3	11	9	3.027	царь Калинги(3); Калинги(1); Калингский(1); калингами(1); калинги(1)
kAntAra	4	object|cognition|location|plant	3	11	9	3.096	дебрями(2); лес(2); леса(1); лесной чащи(1); лесные дебри(1)
kaRa	5	object|plant|quantity|substance|food	6	11	9	3.096	зернышки(2); зернышко(2); брызгами(1); влагу(1); зерна(1)
kawu	2	food|plant	3	11	6	2.300	горькая(4); горькие(3); горька(1); горьких(1); горькой(1)
kfSAnu	3	process|person|plant	2	11	5	1.972	Кришану(5); огонь(3); жертву(1); пламя(1); стрелка Кришану(1)
kuwumba	2	artifact|group	3	11	8	2.845	семью(3); дом(2); заботы о доме(1); из семейного(1); порочных(1)
mahApaTa	2	artifact|person	2	11	8	2.845	главной улице(3); улицами(2); Махапатха(1); великим путем(1); великим путём(1)
pArAvata	3	animal|substance|person	3	11	9	3.096	(народа) Параваты(2); Паравата(2); Горлица(1); Издалека(1); Параваты(1)
pAwala	2	Tops|artifact	2	11	6	2.413	Патала(3); паталы(3); патала(2); кустарником(1); розово-коричневый(1)
paRya	4	artifact|group|Tops|act	4	11	7	2.664	товаров(3); товара(2); товары(2); товар(1); товарами(1)
pakti	2	process|Tops	3	11	9	3.096	вареная жертва(2); вареную жертву(2); вареное кушанье(1); варящего(1); варёные яства(1)
pariBava	2	act|state	2	11	9	3.096	бесчестие(2); оскорбить(2); обиды(1); оскорбление(1); оскорбленные(1)
parihAsa	2	communication|act	2	11	9	3.096	шутить(2); шутка(2); в издевке(1); в шутку(1); подшутил(1)
praRAda	2	attribute|state	3	11	9	3.096	рева(2); шум(2); возгласами(1); гром(1); громкий крик(1)
pracAra	3	Tops|act|location	4	11	9	3.027	поведении(3); бродят(1); границы(1); движение(1); деятельностью(1)
pratiBU	2	person|possession	2	11	9	3.027	поручитель(3); Надежнейший залог(1); залог(1); обеспечением(1); поруки(1)
puMgava	2	Tops|person	3	11	4	1.677	быков(5); бык(4); быки(1); могучий(1)
punarBU	2	person|Tops	2	11	7	2.664	вновь вышедшей замуж(3); вдова, вновь вышедшая замуж(2); снова рождающаяся(2); вдовой, снова вышедшей замуж(1); вновь(1)
raMhas	2	attribute|person	2	11	10	3.278	быстротою(2); Стремительному(1); быстрота(1); быстроте(1); наделен большой стремительностью(1)
ramaRa	2	person|act	3	11	9	3.027	возлюбленный(3); Рамана(1); возлюбленного(1); встретиться(1); любимый(1)
sUnA	2	artifact|act	4	11	10	3.278	корзина(2); блюда(1); вещей, могущих вызвать смерть(1); корзин(1); корзину(1)
saMtrAsa	2	feeling|state	2	11	6	2.413	от страха(3); страха(3); страх(2); из трусости(1); страхе(1)
suganDa	5	substance|artifact|attribute|food|plant	4	11	10	3.278	приятный запах(2); ароматным(1); благовониями с приятным запахом(1); благоухает(1); благоуханны(1)
tIkzRadaMzwra	2	animal|person	2	11	6	2.369	с острыми клыками(4); острозубый(2); с острыми зубами(2); Зубы у него были острые(1); Острозубого(1)
upala	3	substance|Tops|artifact	3	11	7	2.404	камни(5); галька(1); каменные лавины(1); камень(1); камня(1)
viSAKa	2	person|Tops	3	11	6	2.049	Вишакха(6); Вишакхе(1); Вишакхой(1); Вишакху(1); ветвями(1)
vyaYjana	5	food|attribute|communication|cognition|body	6	11	8	2.914	знаками(2); приправы(2); украшение(2); величием(1); признаки(1)
ABAsa	2	attribute|process	4	10	10	3.322	Огромная(1); Сверкая(1); видимость(1); вспышкой(1); кажутся подобными(1)
AharaRa	2	act|process	3	10	8	2.922	отведение(2); присвоение(2); вернуть(1); подносит(1); похищения(1)
Akzepa	4	communication|state|Tops|act	4	10	9	3.122	обвинения(2); блуждающий(1); метания(1); одним ударом костей(1); оскорблений(1)
Amoda	3	feeling|attribute|cognition	3	10	5	1.771	аромат(6); благоуханием(1); вином(1); радовались(1); радующие(1)
Bfti	2	act|possession	3	10	8	2.922	жалованье(2); приношение(2); должность(1); монет(1); подкрепление(1)
BraMSa	3	state|event|act	3	10	8	2.846	гибель(3); низвергается(1); от потери(1); отъ лишенія(1); потери(1)
Ceda	2	act|state	5	10	7	2.646	отрезания(3); загубивший(2); лепестками(1); разделить(1); разрыв сочленений(1)
SArNga	2	artifact|substance	4	10	6	2.322	Шарнга(4); шарнги(2); лук(1); шарнга(1); шарнгаков(1)
SfNgAwaka	3	body|Tops|location	2	10	8	2.922	Рогатины(2); шрингатака(2); перекрестках(1); перекрестки(1); шпрингаракой(1)
SozaRa	2	process|plant	2	10	8	2.922	Иссушающую(2); иссушение(2); Иссушающая(1); высохнуть(1); высушить(1)
aBiSApa	2	communication|act	2	10	5	1.961	проклятие(5); проклятия(2); от проклятия(1); проклятием(1); проклятый(1)
ambuja	3	plant|food|animal	3	10	8	2.922	лотосу(2); лотосы(2); лилия белая(1); лотоса(1); лотосами(1)
atikrama	2	act|time	2	10	9	3.122	проступок(2); вина(1); вину(1); нарушение(1); нарушениям(1)
avaboDa	2	communication|Tops	2	10	8	2.922	знание(2); узнает(2); бодрствование(1); в бдении(1); знанием тождества(1)
azwApada	3	substance|artifact|animal	4	10	5	1.961	восьминогой(5); восьминогую(2); восемь рядов(1); от стельных (aṣṭapadībhiḥ)(1); от стельных (коров)(1)
cAritra	2	Tops|state	4	10	9	3.122	поведению(2); благопристойность(1); благочестия(1); деяний(1); деяниях(1)
caturBAga	2	quantity|relation	2	10	5	2.171	четвертая часть(3); четвертую часть(3); четверть(2); одной четвертью(1); четырьмя частями(1)
catuzpaTa	2	location|person	2	10	8	2.922	перекрестки дорог(2); перекресток(2); на перекрестках(1); на перекрестках дорог(1); перекрестках(1)
dezRa	2	possession|act	2	10	6	2.446	дар(3); дара(2); дарения(2); Дар(1); дарение(1)
harit	2	animal|relation	6	10	9	3.122	конями(2); Буланых(1); буланые кобылицы(1); буланые кони(1); гнедой(1)
harzaRa	3	cognition|body|state	4	10	9	3.122	на теле(2); веселые(1); возбужденья любовного(1); восторг(1); радости(1)
hastinI	2	animal|person	3	10	3	1.361	слониха(5); слонихи(4); слонихой(1)
jayA	4	Tops|plant|artifact|person	3	10	6	2.446	Джая(3); завоюешь(2); победи(2); Завоюй(1); жену(1)
jigIzA	2	event|feeling	0	10	9	3.122	чтобы мы победили(2); возымев намерение одолеть(1); жаждя победить(1); желая победить(1); желая победы(1)
kalApa	4	artifact|Tops|quantity|shape	5	10	8	2.922	колчан(2); колчаны(2); букет(1); бёдра(1); зарослях(1)
kalka	5	act|substance|artifact|process|state	3	10	8	2.846	мазь(3); безвредно(1); безопасно(1); губительны(1); не пагубно(1)
kfta	5	time|act|communication|quantity|cognition	9	10	9	3.122	первым(2); в разрушении семейного начала(1); в таком разрушении(1); въ истребленіи собственнаго своего рода(1); договорившись(1)
kraya	2	act|possession	4	10	6	2.446	покупка(3); покупкой(2); торговле(2); купля(1); покупке(1)
kukkuwa	3	animal|artifact|plant	2	10	3	1.522	петух(4); петухов(4); петухами(2)
kunda	2	plant|substance	4	10	6	2.322	кунда(4); жасмин(2); белого жасмина(1); белый жасмин(1); жасминовыми(1)
lANgala	2	artifact|act	0	10	5	2.046	плуг(4); плугом(3); плуга(1); плугам(1); хвост(1)
maNgalya	2	substance|plant	5	10	9	3.122	благоприятствующее(2); благоприятные(1); благоприятный(1); благоприятных планов(1); благосклонному(1)
mahAgraha	2	person|object	2	10	8	2.922	великих планет(2); планет(2); Великая планета(1); акулы(1); великая планета(1)
mardana	2	act|process	5	10	8	2.846	сдавливая пышные груди(3); гибель(1); губитель(1); растираться(1); сдавливает(1)
niHSvAsa	3	substance|act|communication	0	10	6	2.322	вздохи(4); дыхания(2); вздыхает(1); воздыханій(1); дыхание(1)
nipAtana	4	act|Tops|process|event	4	10	9	3.122	сокрушить(2); из-за сокрушения(1); низвержение(1); падении(1); сразив(1)
nirJara	2	event|object	2	10	6	2.322	водопадами(4); водопадов(2); водопад(1); поток(1); реки(1)
pAtana	4	process|act|artifact|event	5	10	9	3.122	возмездие(2); гибели(1); ниспровержение(1); повергнуть(1); поражение(1)
pUraRa	4	act|quantity|attribute|event	2	10	10	3.322	всесозидание (наполнение)(1); до конца натянуть(1); заполняя(1); набивая(1); наполнение(1)
paramparA	3	Tops|attribute|group	2	10	10	3.322	Изъ устъ въ уста(1); друг от друга(1); из традиции(1); один за другим(1); отъ одного другому(1)
peSas	2	artifact|Tops	2	10	5	2.046	украшение(4); украшениями(3); украшение обряда(1); форма(1); форму(1)
piNgalA	2	substance|animal	3	10	8	2.922	Пингала(2); через правую ноздрю(2); Пингалой(1); красноглазую(1); пингала(1)
romaSa	3	animal|body|person	3	10	7	2.722	Ромаши(2); покрыта волосками(2); член(2); волосатая(1); волосаты(1)
sImA	2	shape|attribute	3	10	6	2.161	граница(5); Ситу(1); граница земли(1); обрит(1); пика(1)
saMkoca	3	act|event|plant	3	10	9	3.122	ограничение(2); ограничений(1); ограниченный(1); ограниченным(1); свернуто(1)
saMkzaya	3	event|Tops|process	3	10	9	3.122	гибели(2); высыхают(1); истощению(1); истребления(1); исчерпаны(1)
saptamI	2	communication|time	3	10	8	2.922	в седьмой день(2); седьмая(2); Седьмая(1); Седьмой поток(1); в седьмой лунный день(1)
sarvatoBadra	3	act|group|plant	2	10	10	3.322	Благим со всех сторон(1); Благой со всех сторон(1); Очень удобное(1); благоприятный со всех сторон(1); восхитительны(1)
suvarRaka	2	substance|plant	3	10	2	0.722	золота(8); раздачи золота(2)
tArakA	6	object|body|possession|state|Tops|location	4	10	7	2.646	Тарака(3); звезды(2); звезд(1); звезда(1); звездах(1)
tsaru	2	artifact|person	2	10	7	2.522	ползун(4); рукоятками(1); рукояткой(1); рукоять(1); рукоятями(1)
udumbara	4	Tops|substance|state|quantity	2	10	4	1.922	удумбара(4); Удумбара(2); удумбару(2); удумбары(2)
upakaraRa	3	artifact|state|Tops	3	10	10	3.322	Дополнительные трактаты Вед(1); вознаграждение(1); вспомогательных средств(1); добро(1); инструментом(1)
upamA	3	communication|attribute|relation	4	10	7	2.646	отмерь(3); надели(2); месячную(1); называя(1); сравнению(1)
upasarga	4	communication|event|state|act	5	10	8	2.922	препятствия(2); префикс(2); Надвинулась(1); аффикс(1); аффиксы(1)
viBAvarI	2	time|person	4	10	6	2.322	ночь(4); ярко сверкающая(2); Видура(1); величавую(1); ночью(1)
vikfti	5	process|event|state|Tops|person	3	10	9	3.122	изменчивые(2); беспокойства(1); деятельность(1); модификация(1); превратности(1)
viprakAra	2	act|attribute	2	10	10	3.322	злодеев(1); злодейства(1); злодействами(1); недостойном поступке(1); обиду(1)
yAtanA	2	state|act	3	10	7	2.522	мучения(4); грешники(1); мукой(1); мучавшиеся(1); о мучениях(1)
ArAva	2	attribute|communication	3	9	5	2.059	шум(4); вопль(2); вой(1); кличи(1); крики(1)
AsaNga	3	feeling|state|substance	4	9	8	2.948	Асанга(2); ПРИВЯЗАННОСТЬ К ПЛОДУ ДЕЙСТВИЯ(1); жилище(1); поселись(1); привязанности к чувственному миру(1)
AsvAda	2	act|cognition	2	9	6	2.419	вкус(3); вкушение(2); вкусовые(1); доставляющее(1); наслаждения(1)
DUpa	2	substance|act	2	9	7	2.725	ароматами(2); благовониями(2); благоухающие(1); воскурений(1); воскурения(1)
Davala	2	animal|substance	2	9	7	2.725	Дхавала(2); белый(2); белой(1); белую(1); белым(1)
GaRwA	2	artifact|plant	2	9	7	2.725	колокольца(2); колокольцев(2); бубенец(1); гонг(1); колокола(1)
SAli	2	food|plant	3	9	5	2.059	рис(4); риса(2); мясо(1); постели(1); шали(1)
Sakala	4	object|artifact|animal|quantity	4	9	9	3.170	Шакала(1); волокно(1); кусок(1); пластинке(1); половинок(1)
SiSna	2	body|animal	2	9	7	2.725	детородный член(2); детородным членом(2); Детородный член(1); с помощью члена(1); уда(1)
SrIvatsa	2	artifact|person	2	9	5	1.880	Шриватса(5); Счастливый завиток(1); Шриватсу(1); благоприятный признак в виде особых завитков волос(1); шриватса(1)
abja	3	plant|object|quantity	4	9	8	2.948	рожден из вод(2); Рожденный из вод(1); зародившихся в воде(1); листке(1); лотос(1)
agniSiKA	2	substance|food	0	9	7	2.642	пламя(3); Пламя(1); лавина огня(1); огнеглавой(1); пламени(1)
aparAjitA	2	plant|relation	2	9	6	2.419	Апараджита(3); северо-восток(2); Брахмана(1); Непобедимые(1); непобедимых(1)
apavAda	2	communication|cognition	2	9	7	2.642	исключение(3); вину(1); злословие(1); исключенью(1); недовольство(1)
bisa	2	plant|state	2	9	8	2.948	лотосовый корень(2); Биса(1); Корень лотоса(1); лотосного стебля(1); лотосом(1)
dardura	5	substance|animal|artifact|object|plant	6	9	5	2.197	лягушка(3); Дардура(2); Дурдура(2); лягушки(1); лягушкой(1)
gavAkza	2	Tops|artifact	4	9	5	2.059	окна(4); Гавакша(2); Окна(1); окнами(1); окошко(1)
harikeSa	2	person|phenomenon	2	9	7	2.642	златовласый(3); Медновласый(1); Рыжеволосому(1); златовласому(1); златокудрый(1)
hfcCaya	2	feeling|person	2	9	8	2.948	лежащее в сердце(2); в сердце покоящемся(1); влечение(1); влечение сердца(1); влюбился(1)
indrAyuDa	2	object|substance	3	9	5	2.281	Оружие Индры(2); лук Индры(2); оружие Индры(2); радугу(2); радуги(1)
jIvantI	2	plant|Tops	2	9	9	3.170	Живет(1); Живую(1); влачить жизнь(1); живою(1); живущей(1)
janya	2	artifact|person	2	9	7	2.725	людской(2); среди людей(2); Чужие(1); других людей(1); знание шастры(1)
kASmIra	3	plant|location|person	2	9	7	2.725	кункумой(2); шафрана(2); Кашмир(1); Кашмиры(1); кашмирский(1)
kardama	3	substance|state|plant	6	9	7	2.725	полные вареного риса(2); пятна(2); Кардама(1); грязью(1); загрязненный(1)
kfti	2	communication|Tops	3	9	7	2.725	действие(2); нож(2); Крити(1); дела(1); песнь(1)
kuRqa	2	object|artifact	3	9	6	2.503	горшков(2); сосуд(2); сосуды(2); Чаша(1); внебрачного сына замужней женщины(1)
kuwila	2	substance|animal	4	9	9	3.170	Изгибаясь(1); вероломством(1); волнистых(1); извилистой(1); изгибающейся(1)
lakza	2	quantity|attribute	0	9	6	2.503	славу(2); ставку(2); сто тысяч(2); выбрать(1); деле(1)
mUlabanDa	2	act|process	0	9	5	2.059	Мула Бандха(4); Мула Бандхи(2); Мула Бандхой(1); Мула Бандху(1); мула бандха(1)
mastaka	3	body|location|plant	4	9	5	2.197	головы(3); вершине(2); головой(2); голову(1); макушке головы(1)
muzka	2	body|Tops	2	9	7	2.725	за мошонку(2); яичка(2); мошонку(1); срама(1); срамное место(1)
nidAna	4	communication|event|artifact|cognition	4	9	7	2.725	привязь(2); суть(2); источник(1); источник забав в племени богов(1); приметы(1)
nirbanDa	4	attribute|communication|Tops|feeling	3	9	7	2.725	упрямства(2); упрямство(2); воздействиям(1); дерзость(1); настойчиво(1)
niyamana	2	process|act	2	9	9	3.170	вседержительство(1); всеобщую связуемость(1); контроля(1); обуздать(1); обуздывается(1)
pUga	3	quantity|food|person	3	9	7	2.725	бетеля(2); множество(2); все(1); для многих(1); жвачка(1)
padmA	2	person|Tops	3	9	7	2.725	Богиня Лотоса(2); на лотосе(2); Падма(1); Падма-Шри(1); Падмы(1)
parihAra	4	act|cognition|communication|possession	4	9	8	2.948	опровергать(2); опровергают(1); освобождение от налогов(1); отвергнут(1); отказ(1)
pawu	3	substance|food|plant	3	9	8	2.948	отверзающей(2); Отрадны(1); Раззадоренные(1); искусными(1); искушенный(1)
pratIkAra	2	act|artifact	0	9	9	3.170	лекарства(1); отплатить(1); предотвратить(1); предотвращение(1); предотвращении(1)
puwa	9	process|artifact|attribute|body|shape|food|object|plant|state	4	9	8	2.948	загон(2); из(1); отягощенные(1); покрывалом(1); полость(1)
rAjarAja	2	person|Tops	3	9	5	2.059	Царь царей(4); царя царей(2); Царя царей(1); царем царей(1); царь царей(1)
reKA	2	Tops|state	2	9	8	2.948	линия(2); обвивается(1); окруженный(1); полумесяц(1); пятнышком(1)
samudAya	2	group|act	2	9	6	2.419	агрегат(3); совокупность(2); связного(1); связь(1); сочетание(1)
sarveSvara	2	artifact|person	2	9	9	3.170	Владыка всего(1); Владыку всего(1); Всевладыка(1); Всевышний Владыка(1); владыка всего(1)
sarzapa	4	food|quantity|plant|substance	4	9	7	2.725	горчица(2); горчицы(2); горчицу(1); горчичным семенем(1); зерен горчицы(1)
sparDA	2	act|feeling	2	9	9	3.170	вызов(1); вызывая(1); из соперничества(1); из-за соперничества(1); перегоняя друг друга(1)
tApasI	2	Tops|person	2	9	6	2.503	отшельница(2); подвижница(2); подвижницу(2); отшельницам(1); отшельницей(1)
taRqula	2	food|plant	3	9	7	2.642	рисинка(3); зерна риса(1); зернами риса(1); рис(1); риса зерном(1)
upacaya	4	process|Tops|act|state	3	9	9	3.170	аккумуляция(1); больше(1); возрастание(1); выздоравливает(1); из возрастания(1)
usra	2	phenomenon|person	2	9	6	2.419	утренние зори(3); заря(2); Ушас(1); коровы-зори(1); луч(1)
vasti	2	body|animal	3	9	5	2.059	мочевой пузырь(4); Басти(2); в качестве мочевого пузыря(1); мочевые пузыри(1); мочевым пузырем(1)
vfScika	3	animal|Tops|location	3	9	5	2.059	скорпиона(4); скорпионы(2); скорпион(1); скорпионов(1); скорпионом(1)
viharaRa	2	act|communication	2	9	7	2.642	перемещение(3); пляшущий(1); радость(1); свобода(1); скитаться(1)
Ahvaya	2	communication|act	3	8	4	1.750	призываю(4); вызываю(2); Призываю(1); имя(1)
Anantarya	2	attribute|group	0	8	7	2.750	последовательность(2); из-за низшей степени(1); неотложный характер(1); непосредственно(1); непрерывная связь(1)
Anulomya	2	attribute|act	2	8	7	2.750	прямым порядком(2); надлежащим образом(1); потворством(1); при благоприятных обстоятельствах(1); прямом порядке(1)
ApaRa	2	artifact|act	3	8	5	2.156	лавки(3); рынки(2); лавках(1); товарами(1); шатры(1)
Aroha	4	person|body|event|plant	4	8	6	2.500	погонщиками(2); поднялся(2); в езде верхом(1); всадник(1); погонщик(1)
AsTAna	2	Tops|communication	3	8	6	2.500	На месте стоянки(2); место остановки(2); Местопребывание(1); место(1); местопребывание(1)
DaraRIDara	3	object|person|animal	3	8	7	2.750	горы(2); гор(1); гора(1); горами(1); держат землю(1)
Dvani	4	attribute|substance|communication|event	5	8	6	2.500	Дхвани(2); звук(2); громомъ(1); гул(1); звука(1)
ISvarA	2	person|Tops	0	8	7	2.750	Ишвари(2); владычицей(1); госпожой(1); лишенная своего повелителя(1); повелительнице(1)
SoBA	3	act|attribute|substance	3	8	7	2.750	красота(2); зрѣлище(1); краса(1); любования(1); предстанешь(1)
Uha	2	act|cognition	3	8	6	2.406	рассуждение(3); Подними(1); Размышление(1); заменой [слов](1); размышление(1)
aBiGAta	2	state|act	3	8	7	2.750	натиска(2); в столкновении(1); сражен(1); топает(1); убийства(1)
aByaYjana	2	act|artifact	2	8	6	2.500	Мазь(2); мазь для натирания(2); Мазь для натирания(1); мазь(1); умаститься(1)
alIka	2	communication|act	2	8	8	3.000	бедствий(1); горькая(1); жестокие(1); злодеяния(1); неприятное(1)
anuvftti	2	act|person	2	8	7	2.750	отсутствие(2); внимает(1); забота(1); одобрить(1); оказывает(1)
avasara	2	time|state	2	8	6	2.500	время(2); мгновение(2); мига(1); при(1); раздел(1)
avatAra	3	person|event|state	3	8	8	3.000	Аватара(1); аватар(1); аватара(1); аватарами(1); воплощение(1)
awwahAsa	2	communication|person	2	8	7	2.750	Аттахаса(2); громкий смех(1); громким смехом(1); смеющуюся(1); хохотать(1)
darpaRa	2	artifact|person	3	8	7	2.750	в зеркале(2); в зеркало(1); зеркала(1); зеркале(1); зеркальном дне(1)
dfzad	2	artifact|Tops	2	8	6	2.500	жернов(2); жерновом(2); каменных плитах(1); камень(1); на скалѣ(1)
gaRqa	5	body|state|cognition|Tops|animal	6	8	6	2.500	щека(2); щеки(2); на коже(1); опухоль(1); щек(1)
gara	2	Tops|substance	2	8	4	1.811	яд(3); ядом(3); отравленному(1); с ядом(1)
hutaBuj	2	person|process	2	8	5	2.000	огонь(4); Пожиратель жертв(1); поедающий жертву(1); пожиратель жертв(1); пожиратель жертвы(1)
ikzu	2	plant|state	2	8	6	2.406	сахарный тростник(3); Сахарный тростник(1); сахар(1); сахарного тростника(1); стебля сахарного тростника(1)
jAqya	3	cognition|Tops|feeling	4	8	4	1.750	глупость(4); беспечность(2); глуп(1); глупа(1)
kASa	2	plant|substance	2	8	5	2.156	каша(3); навесы(2); Каша(1); бамбука(1); с колючей травой(1)
kIlAla	3	body|food|substance	4	8	4	1.906	сладким напитком(3); сладкий напиток(2); сладкому питью(2); в сладком напитке(1)
kaPa	2	body|substance	2	8	3	1.061	флегмы(6); слизи(1); слизь(1)
kanda	2	plant|shape	3	8	7	2.750	коренья(2); головного мозга(1); кадамба(1); кадамбы(1); канда(1)
kuliSa	3	substance|Tops|person	3	8	6	2.500	ваджра(2); топором(2); Ваджрой(1); адамант(1); ваджру(1)
kumAraka	2	person|process	2	8	8	3.000	Кумарака(1); дети(1); малые(1); мальчик(1); мальчики(1)
kzapaRa	2	act|person	2	8	7	2.750	пост(2); истребление(1); монахинями(1); неверными женами(1); нечистота(1)
lokeSa	3	person|substance|artifact	2	8	6	2.500	владыка мира(2); владыка миров(2); Владыка миров(1); Властелин мира(1); владыками мира(1)
mUzaka	4	animal|Tops|artifact|substance	3	8	6	2.500	крысята(2); мышь(2); грабители(1); крысами(1); крысой(1)
mahAbalA	2	Tops|plant	0	8	5	2.156	могучие(3); Махабала(2); Могучие(1); великая мощь(1); наделенные огромной силой(1)
nIqa	2	object|artifact	3	8	8	3.000	Гнездо(1); в гнезде(1); гнезда(1); гнездо(1); жертвы(1)
netrI	2	object|person	3	8	5	2.000	предводительница(4); Руководительницы(1); водительница(1); движущая сила(1); наставница(1)
nitamba	3	body|act|object	4	8	7	2.750	бедра(2); бедер(1); бедрам(1); бедрах(1); на бедрах(1)
pArada	2	substance|person	2	8	4	1.549	парады(5); Парады(1); парада(1); парадами(1)
pArzada	2	Tops|person	2	8	6	2.406	спутников(3); дворца(1); придворные(1); свита(1); служителей из свиты(1)
pawwa	2	artifact|substance	4	8	8	3.000	веревками(1); лентами(1); петлями(1); пластинками(1); платье(1)
prASa	2	food|act	2	8	3	1.061	спор(6); вкушение(1); испить(1)
prabanDa	2	communication|attribute	2	8	7	2.750	сочленение(2); непрерывно(1); оков(1); поэмы(1); произведение(1)
pratikriyA	2	act|artifact	3	8	8	3.000	воздать по заслугам(1); воздаяние(1); воздаяния(1); извлекать(1); месть(1)
pravAha	2	event|state	4	8	6	2.500	поток(2); течение(2); Праваха(1); потоки(1); потоку(1)
pravAhaRa	2	cognition|process	0	8	3	1.061	Правахана(6); Правахане(1); Праваханы(1)
roDa	4	act|artifact|process|object	5	8	8	3.000	берег(1); вздутия воды(1); насилие(1); насыпи(1); об осаде(1)
roDas	3	Tops|object|artifact	4	8	6	2.406	берегу(3); берег(1); берегам(1); вал(1); валы(1)
sAMniDya	2	attribute|state	2	8	7	2.750	в присутствии(2); Пребывает(1); близость(1); на глазах(1); неотлучно пребывают(1)
saMvartaka	2	object|process	3	8	7	2.750	Самвартака(2); Свертывающий(1); Свёртывающий(1); конца мира(1); конца света(1)
sahasradfS	2	person|object	2	8	3	1.299	Тысячеокий(5); Тысячеглазый(2); тысячеглазый Индра(1)
sahasraraSmi	2	object|person	2	8	6	2.406	Наделенное тысячью лучей(3); Светило тысячи лучей(1); светило тысячи лучей(1); солнце(1); тысячелучистое(1)
samAyoga	3	act|Tops|state	2	8	7	2.750	связи(2); Соединение(1); достигнув(1); принял смерть(1); согнуть(1)
samprApti	3	event|act|cognition	2	8	7	2.750	обретение(2); вернешься(1); достижение(1); приобретение(1); приобретя(1)
sruti	3	process|artifact|location	3	8	5	2.250	путь(2); путях(2); тропы(2); троп(1); тропинки(1)
toda	2	state|cognition	2	8	5	2.250	погонщика(2); стрекала(2); стрекало(2); погонщик(1); поощрителя(1)
tuRqa	2	body|animal	2	8	6	2.406	клювом(3); Тунда(1); клюв(1); клюве(1); пасти(1)
upAyana	2	possession|act	3	8	4	1.811	дары(3); подарки(3); При приближении(1); подарил(1)
upaskara	2	artifact|food	4	8	7	2.750	утварь(2); Доставлявшие тебе радость(1); домашнюю утварь(1); метла(1); снаряжение(1)
uzRihA	2	communication|body	3	8	5	2.000	затылок(4); головы(1); затылка(1); из затылка(1); ушних(1)
vAla	3	body|animal|substance	3	8	7	2.750	хвост(2); волос(1); волоски(1); хвостами(1); хвостов(1)
vArija	2	animal|plant	3	8	7	2.750	раковины(2); лотос(1); лотосов(1); от воды(1); раковинами(1)
valI	2	shape|body	2	8	4	1.750	морщины(4); морщинами(2); складки(1); смятое(1)
vetasa	2	plant|artifact	3	8	4	1.750	прут(4); ветаса(2); Ветаса(1); камышу(1)
vidveza	3	state|cognition|feeling	3	8	5	2.156	ненависть(3); ненависти(2); Ненависть(1); вражда(1); ненавидит(1)
vihaMga	2	animal|artifact	3	8	6	2.406	птицы(3); Виханга(1); птиц(1); птицам(1); птицами(1)
viniyoga	4	Tops|act|attribute|process	3	8	6	2.406	применение(3); веление(1); использовано(1); назначение(1); назначении(1)
vipaRa	2	act|artifact	3	8	6	2.500	заклад(2); лавки(2); лотки(1); поставив в заклад(1); торговлей(1)
vyAkaraRa	2	cognition|communication	3	8	5	2.156	грамматика(3); грамматики(2); Вьякарана(1); вьякарана(1); грамматике(1)
zaRQa	2	person|communication	3	8	3	1.500	евнуха(4); кастрат(2); кастрата(2)
Ali	3	animal|artifact|person	3	7	7	2.807	вереницей(1); гирляндами(1); подруга(1); подруги(1); привязанный(1)
BAsvant	3	object|substance|person	0	7	6	2.522	солнце(2); Сверкающего(1); блистающих(1); сверкающих(1); светоносных(1)
BfNga	4	Tops|animal|plant|substance	5	7	5	2.236	пчел(2); пчела(2); бхринга(1); бхринги(1); пчеле(1)
DvAnta	2	state|time	3	7	6	2.522	из мрака(2); Густой(1); мрак(1); темнота(1); тьмой(1)
Kacara	3	person|animal|object	3	7	6	2.522	несущихся по небу(2); парит(1); передвигаться по небу(1); плывущему по воздуху(1); проносящиеся по небу(1)
PAlguna	2	time|plant	3	7	6	2.522	Пхалгуна(2); Арджуна(1); Пхальгуна(1); Пхальгуне(1); пхальгуна(1)
SaSalakzaRa	2	object|person	2	7	4	1.842	Носящий изображение зайца(3); носящий изображение зайца(2); луна(1); отмеченная зайцем(1)
Sravasya	2	act|state	3	7	5	2.236	достойный славы(2); из желания славы(2); достойного славы(1); славные дела(1); славные деяния(1)
aBilAza	2	cognition|feeling	2	7	6	2.522	желание(2); велениям(1); замыслах(1); пожелание(1); стремление(1)
aBimarSana	2	event|act	2	7	7	2.807	из-за оскорбления(1); касается(1); овладеть(1); прелюбодеяние(1); прикосновение(1)
agama	2	plant|object	3	7	4	1.842	с наступлением(3); с приходом(2); в начале(1); высох(1)
anantA	2	Tops|person	2	7	5	2.236	бесконечны(2); бесконечные(2); Ананта(1); без конца(1); бесконечную(1)
anuroDa	3	communication|act|cognition	2	7	7	2.807	в ответ на(1); в соответствии(1); выполняя(1); из-за привязанности(1); любить(1)
apAmpati	2	object|person	2	7	3	1.149	Владыка вод(5); владыка вод(1); владыку вод(1)
apacaya	2	Tops|act	2	7	7	2.807	из уменьшения(1); истощания(1); сбором(1); сократить(1); уменьшалось(1)
aratni	2	quantity|body	2	7	5	2.236	локоть(2); локти(2); кисти рук(1); локтей(1); локтем(1)
avaroDa	3	act|communication|body	3	7	7	2.807	внутренних покоев(1); дворцовые покои(1); дворцовый(1); дворцовых покоях(1); заточение(1)
candrikA	5	state|phenomenon|attribute|Tops|substance	3	7	4	1.950	Чандрика(2); мѣсяцемъ(2); свет(2); лучами луны(1)
droha	2	act|feeling	2	7	6	2.522	злого умысла(2); агрессивность(1); вероломство(1); враждебности (к родственникам)(1); вреда(1)
durgaha	3	location|object|state	2	7	6	2.522	труднопроходимые места(2); Дургаха(1); Дургахи(1); дурные пути(1); опасные места(1)
gahvara	3	group|location|object	3	7	7	2.807	логовища(1); пещерами(1); пещеру(1); расщелина(1); тайно(1)
gata	2	act|Tops	0	7	7	2.807	вошли в утробу(1); очистился(1); погружен в Меня(1); приведенным ко Мне(1); привязанного ко Мне(1)
kARqa	3	plant|artifact|body	6	7	7	2.807	книг(1); отрезок(1); раздела(1); разделам о поклонении(1); сахар(1)
keli	2	act|Tops	2	7	6	2.522	забава(2); забав(1); забавах(1); заигрывание(1); играми(1)
ketana	3	artifact|cognition|communication	3	7	6	2.522	знамя(2); знаменем(1); приглашение(1); стяге(1); узорами(1)
kolAhala	2	event|state	3	7	6	2.522	Колахала(2); Колахалу(1); крик(1); суматоха(1); шум(1)
kumBI	2	Tops|artifact	3	7	5	2.236	горшки(2); сосуд(2); горшок(1); котел(1); котелок(1)
kuwI	2	artifact|act	2	7	6	2.522	хижину(2); Лачужка(1); в жилище(1); знак(1); хижина(1)
lohitANga	2	object|Tops	2	7	6	2.522	Лохитанга(2); Краснотелый(1); Лохитангой(1); окрашенный кровью(1); планетам Марсам(1)
maYjUzA	2	artifact|plant	2	7	4	1.842	корзину(3); ларь(2); Корзина(1); Корзину(1)
majjan	2	body|plant	3	7	6	2.522	костный мозг(2); костного мозга(1); мозг(1); мозг в костях(1); мозгов(1)
manTAna	2	artifact|person	2	7	4	1.842	мутовка(3); мутовку(2); Мантхана(1); мутовкой(1)
manoBava	2	person|feeling	2	7	7	2.807	Камы(1); Манобхава(1); Маноджа(1); бог любви(1); любовное(1)
nigama	4	communication|cognition|artifact|location	5	7	7	2.807	Веды(1); Городские(1); Нигама(1); гильдия торговцев(1); нигамы(1)
nirhrAda	2	attribute|event	2	7	7	2.807	Звучащего(1); громомъ(1); гул(1); курлыканье(1); раскатов грома(1)
nisarga	3	attribute|person|state	2	7	7	2.807	естественным образом(1); отдача(1); по природе(1); природа(1); разрешение(1)
pAwava	2	cognition|state	2	7	7	2.807	Ваджроли(1); интенсивности(1); интенсивность(1); искусности(1); искусство(1)
pUra	5	substance|phenomenon|event|object|plant	4	7	6	2.522	вдоха(2); вода(1); заткнут(1); покрытая(1); полноводной(1)
pala	2	quantity|food	3	7	4	1.842	пала(3); пал(2); пале(1); палы(1)
parikzaya	2	event|act	2	7	6	2.522	прекращении(2); исчезновении(1); к концу(1); конец(1); на исходе(1)
parirakzaRa	2	act|Tops	3	7	7	2.807	защита(1); защитить(1); защищать(1); охрана(1); охране(1)
pawala	5	state|communication|artifact|substance|body	4	7	7	2.807	Паталы(1); груды(1); гряду(1); листе(1); окутывающая(1)
pippalI	2	plant|state	2	7	5	2.236	длинный перец(2); пиппали(2); длинного перца(1); перца(1); ягод(1)
praRiDi	2	person|act	2	7	4	1.842	шпионов(3); посланцы(2); посланцам(1); соглядатая(1)
prakASana	3	communication|Tops|event	0	7	7	2.807	обнаруживает щедрость и страстность(1); обнаруживая(1); очевидностью(1); проявление(1); раскрытие(1)
prasiti	2	act|attribute	3	7	5	2.236	область распространения(2); путь(2); в ловушку(1); заточения(1); ловушку(1)
prastara	2	substance|artifact	3	7	4	1.950	подстилка(2); скалы(2); солому(2); сиденье из травы и листьев(1)
pratIti	3	cognition|act|feeling	2	7	7	2.807	Понимание(1); верят(1); восприятие(1); любовное чувство(1); не подступиться(1)
punarAvftti	2	Tops|process	0	7	6	2.522	возврат(2); возвращается(1); возвращаются(1); возвращение(1); перерождению(1)
rIti	5	substance|cognition|object|attribute|communication	5	7	3	1.379	течение(4); поток(2); напор(1)
sAmanta	2	Tops|person	2	7	4	1.842	соседей(3); соседи(2); вассалы(1); соседу-союзнику(1)
sAtatya	2	attribute|time	2	7	6	2.522	непрерывно(2); всегда(1); ненасытно(1); постоянство(1); с постоянством(1)
sUtaka	3	substance|state|event	3	7	5	2.236	нечистота(2); при рождении(2); нечистота по случаю рождения(1); очистительных выделениях(1); рождения(1)
saMstara	2	artifact|act	2	7	7	2.807	жертвоприношения(1); законе(1); из подстилки(1); ковром(1); площадка жертвоприношения(1)
samA	3	Tops|person|time	3	7	5	2.128	годы(3); выполнения практики(1); выполняет(1); прижатием(1); продольный(1)
samutTAna	2	event|Tops	2	7	7	2.807	Растет(1); воскрешении(1); обоснование(1); объединении(1); совершаемый(1)
tAtparya	2	cognition|communication	2	7	5	2.128	смысл(3); благословение(1); выводу(1); определенности(1); цель(1)
tUla	2	artifact|group	3	7	7	2.807	ваты(1); метелка(1); парить(1); пух(1); хлопка(1)
tarpaRa	2	act|artifact	4	7	6	2.522	тарпана(2); насыщением(1); освежающей воды(1); угощение(1); удовлетворение(1)
tigmAMSu	2	person|object	2	7	7	2.807	Агни(1); Жарколучистый(1); Жгучелучистый(1); Пылающий(1); владыка жгучих лучей(1)
tinduka	2	Tops|quantity	2	7	3	1.149	тиндука(5); тиндака(1); эбеновое дерево(1)
upayoga	4	act|Tops|attribute|communication	4	7	5	2.236	соединению(2); употребление(2); вкушенный(1); расходует(1); употребляет(1)
vaha	2	artifact|person	4	7	6	2.522	привези(2); Отвези(1); Покрытой(1); возить(1); несущую(1)
varjana	4	act|attribute|cognition|state	3	7	7	2.807	Избегай(1); избегать(1); нерешительность(1); отказ(1); отражал(1)
vinivftti	2	event|state	2	7	6	2.522	прекращение(2); недопущения(1); освобожденья(1); прекращение смертей и рождений(1); приходит к концу(1)
virAga	2	feeling|state	4	7	6	2.522	бесстрастие(2); беспристрастно(1); бесстрастию(1); отвращения(1); отрешился(1)
vizkamBa	2	shape|artifact	3	7	7	2.807	диаметр(1); диаметром(1); о площади(1); протяженность(1); протяженностью(1)
vyApad	3	Tops|state|event	4	7	5	2.236	несчастья(2); погиб(2); бедствия(1); беды(1); погибший(1)
yugala	2	group|quantity	2	7	5	2.128	пару(3); мой(1); пара лошадей(1); стоп(1); стопам(1)
zaRqa	2	Tops|group	2	7	7	2.807	Шанды(1); бык(1); быка(1); заросли(1); заросль(1)
zawkarman	2	person|cognition	2	7	5	2.236	шаткармы(2); шестью занятиями(2); шаткарм(1); шесть занятий(1); шесть обязанностей(1)
zazWI	2	communication|time	3	7	6	2.522	Шаштхи(2); Шесть(1); на шестой день(1); родительном падеже(1); шестой(1)
AcCAdana	3	artifact|process|act	3	6	6	2.585	оболочек(1); одевании(1); одежде(1); одежду(1); одежды(1)
DarADara	2	object|person	0	6	5	2.252	горе(2); гора(1); горами(1); гору(1); горы(1)
GAta	2	act|artifact	5	6	6	2.585	гибелью(1); заклание скота(1); убийства(1); убийстве(1); ударов(1)
Palaka	4	location|artifact|substance|state	3	6	6	2.585	деревянная скамья(1); коры(1); кусок деревянной доски(1); лоб(1); площадка(1)
SarAva	2	artifact|quantity	3	6	6	2.585	Сосудами(1); кувшина(1); миска(1); миски(1); миской(1)
Satapattra	2	plant|Tops	2	6	5	2.252	дятел(2); дятлы(1); лотоса(1); лотосами(1); стоцветные(1)
aDivAsa	3	cognition|attribute|location	2	6	6	2.585	гнездятся(1); жили(1); нить(1); обитель(1); причастность(1)
aDvaga	2	person|animal	2	6	5	2.252	путник(2); мчаться по дороге(1); путешествующего(1); путнику(1); странникам(1)
aGora	2	communication|person	2	6	4	1.918	не страшным(2); не ужасен(2); без грозных(1); негрозным(1)
alakzmI	3	state|person|phenomenon	3	6	6	2.585	Алакшми(1); бедою(1); невзгодами(1); несчастьем(1); несчастья(1)
anuSaya	2	feeling|state	3	6	5	2.252	сожаление(2); анушая(1); раскаиваться(1); раскаяние(1); раскаяться(1)
apaharaRa	2	act|artifact	2	6	5	2.252	лишился(2); задумана(1); похитить(1); похищение(1); похищении(1)
aravinda	2	plant|substance	3	6	5	2.252	лотос(2); лотоса(1); лотосам(1); лотосами(1); лотосов(1)
banDaka	2	artifact|plant	0	6	6	2.585	погонщики(1); помехой(1); связан(1); связывает(1); связывают(1)
caya	5	quantity|group|process|Tops|act	3	6	6	2.585	груда(1); каскады(1); посыпанный(1); рой(1); слился(1)
cikIrzA	2	feeling|cognition	2	6	6	2.585	желая(1); исполнить(1); лишь(1); стараясь овладеть(1); устремления(1)
durganDa	2	cognition|plant	3	6	5	2.252	дурного запаха(2); дурно пахнущая(1); дурнопахнущую(1); зловоние(1); зловонном(1)
dvAtriMSat	2	quantity|state	0	6	4	1.792	тридцать два(3); Тридцать два(1); тридцать две(1); тридцатью двумя(1)
gokula	2	artifact|group	3	6	5	2.252	стада скота(2); Гокула(1); коровье стадо(1); скотном загоне(1); стадо коров(1)
hutavaha	3	act|person|process	2	6	6	2.585	Уносителя жертв(1); Уносящий жертвы(1); горячую схватку(1); жертвенные огни(1); огнем(1)
jugupsA	2	communication|feeling	2	6	2	0.650	отвращение(5); не желает(1)
jvAlA	2	process|phenomenon	2	6	5	2.252	пламя(2); Джвала(1); пылающим(1); сияющими потоками(1); языков пламени(1)
kakuBa	2	plant|person	2	6	2	0.918	какубха(4); Какубха(2)
kalaNka	2	Tops|state	2	6	5	2.252	позор(2); запятнал(1); затененной(1); пятна(1); пятно(1)
kambu	2	animal|substance	3	6	6	2.585	браслетами-раковинами(1); браслеты на запястьях(1); браслеты-раковины(1); раковинам(1); раковины(1)
karSana	2	act|attribute	3	6	4	1.792	губитель(3); панику(1); сокрушитель(1); сокрушитель врагов(1)
karaka	4	phenomenon|plant|animal|artifact	5	6	6	2.585	град(1); града(1); кувшинами(1); сосуд для воды(1); сосудами(1)
karavIra	3	Tops|plant|person	4	6	4	1.792	Каравира(3); каравира(1); каравиры(1); олеандр(1)
karzaka	3	substance|person|quantity	0	6	4	1.918	пахарем(2); пахарь(2); земледельца(1); пахаря(1)
kfSana	2	possession|substance	3	6	5	2.252	Жемчужина(2); жемчугами(1); жемчужина(1); жемчужиной(1); золотом(1)
krandas	2	communication|group	2	6	4	1.918	Два войска(2); две противоборствующие стороны(2); два отряда противников(1); шумных(1)
kuRqalinI	2	Tops|person	2	6	1	0.000	Кундалини(6)
kuWAra	2	artifact|Tops	0	6	4	1.918	топор(2); топором(2); Топорам(1); топорик(1)
kzAra	5	substance|food|act|process|state	5	6	6	2.585	едких(1); едкое вещество(1); едкой солью(1); сахар(1); соль(1)
kzIrin	2	plant|substance	3	6	6	2.585	дающие млечный сок(1); кширин(1); млечные(1); млечных(1); молоко(1)
mahAmAyA	2	person|Tops	2	6	6	2.585	Махамайя(1); великий морок(1); великое колдовство(1); великую иллюзию(1); всемогущую иллюзию(1)
mahApadma	2	group|animal	5	6	4	1.792	Махападма(3); Великого духом(1); Великому лотосу(1); Махападмы(1)
maru	2	location|substance	4	6	3	1.459	Мару(3); пустыня(2); Меру(1)
nizecana	2	act|event	2	6	1	0.000	излияние(6)
pAMSu	3	substance|Tops|food	0	6	3	1.252	пылью(4); Пыль(1); пыли(1)
pUtanA	2	plant|person	2	6	3	1.252	Путана(4); Путаной(1); Путану(1)
paYjara	2	communication|artifact	3	6	5	2.252	клетку(2); гнезде(1); клетка(1); клетке(1); клетке тела(1)
piNgAkza	2	person|animal	3	6	5	2.252	красноглазый(2); желтоглазого(1); с красными глазами(1); с ярко-красными глазами(1); темными глазами(1)
piSAcI	2	Tops|person	2	6	2	0.650	пишачи(5); пишачей(1)
pinAka	2	substance|artifact	3	6	5	2.252	трезубцами(2); (неясен)(1); дубину(1); лук(1); лук пинака(1)
pizwa	5	food|Tops|state|artifact|substance	2	6	6	2.585	Украшенную(1); муки(1); размолов(1); разотрет(1); растертыми(1)
praSvAsa	2	act|substance	0	6	2	0.918	выдох(4); выдоха(2)
prajanana	2	body|process	4	6	5	2.252	уд(2); в производстве(1); зачатие(1); произведение потомства(1); творческой силой(1)
prasidDi	2	act|cognition	3	6	5	2.252	известность(2); известно(1); прасиддхи(1); славу(1); успех(1)
pratIGAta	2	act|relation	2	6	6	2.585	в схватке(1); искоренение(1); ответный удар(1); предотвращение(1); препятствия(1)
pratiSraya	2	act|artifact	0	6	6	2.585	кров(1); местожительство(1); обитель(1); покои(1); прибежище(1)
pratyaNga	2	body|cognition	4	6	6	2.585	в тесных объятиях(1); всего(1); к щеке(1); разные части(1); тела(1)
pulaka	2	substance|cognition	4	6	3	1.459	дрожью волосков(3); волоски на теле(2); волоски(1)
rodana	2	process|body	2	6	4	1.792	Рыданиями(3); плач(1); плачешь(1); слез(1)
saMketa	2	communication|group	2	6	6	2.585	Конвенция(1); об условленной встрече(1); обыденным словоупотреблением(1); соглашение(1); уговорившись(1)
samudaya	3	Tops|event|state	2	6	6	2.585	взимание налогов(1); доходах(1); скопление(1); собрав(1); соединение(1)
spandana	2	attribute|event	3	6	4	1.918	движение(2); спандана(2); Спандана(1); брыкающаяся(1)
stamba	3	group|plant|object	5	6	5	2.252	травинки(2); густые заросли(1); кусты(1); охапке сена(1); стебель(1)
tejana	4	artifact|act|plant|location	4	6	4	1.918	бамбук(2); острие(2); древко(1); прохожие(1)
trika	2	body|quantity	3	6	6	2.585	крестец(1); по три(1); три(1); триада(1); триаду(1)
trilocana	2	person|substance	3	6	5	2.252	Трехглазый(2); незавидный(1); треоком(1); трехглазом(1); трёхокую(1)
truwi	3	quantity|food|plant	0	6	3	1.459	трути(3); триада(2); Трути(1)
ukti	2	cognition|communication	2	6	5	2.252	говорится(2); выражена(1); методе(1); связана(1); хвалу(1)
utpAda	2	act|event	2	6	5	2.252	возникает(2); возникновение(1); появление(1); производятся(1); рождением(1)
vArAha	4	time|artifact|communication|person	4	6	3	1.459	вепря(3); Вараха(2); свинины(1)
vAstu	5	location|act|artifact|attribute|shape	2	6	5	2.252	поселения(2); жилье(1); на месте(1); обители(1); пристанища(1)
vanDura	2	artifact|location	2	6	6	2.585	в кузове(1); кузов(1); передком(1); сиденье колесницы(1); сиденья(1)
vartana	3	Tops|possession|state	2	6	6	2.585	Сосредотачивается(1); вращение(1); двигатель(1); движение(1); изменились(1)
vikrAnta	4	attribute|animal|group|substance	6	6	5	2.252	могучего(2); могучий(1); о доблести(1); отвагу(1); смелого(1)
vizARin	3	Tops|animal|person	3	6	5	2.252	рога(2); буйволов(1); вишанин(1); рогатые(1); с бивнями(1)
vizwara	3	artifact|location|plant	3	6	5	2.252	в мягкое сидение(2); на сиденьи(1); сидение(1); циновках(1); циновку(1)
vyAGrI	2	Tops|animal	2	6	6	2.585	тигриц(1); тигрица(1); тигрицами(1); тигрице(1); тигрицу(1)
vyaNga	3	state|person|substance	4	6	6	2.585	без членов(1); калек(1); приставучая(1); пятном(1); увечные(1)
yugma	3	quantity|group|person	4	6	5	2.252	пару(2); В четные(1); колесницами(1); обеих(1); пары(1)
AGAta	2	act|state	2	5	5	2.322	бойне(1); соединения(1); удар(1); ударами(1); цимбалы(1)
ApyAyana	2	process|act	2	5	5	2.322	Удовлетворив(1); благе(1); насладиться(1); приводящий(1); средством усиления(1)
Ara	2	substance|artifact	3	5	4	1.922	Ара(2); взял(1); остановиться(1); послужили(1)
Asava	2	act|food	3	5	4	1.922	наливка(2); вино(1); вином(1); душа(1)
Ba	2	communication|location	3	5	5	2.322	Махападма(1); бха(1); был(1); пищу(1); созвездие(1)
Bftaka	2	Tops|person	2	5	4	1.922	слуга(2); нанятого(1); слугами(1); слуге(1)
DenukA	2	animal|plant	4	5	5	2.322	Дхенука(1); Дхенуке(1); буренушку(1); дойной коровой(1); коров(1)
Kagama	2	artifact|animal	3	5	5	2.322	Кхагама(1); летящими(1); небожители(1); пущенными(1); стрелами(1)
Kalva	2	artifact|plant	2	5	4	1.922	горох(2); зерна кхалва(1); зерна кхалвы(1); кхалва(1)
SirastrARa	2	artifact|body	2	5	3	1.371	шлем(3); головные уборы(1); шлеме(1)
SrIKaRqa	2	plant|substance	2	5	4	1.922	сандала(2); Сандал(1); Шрикханда(1); сандаловое(1)
SuNga	2	plant|Tops	4	5	2	0.722	росток(4); Росток(1)
anupraveSa	2	process|relation	0	5	5	2.322	вошел(1); входит(1); вхождение(1); питание(1); уничтожающего(1)
avaDi	2	time|artifact	3	5	5	2.322	время(1); когда(1); нетронутость(1); сокрушал(1); уничтожал(1)
bADA	2	event|cognition	0	5	5	2.322	гнета(1); мучаясь(1); мучения(1); прогонишь мучения(1); противоречия(1)
cAwu	2	artifact|communication	2	5	5	2.322	ласки(1); ласково(1); ласковых(1); ласковых речей(1); льстивых(1)
codana	2	Tops|cognition	2	5	3	1.522	побуждает(2); побуждение(2); стезю(1)
damana	3	Tops|act|person	3	5	2	0.722	Дамана(4); убиваю(1)
hanman	2	artifact|act	2	5	2	0.722	ударом(4); убийственным оружием(1)
jaraRa	3	Tops|food|plant	5	5	4	1.922	старых(2); лежащих(1); на старые (дрова)(1); старости(1)
kUrca	3	body|artifact|group	6	5	5	2.322	Курча(1); курча(1); пук травы(1); с сиденья(1); сиденья(1)
kaRqUti	2	cognition|feeling	3	5	3	1.371	зуд(3); Кандути(1); почесываются(1)
kakudmant	2	animal|object	0	5	4	1.922	Горбатый(2); горбатый(1); горбатый бык(1); из нутра которого вырывается гулкое мычание(1)
kalpanA	3	act|Tops|cognition	4	5	3	1.371	приписывают(3); представление(1); примысливание(1)
karmAnta	4	cognition|Tops|act|group	3	5	5	2.322	Мастерские(1); делами(1); исполнение работ(1); мастерской(1); отрасли хозяйства(1)
kftaka	2	food|artifact	3	5	5	2.322	под чужим видом(1); притворной(1); продажных(1); сделана(1); сделанный(1)
kleda	3	process|state|body	3	5	5	2.322	влажности(1); влажность(1); влажность вод(1); капли(1); секреции(1)
kozWa	3	body|artifact|shape	4	5	5	2.322	амбар(1); амбары(1); желудке(1); кладовых(1); сокровища(1)
kuNkuma	2	plant|food	2	5	3	1.371	шафран(3); шафрановой краски(1); шафраном(1)
kzepa	5	act|process|communication|Tops|artifact	4	5	4	1.922	по случаю проявления надменности(2); движение(1); обиду(1); ругательства(1)
lopa	4	process|event|act|person	5	5	4	1.922	нарушение(2); нарушения(1); отрицание(1); элизия(1)
mAtfkA	4	body|communication|person|attribute	4	5	4	1.922	матерью(2); букву-матрицу(1); кормилице(1); мать(1)
mAzaka	2	quantity|plant	3	5	3	1.522	бобы(2); машу(2); машака(1)
maDuka	3	plant|Tops|substance	2	5	3	1.522	Мадхука(2); лакрицы(2); Мадхуке(1)
maDukara	2	animal|person	2	5	3	1.522	пчел(2); пчелы(2); пчела(1)
mahIBft	2	person|object	2	5	5	2.322	Хималаи(1); владыкам земли(1); горы(1); поддерживающие Землю(1); царь богоравный(1)
malayaja	2	plant|substance	2	5	5	2.322	Малайи(1); растущими на горах Малая(1); сандаловые(1); сандаловый(1); сандаловым(1)
manonmanI	3	state|plant|person	0	5	2	0.722	Манонмани(4); манонмани(1)
miti	3	Tops|attribute|quantity	2	5	3	1.371	водружение(3); изменение(1); измерение(1)
niSAcarI	3	Tops|animal|person	4	5	5	2.322	бродящая в ночи(1); демоница(1); демонице(1); пишачи из «тех, что бродят в ночи»(1); ракшаси(1)
nirvftti	2	process|Tops	2	5	4	1.922	осуществление(2); совершения указанного выше типа жертвоприношений и прочих действий(1); устраняются(1); функционирование(1)
pAzARa	3	substance|artifact|Tops	2	5	5	2.322	камней(1); камни(1); куски скалы(1); породе(1); скалы(1)
parizvaNga	2	act|state	2	5	4	1.922	объятие(2); обнимает(1); объятиям(1); объятиями(1)
peSI	2	body|animal	3	5	5	2.322	бубны(1); ком(1); мышц(1); мышцы(1); части(1)
prAsah	2	act|attribute	2	5	4	1.922	властный(2); властью(1); могучий(1); могущественный(1)
praSAnti	2	process|act	2	5	5	2.322	мир(1); покоя(1); полный покой(1); спокойствии(1); успокоение(1)
prakarza	5	attribute|act|Tops|cognition|time	4	5	5	2.322	далеким(1); массивности(1); обилие(1); подробно(1); пудре(1)
pratiniDi	2	attribute|person	3	5	4	1.922	замена(2); заменит(1); заменяющее правило(1); представил(1)
pratyutTAna	2	attribute|process	2	5	5	2.322	вставание(1); вставанием(1); встать и пойти навстречу(1); гостеприимства(1); идет навстречу(1)
puzwa	2	state|Tops	3	5	5	2.322	в процветание(1); в цветущих владениях(1); на ниве процветания(1); накормлен(1); процветание(1)
rAjIva	2	plant|animal	3	5	5	2.322	гряда(1); лотос(1); лотосами(1); лотосы(1); раджива(1)
rUpya	3	substance|communication|possession	2	5	3	1.522	серебра(2); серебром(2); чистой(1)
ranDra	4	object|body|quantity|state	5	5	5	2.322	в уязвимые места(1); открытое (предупреждение)(1); разверзлась(1); слабые стороны(1); слабым местом(1)
rasA	2	object|location	3	5	3	1.522	Расой(2); Расы(2); Раса(1)
raya	2	event|attribute	3	5	5	2.322	богатства(1); затопленный(1); полет(1); поток(1); течение(1)
rujA	2	state|cognition	2	5	5	2.322	Расколи(1); боль(1); измяли(1); расколи(1); страданием(1)
sAraNga	2	animal|person	3	5	5	2.322	Антилопы(1); Пятнистого(1); Разноцветного(1); олень(1); серны(1)
sImanta	2	body|act	2	5	4	1.922	пробор(2); пробору(1); темени(1); темя(1)
sUcImuKa	2	act|substance	2	5	4	1.922	иглорылые(2); Острие иглы(1); Острием иглы(1); в острие иглы(1)
saMcaraRa	2	act|event	3	5	3	1.522	в совместном походе(2); исхоженные(2); в совместном течении(1)
sadAgati	2	phenomenon|person	2	5	5	2.322	богу ветра(1); бушующий ветер(1); вечно движущееся(1); вечный скиталец(1); пребывающий в вечном движении(1)
samudAcAra	2	Tops|cognition	0	5	5	2.322	добродетель(1); поведение(1); подвигах(1); праведное поведение(1); приветствие(1)
sevana	3	act|process|Tops	6	5	5	2.322	отношений(1); посещение(1); почитание(1); страсть(1); услужение(1)
sirA	2	body|object	5	5	5	2.322	вен(1); венами(1); вены(1); жилы(1); на реках(1)
suzira	3	artifact|object|state	3	5	3	1.522	отверстие(2); полость(2); полую(1)
svacCa	2	possession|substance	7	5	3	1.522	очевидно(2); чистота(2); прозрачность(1)
svarasa	2	act|substance	2	5	5	2.322	естественное чувство(1); самосущая(1); свой красный сок(1); сладкоголосые(1); соки(1)
tAqana	2	process|act	2	5	4	1.922	удары(2); избивали(1); наказывая(1); стучит(1)
tAruRya	2	attribute|time	2	5	5	2.322	молодость(1); созрела(1); юности дни(1); юность(1); юностью(1)
tarza	2	feeling|state	2	5	5	2.322	Жажду(1); Ману(1); жаждущие(1); жажды(1); желание(1)
trivikrama	2	person|artifact	3	5	3	1.522	Тривикрама(2); три шага(2); Три шага прошедший(1)
ucCraya	2	attribute|state	3	5	5	2.322	вершины(1); водружение(1); высота(1); высотой(1); высотою(1)
ucCvAsa	4	act|communication|process|substance	3	5	4	1.922	бушевании(2); вздоха(1); дыхание(1); не выдыхая(1)
udAtta	2	attribute|communication	2	5	5	2.322	возносили(1); высоким(1); торчащие вверх(1); ударения(1); удатта(1)
upaSruti	2	act|cognition	3	5	3	1.522	пророческим голосам(2); чтобы прислушаться(2); услышав(1)
upamarda	2	act|phenomenon	2	5	4	1.922	разрушение(2); обиды(1); попорчено(1); превращение(1)
uzRatA	3	phenomenon|process|state	0	5	2	0.722	жар(4); теплота(1)
vAtsalya	2	Tops|feeling	2	5	5	2.322	любви(1); любовь(1); материнской любви(1); отеческой любовью(1); родительская любовь(1)
vahana	2	artifact|act	3	5	4	1.922	перевозка(2); несут(1); оттого что уносишь(1); работы(1)
vfnta	2	plant|artifact	2	5	4	1.922	стебля(2); пресмыкающегося(1); с ветки(1); черенков(1)
viSleza	3	attribute|event|state	2	5	3	1.522	разлуки(2); расставание(2); разлуке(1)
vidArI	3	Tops|cognition|state	0	5	1	0.000	видари(5)
yamaka	4	artifact|communication|Tops|substance	6	5	4	1.922	ямака(2); Ямака(1); двойные(1); ямаки(1)
AsrAva	3	process|body|cognition	2	4	2	0.811	истечения(3); истечение(1)
AzAQa	3	time|artifact|object	5	4	3	1.500	Ашадха(2); ашадха(1); лѣтомъ(1)
Cedya	2	cognition|act	2	4	4	2.000	знаки(1); ласки(1); нанесение царапин(1); укус(1)
DAma	2	person|process	2	4	3	1.500	Дхамы(2); срединный канал(1); чарующую обитель(1)
DrAji	2	Tops|event	0	4	4	2.000	порыв(1); порыву(1); приступ(1); с порывом(1)
SaRa	3	substance|plant|Tops	2	4	2	0.811	конопля(3); коноплю(1)
Salyaka	2	animal|plant	2	4	4	2.000	Шальяка(1); дикобраз(1); еж(1); ежом(1)
ajIrRa	3	cognition|state|substance	3	4	4	2.000	болезни(1); еще прочную(1); не переварился(1); плохое пищеварение(1)
anuBAva	3	attribute|cognition|event	4	4	4	2.000	духом(1); причине(1); сила подвижника(1); твердое мнение(1)
anujA	2	person|plant	2	4	3	1.500	младшую сестру(2); младшая сестра(1); младшие(1)
anusAra	2	communication|act	0	4	4	2.000	обычаем(1); по следам(1); следуя(1); согласно(1)
arGa	2	communication|possession	2	4	4	2.000	достойным(1); почетное питье(1); стоимости(1); цену(1)
atasI	2	plant|substance	2	4	3	1.500	лен(2); Атаси(1); среди призывов(1)
azWIlA	2	state|substance	2	4	3	1.500	ком(2); наросты(1); оболочка хлопкового зернышка(1)
bAlikA	2	person|state	0	4	4	2.000	Девушка(1); девушка(1); девушку(1); дочь(1)
bIjin	2	Tops|person	2	4	3	1.500	владелец семени(2); обладающий семенем(1); семени(1)
boDana	3	process|act|cognition	4	4	4	2.000	воодушевления(1); обнаруживающей(1); признать(1); сознание(1)
cAmIkara	2	substance|plant	2	4	2	0.811	золотом(3); золотым(1)
dArQya	2	attribute|state	2	4	4	2.000	крепость(1); окрепла(1); силой(1); твердое убеждение(1)
dAtra	2	artifact|possession	2	4	3	1.500	дар(2); дары(1); серп(1)
durdina	2	state|event	2	4	4	2.000	дождь(1); ненастную погоду(1); ненастные дни(1); скверный день(1)
dvipAd	2	animal|person	0	4	4	2.000	Двуногий(1); двуногий(1); двуногого(1); со слона(1)
ganDavaha	2	person|phenomenon	3	4	4	2.000	Благоуханной(1); ветер(1); ветры(1); разносящий запах(1)
granTika	2	plant|shape	0	4	2	0.811	Грантхика(3); астрологи(1)
haryakza	2	animal|person	2	4	3	1.500	Желтоглазый(2); глаза у него были львиные(1); словно грива льва(1)
jasu	2	attribute|state	1	4	4	2.000	бессилие(1); голодного(1); голодному(1); усталость(1)
kola	5	food|quantity|animal|artifact|plant	6	4	4	2.000	китайский финик(1); кола(1); колы(1); плодом ююбы(1)
kowara	3	shape|object|substance	2	4	3	1.500	дупло(2); дуплами(1); пустых стволах деревьев(1)
kroqa	2	animal|body	4	4	3	1.500	грудь(2); Грудь(1); груди(1)
kuYcikA	2	artifact|plant	2	4	4	2.000	Ваджроли(1); довольно(1); ключ(1); ключом(1)
kuhara	2	body|shape	2	4	3	1.500	пещере(2); Кухара(1); кукованье(1)
kusIda	2	act|possession	4	4	2	1.000	ростовщичество(2); ростовщичеством(2)
kzitiBft	2	object|person	3	4	3	1.500	владыка(2); великое множество их(1); цари(1)
kzullaka	2	substance|animal	2	4	2	1.000	маленьким(2); малые(2)
leKa	2	communication|person	4	4	4	2.000	письмо(1); следов(1); строки(1); царапинами от ногтей(1)
lepa	4	act|artifact|process|attribute	5	4	4	2.000	мазь(1); пятна(1); пятно(1); пятнышка(1)
lepana	2	act|substance	3	4	4	2.000	нанесение пепла(1); обмазанные(1); покрыть(1); скрепляющим веществом(1)
mAndya	2	attribute|cognition	2	4	3	1.500	ослабленности(2); болезнь(1); ослаблении(1)
mArtARqa	3	animal|object|person	3	4	3	1.500	Мартанду(2); Мартанда(1); птица(1)
mahAmuKa	2	artifact|person	0	4	4	2.000	большой рот(1); громадный рот(1); рта(1); с огромными пастями(1)
nIra	3	food|substance|plant	3	4	4	2.000	вкус воды(1); водой(1); воды(1); дожди(1)
nandi	2	feeling|state	2	4	3	1.500	Нандином(2); радость(1); удовлетворение(1)
nartana	2	act|person	3	4	3	1.500	нартана(2); танцев(1); танцовщиком(1)
nimajjana	2	act|event	2	4	4	2.000	избавляясь(1); исчезновение(1); опускается(1); поглощать(1)
nipAna	2	act|artifact	3	4	4	2.000	водопое(1); водопоя(1); на водопое(1); пруду(1)
niryUha	2	act|food	2	4	3	1.500	башенками(2); заостренные колья(1); шлемов(1)
pARigrahaRa	2	act|state	0	4	4	2.000	в день свадьбы(1); взял руку(1); замуж(1); замужеству(1)
parisADana	2	Tops|act	2	4	4	2.000	Совершить(1); завершить(1); исполнить(1); урегулирования(1)
piwaka	2	artifact|state	3	4	3	1.500	корзина(2); дорогими тканями(1); корзину(1)
prAReSvara	2	artifact|person	3	4	4	2.000	Владыка жизни(1); владыка жизни(1); господином(1); мужа-властелина(1)
praRASa	2	event|state	2	4	4	2.000	гибель(1); потеря(1); похищение(1); устранение(1)
praSamana	2	act|artifact	4	4	3	1.500	Усмиряющее(2); убережение(1); успокоить(1)
pracCardana	2	act|artifact	2	4	2	0.811	выдох(3); выдыхая(1)
prakopa	3	cognition|feeling|state	2	4	3	1.500	возмущение(2); гнев(1); злоба(1)
prasara	5	cognition|act|artifact|event|plant	0	4	4	2.000	воли(1); выпускание наружу(1); стекающего(1); успех(1)
pratAna	3	act|plant|shape	2	4	3	1.500	побегов(2); вьющиеся(1); на отростке(1)
prekzaRa	2	act|body	3	4	4	2.000	взглядомъ(1); взглядывает(1); зрелища(1); следит(1)
raYjana	5	process|artifact|substance|act|plant	6	4	4	2.000	ликовании(1); радующий людей(1); радующих(1); усладить(1)
rasajYa	2	person|body	4	4	4	2.000	Знающий сладость(1); познавший вкус(1); почувствуют вкус(1); чувствуя(1)
sAcivya	2	Tops|state	2	4	3	1.500	помощь(2); услуга(1); услугу(1)
sampatti	4	event|Tops|attribute|feeling	3	4	4	2.000	благосклонны(1); богатство(1); процветание(1); состояние сосредоточения(1)
svAdman	2	attribute|feeling	2	4	3	1.500	вкус(2); сладость(1); сладостью(1)
svAsTya	2	process|state	2	4	3	1.500	здоровье(2); самообладание(1); спокойствие(1)
tArADipa	2	object|person	0	4	4	2.000	владыке звезд(1); владыку звезд(1); луна, повелитель звезд(1); светоч(1)
tanUruha	2	body|animal	2	4	4	2.000	волоски на его теле поднялись(1); волоски на теле(1); из собственной шерсти(1); шерсть(1)
udgama	2	event|object	2	4	4	2.000	возникновение(1); отягощенные(1); под ношей(1); поднятие(1)
upajihvikA	2	animal|state	3	4	2	1.000	муравьев(2); термит(2)
utkramaRa	2	act|event	3	4	3	1.500	выход(2); выходами(1); об уходе(1)
uttarottara	2	attribute|communication	4	4	4	2.000	все более и более высокие(1); последовательно(1); последующих(1); севернее(1)
uzman	2	communication|phenomenon	2	4	3	1.500	жара(2); жар(1); жаром(1)
vAlukA	2	substance|artifact	2	4	4	2.000	из песка(1); песка(1); песком(1); песок(1)
vAnarI	2	Tops|animal	2	4	3	1.500	обезьяна(2); и обезьян(1); самки обезьян(1)
vAsaka	3	Tops|artifact|process	0	4	4	2.000	которая на очереди(1); очереди(1); очередь(1); черед(1)
varRaka	4	Tops|artifact|attribute|communication	4	4	3	1.500	краски(2); благовонная мазь(1); притирания(1)
viDura	2	body|state	4	4	4	2.000	беспомощная(1); несчастный(1); пьяным-пьяны(1); удрученная(1)
viSvamBara	2	animal|person	0	4	3	1.500	поддерживающий все(2); огонь(1); очищает землю(1)
vicCeda	2	Tops|act	2	4	4	2.000	замедление(1); неразрушимой(1); регулирование(1); убрать(1)
vilepana	2	act|artifact	3	4	3	1.500	притирания(2); благовония(1); благовонья(1)
viwapa	2	plant|body	2	4	4	2.000	ветви(1); ветки(1); на ветвях(1); ростками(1)
vyatireka	3	relation|state|attribute	3	4	4	2.000	отрицательная пропозиция(1); различие(1); различности(1); разницы(1)
yogyatA	2	attribute|cognition	2	4	3	1.500	способность(2); готов(1); пригодность(1)
ADikya	2	attribute|state	2	3	3	1.585	больше(1); пережить(1); успех(1)
ARi	2	body|artifact	3	3	3	1.585	как(1); ось(1); чеке(1)
AcaraRa	2	act|Tops	2	3	3	1.585	к приходам(1); повозке(1); совершение(1)
AmnAya	2	cognition|communication	3	3	3	1.585	изучением вед(1); обычай(1); священные тексты(1)
AnupUrva	2	attribute|Tops	3	3	3	1.585	в последовательном порядке(1); по очереди(1); предками(1)
Avali	3	artifact|Tops|communication	2	3	3	1.585	изборождены(1); ожерелье(1); ряд(1)
GawikA	2	time|artifact	3	3	2	0.918	гхатика(2); Мера времени ghaṭika(1)
SUkara	2	animal|artifact	2	3	3	1.585	вепря(1); шукаров(1); шукары(1)
SalAkA	2	artifact|object	3	3	3	1.585	карандашом(1); палочкой(1); прутом(1)
Uzara	2	substance|food	3	3	3	1.585	бесплодную почву(1); в соленую почву(1); соленой почве(1)
aBitApa	2	cognition|state	3	3	3	1.585	боль(1); от преграждения(1); печаль(1)
aSan	2	substance|Tops	3	3	3	1.585	камнем(1); камнями(1); поел(1)
alAbu	2	plant|artifact	2	3	2	0.918	из тыквенного сосуда(2); тыквенная бутыль(1)
alAta	2	substance|communication	2	3	3	1.585	головню(1); на угли(1); раскаленный(1)
anukAra	2	act|attribute	2	3	3	1.585	принятие(1); принятии(1); следуют(1)
anukaraRa	2	act|communication	2	3	2	0.918	подражание(2); имитацию(1)
anukrama	2	attribute|Tops	2	3	3	1.585	в должном порядке(1); порядка(1); постепенно(1)
anuyAna	2	Tops|act	0	3	3	1.585	свиты(1); следовать(1); сопровождающим(1)
apanayana	2	act|process	2	3	3	1.585	выманить(1); похищения(1); стирая(1)
atiSarvara	2	location|time	2	3	2	0.918	во время (обрядов,) что длиннее ночи(2); в глубине(1)
atisarga	2	attribute|communication	2	3	3	1.585	позволением(1); расторопность(1); соизволению(1)
avalokana	2	process|cognition	0	3	3	1.585	видя(1); посмотреть(1); ясному восприятию истинной природы Бога(1)
cApalya	2	substance|attribute	2	3	2	0.918	непостоянство(2); непоседливость(1)
cikura	2	body|substance	3	3	2	0.918	волосы(2); Чикура(1)
devapurohita	2	object|person	1	3	3	1.585	домашний жрец богов(1); жреца богов(1); наставник богов(1)
droRI	3	shape|artifact|object	4	3	2	0.918	ванну(2); сосуд(1)
gaRanA	3	act|attribute|communication	0	3	3	1.585	не размышляют(1); счете(1); считаетъ(1)
gardaBI	2	animal|plant	2	3	2	0.918	ослицей(2); ослица(1)
gargara	2	artifact|object	2	3	2	0.918	водоворотов(2); вихри(1)
kArSya	2	attribute|plant	2	3	3	1.585	изнурял(1); исхудавъ(1); стройность(1)
kArpAsa	2	plant|artifact	2	3	3	1.585	хлопка(1); хлопкового волокна(1); хлопковый(1)
kIla	4	artifact|Tops|state|communication	4	3	3	1.585	гору Индракилу(1); изумруда(1); следы клиньев(1)
kaRqarA	2	body|state	2	3	3	1.585	Кандара(1); мышцы(1); нервных волокон(1)
kajjala	2	substance|artifact	2	3	2	0.918	коллирия(2); коллирий(1)
kapAlikA	2	substance|object	2	3	2	0.918	черепки(2); черепок(1)
kapilA	5	animal|substance|plant|Tops|person	8	3	2	0.918	Капила(2); коров «капила»(1)
karmAra	2	person|plant	3	3	3	1.585	кузнец(1); кузнеца(1); кузнецы(1)
karza	3	quantity|substance|act	3	3	2	0.918	карша(2); Тяни(1)
kiRa	2	cognition|state	3	3	3	1.585	затвердевшем(1); мозоль(1); шрамы(1)
kiSora	2	process|animal	3	3	2	0.918	жеребенок(2); к жеребенку(1)
lAYCana	2	Tops|state	2	3	2	0.918	пятно(2); отметина(1)
mUza	2	artifact|animal	3	3	1	0.000	крысы(3)
maDyadeSa	3	body|location|person	3	3	3	1.585	Мадхьядеша(1); Мадхьядешей(1); Срединная страна(1)
maRqUkI	2	animal|plant	2	3	3	1.585	лягушкой(1); с самкой лягушки(1); самка лягушки(1)
maRqa	4	artifact|food|animal|plant	5	3	3	1.585	вино(1); накипь(1); пленке(1)
mecaka	3	body|substance|food	3	3	3	1.585	темный(1); темный плащъ(1); черная(1)
mfRAla	2	substance|plant	2	3	3	1.585	лотоса тонком стебле(1); подводному стеблю лотоса(1); стебли лотоса(1)
nAndI	2	artifact|communication	2	3	3	1.585	Действие(1); ночи(1); радость(1)
napuMsaka	2	person|communication	3	3	3	1.585	бесполый(1); среднего рода(1); среднее(1)
narman	5	act|Tops|attribute|communication|feeling	2	3	3	1.585	веселое(1); насмешки(1); радость(1)
nirgama	2	act|event	2	3	3	1.585	возвращения(1); выбраться(1); отправления(1)
niryAsa	3	food|substance|process	3	3	3	1.585	благовонные(1); сгущенным(1); соком(1)
nisyanda	4	event|object|process|substance	2	3	3	1.585	бояться(1); жилами(1); поток(1)
nizeka	3	process|act|event	2	3	2	0.918	при зачатии(2); зачатие(1)
pAraSava	2	person|substance	4	3	2	0.918	парашава(2); из железа(1)
pAwalA	2	Tops|person	2	3	2	0.918	Патала(2); патала(1)
paYcavaktra	2	person|artifact	0	3	3	1.585	Панчавактра(1); с пятью пастями(1); у которой пять пастей(1)
plIhan	2	state|body	3	3	3	1.585	болезни селезенки(1); из селезенки(1); селезенку(1)
pota	2	artifact|animal	3	3	3	1.585	корабль(1); лодке(1); птенцов(1)
potaka	2	animal|substance	2	3	2	0.918	детеныши(2); Потака(1)
prAnta	4	location|artifact|event|shape	4	3	3	1.585	ветвями(1); конец(1); предел(1)
prAramBa	2	act|event	2	3	3	1.585	вначале(1); предвещает(1); предприятия(1)
praSAKA	2	body|plant	3	3	3	1.585	ветвям(1); на ветвях(1); сучьев(1)
pradarSana	3	attribute|Tops|communication	2	3	2	0.918	видом(2); явление(1)
prasrava	3	event|object|process	3	3	3	1.585	водопады(1); потоками(1); сосание(1)
puMstva	2	attribute|body	3	3	3	1.585	мужественности(1); мужское естество(1); мужскую природу(1)
puYja	3	quantity|attribute|group	2	3	3	1.585	куча(1); окутанную мглой(1); пудре(1)
rAjavallaBa	2	artifact|substance	2	3	3	1.585	любимого павлина раджи(1); любимцев царя(1); царский любимец(1)
rUpaka	2	communication|quantity	2	3	2	0.918	образа(2); облик(1)
rakzoGna	2	plant|communication	3	3	2	0.918	отвращающие ракшасов(2); убиения ракшасов(1)
recaka	2	substance|Tops	2	3	3	1.585	выдох(1); выдох (речака)(1); выдоха(1)
rucaka	4	food|body|artifact|plant	4	3	3	1.585	Лимонов(1); лимонов(1); ручака(1)
saMharza	2	act|state	2	3	3	1.585	на радостях(1); радости(1); соперничеством(1)
saMsparSana	2	event|act	2	3	2	0.918	прикосновение(2); прикосновения(1)
samfti	2	act|event	3	3	1	0.000	в столкновении(3)
samparka	2	act|event	3	3	3	1.585	прикосновенья(1); соединения(1); тратить(1)
samudrAntA	2	plant|location	2	3	3	1.585	вплоть до границ океана(1); вплоть до самых границ океана(1); окаймленную океаном(1)
saptaka	2	quantity|time	2	3	2	0.918	семь(2); группе из семи(1)
surAlaya	2	artifact|location	4	3	1	0.000	обитель богов(3)
svarRa	2	substance|food	2	3	3	1.585	золота(1); золото(1); золотым(1)
tApana	4	act|object|process|substance	5	3	3	1.585	жар(1); жгучее(1); опаляющий(1)
tapa	3	person|attribute|time	3	3	3	1.585	аскезу(1); о покоритель врагов(1); о сокрушитель врагов(1)
trikUwa	2	food|substance	3	3	2	0.918	Трикута(2); Трикуты(1)
trinetra	3	person|artifact|substance	3	3	3	1.585	Треокого(1); с тремя оками(1); трехглазый(1)
tuhina	2	phenomenon|substance	3	3	2	0.918	иней(2); холодную(1)
tuzAra	3	phenomenon|substance|person	2	3	3	1.585	дымкой(1); потускневшим(1); снега(1)
udDaraRa	3	act|event|food	3	3	3	1.585	избавитель(1); поднятие(1); спасти(1)
unmeza	3	act|event|process	3	3	3	1.585	вспышкой(1); мгновение ока(1); унмеша(1)
upaSAnti	2	event|process	2	3	3	1.585	вырваться(1); избавления(1); избежавшую(1)
upaveSana	2	act|process	2	3	3	1.585	садится(1); склонясь(1); усаживается(1)
uqupati	2	object|person	2	3	3	1.585	Владыка звезд(1); Луне(1); лунным(1)
utseka	2	attribute|feeling	2	3	3	1.585	высокомерна(1); гордыню(1); преобладает(1)
vAwikA	2	artifact|possession	0	3	2	0.918	сад(2); роще(1)
vaMSya	2	person|Tops	3	3	3	1.585	предки(1); предков(1); родичей(1)
vakzaTa	2	Tops|process	2	3	3	1.585	возрастании(1); рост(1); чтобы сильно укрепить(1)
varANga	2	body|substance	2	3	3	1.585	бесценные головы(1); голова(1); головы(1)
vetra	2	plant|artifact	2	3	3	1.585	Ветра(1); ветра(1); тростники(1)
vezwana	2	artifact|act	3	3	3	1.585	головную повязку(1); головные уборы(1); оградой(1)
vidala	2	plant|food	3	3	2	0.918	бамбука(2); тростника(1)
vikartana	2	object|person	2	3	1	0.000	Викартана(3)
vipruz	2	quantity|object	2	3	3	1.585	капли(1); капля воды(1); крошки(1)
visramBa	2	Tops|cognition	0	3	3	1.585	Спокойно(1); доверие(1); доверительных(1)
waNka	4	quantity|substance|artifact|Tops	4	3	2	0.918	Танки(2); террасах(1)
yonidvAra	2	body|event	0	3	2	0.918	Врата Лона(2); врат лона(1)
AbADa	4	event|state|act|cognition	4	2	2	1.000	натиск(1); недуги(1)
AsAra	2	event|phenomenon	2	2	1	0.000	ливень(2)
AvApa	2	process|act	3	2	2	1.000	браслет(1); добавлена(1)
BUcara	2	substance|process	0	2	2	1.000	бродящие по земле(1); бродящий по земле(1)
BUmiDara	2	object|quantity	3	2	2	1.000	гора(1); горы(1)
Bavya	3	time|plant|state	5	2	2	1.000	благим(1); из того, что будет(1)
Bukta	3	Tops|act|food	4	2	2	1.000	радости(1); съевший(1)
CAdana	3	act|Tops|artifact	2	2	2	1.000	завесу(1); скрыть(1)
Cadis	2	artifact|Tops	2	2	1	0.000	крышу(2)
DAvana	2	act|substance	2	2	1	0.000	чистка(2)
DUpana	2	substance|act	3	2	2	1.000	благовониями(1); воскурений(1)
GawA	2	group|act	2	2	2	1.000	праздничных сборищ(1); сосуды(1)
PUtkAra	3	event|act|process	0	2	2	1.000	втягивать воздух(1); втягивая(1)
SARa	2	quantity|artifact	4	2	2	1.000	пеньки(1); шана(1)
SItaraSmi	2	object|person	2	2	2	1.000	хладнолучистая(1); хладных лучей(1)
Samana	2	act|person	4	2	2	1.000	смирять(1); уврачевать(1)
SamyAka	2	Tops|plant	0	2	1	0.000	шамьяка(2)
Sleza	2	act|communication	2	2	2	1.000	расширение(1); союз(1)
SrAvaka	2	artifact|person	2	2	2	1.000	монах(1); учеников(1)
SrIparRI	2	plant|Tops	0	2	1	0.000	шрипарни(2)
abDi	2	object|quantity	2	2	2	1.000	океан(1); океана(1)
agnija	2	person|substance	0	2	2	1.000	пожара(1); рожденное из огня(1)
anUka	2	Tops|body	3	2	2	1.000	спинного хребта(1); спинной хребет(1)
anusaraRa	2	act|communication	2	2	2	1.000	осознание(1); поисках(1)
apakarza	2	attribute|Tops	0	2	2	1.000	более низкому(1); ущерб(1)
apraharza	2	Tops|feeling	0	2	2	1.000	на горе(1); огорчению(1)
araRI	2	Tops|artifact	0	2	2	1.000	арани(1); радостные(1)
avaSyAya	3	phenomenon|attribute|substance	2	2	1	0.000	изморози(2)
avalambana	3	act|Tops|cognition	3	2	2	1.000	касается(1); ремень(1)
bAhulya	2	attribute|state	2	2	2	1.000	громадою(1); много(1)
bIjaka	3	artifact|plant|Tops	4	2	2	1.000	Биджака(1); биджака(1)
banDUka	2	Tops|plant	0	2	2	1.000	Бандхука(1); бандхуке(1)
candraSeKara	2	person|artifact	0	2	2	1.000	Луной Венчанный(1); Луною Венчанного(1)
cikitsita	2	act|communication	2	2	2	1.000	врачевания(1); науку врачебную(1)
dvitIyA	2	communication|time	2	2	2	1.000	второй(1); на второй день лунного месяца(1)
girikarRikA	2	plant|location	2	2	2	1.000	гирикарника(1); гирикарники(1)
golaka	5	group|artifact|process|shape|person	3	2	2	1.000	голака(1); сына вдовы(1)
gurutA	2	attribute|state	3	2	2	1.000	возгордиться(1); обузой(1)
hrAdinI	3	object|event|person	4	2	2	1.000	Реку(1); громовые стрелы(1)
indragopa	2	substance|animal	3	2	1	0.000	кошениль(2)
jANgala	2	food|Tops	3	2	2	1.000	Джангалы(1); живописной(1)
kAca	3	substance|food|state	5	2	1	0.000	стекло(2)
kAlIyaka	2	substance|Tops	0	2	2	1.000	Калияка(1); калийяка(1)
kAlikA	3	substance|person|body	4	2	2	1.000	Калика(1); вереницам журавлей(1)
kalaSI	2	Tops|artifact	0	2	2	1.000	в Калаши(1); чашу(1)
kanakapraBA	2	person|plant	0	2	2	1.000	златоблещущий(1); сияющей золотом(1)
kanyakA	3	Tops|person|plant	2	2	2	1.000	Девушка(1); девочек(1)
karRikA	5	artifact|plant|state|Tops|shape	4	2	2	1.000	острия(1); цветов(1)
karakisalaya	2	animal|body	3	2	2	1.000	дрожащей веточкою-рукою(1); ладонями(1)
karkawa	2	animal|location	3	2	1	0.000	Рака(2)
kawaka	4	artifact|group|object|shape	7	2	2	1.000	браслетах(1); долинах(1)
kulmAza	2	food|plant	3	2	1	0.000	бобы(2)
kumArikA	2	Tops|person	2	2	2	1.000	(небесных) дев(1); Малышка(1)
kunta	2	artifact|process	2	2	2	1.000	копий(1); кунта(1)
kuwa	2	artifact|plant	3	2	1	0.000	горы(2)
lavaMga	2	plant|food	2	2	1	0.000	лаванги(2)
lokeSvara	2	artifact|person	0	2	2	1.000	владыке миров(1); повелитель вселенной(1)
mAraRa	3	process|artifact|event	2	2	2	1.000	насильственную смерть(1); умертвить(1)
mArtaRqa	2	person|object	2	2	1	0.000	Мартанда(2)
mAyUra	2	act|substance	2	2	2	1.000	павлина(1); павлинье(1)
mUrCana	3	process|state|event	0	2	2	1.000	напѣвъ(1); насилия(1)
maDurasA	2	Tops|plant	0	2	2	1.000	мадхураса(1); мадхурасы(1)
maheSvarI	2	person|substance	2	2	1	0.000	великая владычица(2)
marica	2	plant|food	3	2	2	1.000	перца(1); черного перца(1)
markawa	2	animal|substance	3	2	2	1.000	маркати(1); обезьяной(1)
mezI	2	animal|plant	2	2	2	1.000	овечьей шерсти(1); овце(1)
mfgANka	2	artifact|object	2	2	1	0.000	луна(2)
nAsikya	2	body|person	3	2	2	1.000	Обоняние(1); обоняние(1)
nepAla	2	substance|location	3	2	1	0.000	Непале(2)
nilayana	2	act|location	3	2	2	1.000	живут(1); основанным(1)
pUzaRa	2	person|object	2	2	2	1.000	Пушан(1); Пушан и другие(1)
paYcanaKa	2	Tops|animal	3	2	2	1.000	имеющий пять когтей(1); имеющих пять когтей(1)
paYcatA	2	process|event	2	2	2	1.000	Низкорожденная женщина(1); упятеренной(1)
paYcavarga	2	Tops|body	2	2	2	1.000	пяти разрядах [шпионов](1); пять чувств(1)
paricCeda	2	event|communication	3	2	2	1.000	обладает(1); ограничение(1)
piNgA	2	substance|plant	3	2	1	0.000	пинга(2)
praBaYjana	3	phenomenon|person|state	3	2	2	1.000	ветер(1); ураганный ветер(1)
praBeda	2	cognition|act	2	2	2	1.000	висковъ(1); развязывание(1)
praroha	3	plant|body|shape	3	2	2	1.000	взойти(1); прорастает(1)
prekzA	2	Tops|cognition	2	2	2	1.000	зрелища(1); представление(1)
puzpaketu	2	artifact|person	2	2	2	1.000	Бог любви(1); богу любви(1)
rAjikA	5	plant|quantity|artifact|food|attribute	2	2	2	1.000	Раджика(1); украсившие(1)
rakti	3	artifact|quantity|attribute	0	2	1	0.000	наслаждение(2)
roDana	2	process|act	3	2	2	1.000	препятствие(1); темницы(1)
rohaRa	2	substance|event	0	2	1	0.000	восхождение(2)
rucya	2	food|plant	4	2	2	1.000	которые нравятся(1); красивую(1)
sAda	4	attribute|Tops|act|event	2	2	2	1.000	во время езды(1); езды(1)
sTApana	3	Tops|act|artifact	4	2	2	1.000	держит про запас(1); установление(1)
saMSleza	3	Tops|state|event	2	2	2	1.000	коснулся(1); не цвета охры(1)
saMkzoBa	2	act|state	2	2	2	1.000	волнение(1); сталкиваться(1)
saMniveSa	2	attribute|location	4	2	2	1.000	сложным образованием(1); сочетание(1)
sampradAna	3	communication|act|possession	2	2	1	0.000	передаче(2)
sarja	2	plant|substance	2	2	1	0.000	сарджа(2)
sevaka	2	Tops|person	3	2	2	1.000	служащих(1); служителя(1)
siMhI	2	plant|body	2	2	1	0.000	львицей(2)
sitA	2	food|substance	2	2	2	1.000	сахар(1); связаны(1)
srAva	4	process|act|artifact|event	2	2	2	1.000	истечение(1); истечением(1)
suvarcalA	2	Tops|plant	0	2	2	1.000	Суварчала(1); сияние(1)
taraRa	2	act|artifact	0	2	2	1.000	о пересекающий (препятствия)(1); покрывала(1)
tftIyA	2	communication|time	2	2	2	1.000	на третий день(1); третий(1)
tittira	2	animal|person	3	2	2	1.000	куропатку(1); перепелы(1)
udBida	2	food|person	2	2	1	0.000	проросли из земли(2)
vAjinI	2	Tops|animal	2	2	2	1.000	быстрые(1); содержащая награду(1)
vAsanta	2	animal|plant	4	2	1	0.000	весенних(2)
vIpsA	2	act|Tops	2	2	1	0.000	удвоение(2)
vaSyA	2	cognition|substance	0	2	2	1.000	преданного(1); преданным(1)
vapra	3	object|substance|location	4	2	2	1.000	берега(1); источники(1)
vartaka	2	substance|animal	3	2	2	1.000	почитаемый как гуру(1); почитающий старших(1)
vasman	2	artifact|object	2	2	2	1.000	гнезда(1); одежду(1)
vatsaka	3	animal|plant|substance	2	2	2	1.000	таким образом(1); теленок(1)
viBakti	3	relation|communication|act	3	2	2	1.000	аффикс(1); окончания(1)
viDvaMsa	2	act|event	3	2	2	1.000	прекратить(1); разрушающим(1)
vimardana	2	act|process	3	2	2	1.000	вимардану(1); прижимает нижнюю губу(1)
vinoda	2	Tops|act	3	2	2	1.000	развлеченье составляетъ(1); удовлетворенность(1)
visPowa	3	body|event|state	3	2	2	1.000	грохот(1); раскатам(1)
vyoza	2	food|plant	2	2	2	1.000	обжигающая(1); обжигающей(1)
yAtrika	3	act|person|possession	3	2	2	1.000	для похода(1); достаточную для пропитания(1)
yAvaka	3	substance|food|plant	2	2	2	1.000	лак(1); ячменный отвар(1)
yUka	2	quantity|animal	2	2	2	1.000	вошь(1); вшей(1)
yantraka	2	artifact|person	3	2	1	0.000	механики(2)
yavAgU	2	act|food	3	2	2	1.000	ячменной кашицей(1); ячменную похлебку(1)
zWIvana	2	process|body	3	2	2	1.000	плеваться(1); слюну(1)
ASuSukzaRi	2	person|process	2	1	1	0.000	радостно пылающий(1)
ASvAsa	2	act|process	2	1	1	0.000	надежды(1)
Ahata	2	act|possession	0	1	1	0.000	поражен стрелою(1)
AlamBa	2	act|event	0	1	1	0.000	порубке(1)
AleKya	2	artifact|act	2	1	1	0.000	рисование(1)
AryA	2	communication|person	0	1	1	0.000	стихами(1)
AtaNka	2	state|feeling	3	1	1	0.000	страх(1)
AwarUzaka	2	plant|Tops	0	1	1	0.000	атаруша(1)
Awopa	2	cognition|state	3	1	1	0.000	надменность(1)
Ayuza	2	time|attribute	2	1	1	0.000	жизнь(1)
BUBft	2	person|object	3	1	1	0.000	царей(1)
BavitavyatA	2	event|state	2	1	1	0.000	судьбою(1)
Beka	2	animal|substance	2	1	1	0.000	Лягушки(1)
DUsara	2	plant|animal	2	1	1	0.000	побледневшая(1)
DattUra	3	plant|Tops|substance	2	1	1	0.000	дхаттури(1)
GowikA	2	animal|artifact	2	1	1	0.000	лошади(1)
PaRin	2	animal|substance	2	1	1	0.000	удав исполинский(1)
PalinI	2	Tops|plant	2	1	1	0.000	с плодами(1)
SAKin	2	plant|Tops	2	1	1	0.000	деревья(1)
SaNKanaka	2	substance|animal	0	1	1	0.000	Шанкханака(1)
SambUka	2	substance|animal	3	1	1	0.000	Шамбука(1)
Sani	2	object|person	2	1	1	0.000	Шани(1)
SeKara	2	artifact|location	3	1	1	0.000	украсил чело(1)
SiKAvant	2	person|process	0	1	1	0.000	Шикхаван(1)
SiSumAra	2	animal|object	3	1	1	0.000	крокодиле(1)
SuRWI	2	food|plant	2	1	1	0.000	сушеный имбирь(1)
SudDa	2	substance|person	6	1	1	0.000	вычищенный(1)
SyAmala	2	Tops|plant	3	1	1	0.000	темным(1)
aBinirvftti	2	event|state	0	1	1	0.000	достижении(1)
aNGri	2	quantity|body	2	1	1	0.000	стопам(1)
aNgaka	2	Tops|object	2	1	1	0.000	анги(1)
aharpati	2	object|person	2	1	1	0.000	владыка дня(1)
ambazWA	2	plant|Tops	0	1	1	0.000	амбаштхи(1)
antarDi	2	act|state	2	1	1	0.000	сокрытие(1)
apagama	2	event|act	3	1	1	0.000	не заграждаешь(1)
arkaja	2	object|person	2	1	1	0.000	Аркаджа(1)
avasAda	3	state|Tops|event	2	1	1	0.000	тоску(1)
avataMsaka	2	animal|artifact	0	1	1	0.000	гирляндой(1)
bileSaya	3	Tops|animal|substance	2	1	1	0.000	Билешайя(1)
cAraka	2	artifact|person	4	1	1	0.000	шпионов(1)
cakrikA	3	food|artifact|plant	0	1	1	0.000	Кривуля(1)
caturTI	2	communication|time	2	1	1	0.000	к четвертому дню(1)
citrANga	2	substance|plant	2	1	1	0.000	Читранга(1)
dAyAdya	2	act|possession	2	1	1	0.000	наследства(1)
dIpana	2	process|plant	6	1	1	0.000	активный(1)
dIptAMSu	2	object|person	2	1	1	0.000	Излучающий жар(1)
dUzya	2	body|artifact	2	1	1	0.000	отрава(1)
drAvaRa	3	process|artifact|state	2	1	1	0.000	обращающую в бегство(1)
druti	3	artifact|process|food	2	1	1	0.000	поток(1)
dvitaya	2	quantity|group	3	1	1	0.000	сочетание(1)
ganDika	2	person|substance	2	1	1	0.000	торговцы благовониями(1)
garala	2	substance|Tops	3	1	1	0.000	ядом(1)
girijA	2	person|plant	3	1	1	0.000	рожден на горе(1)
gulikA	3	artifact|shape|group	3	1	1	0.000	жемчугом(1)
guwikA	2	artifact|substance	2	1	1	0.000	шариками(1)
haripriya	3	Tops|animal|substance	3	1	1	0.000	любящий буланых коней(1)
harivAsa	2	Tops|person	2	1	1	0.000	в желтое одетый(1)
hastaka	2	artifact|quantity	2	1	1	0.000	проситель(1)
hikkA	2	state|cognition	2	1	1	0.000	икота(1)
hrAsa	4	process|act|Tops|substance	2	1	1	0.000	сокращение(1)
indirA	2	person|Tops	0	1	1	0.000	пчелами(1)
jAgaraRa	2	cognition|act	2	1	1	0.000	наяву(1)
jAgata	2	communication|person	3	1	1	0.000	сопровождается джагати(1)
jAta	4	cognition|event|group|person	5	1	1	0.000	установленный шрути(1)
jyezWA	2	person|animal	4	1	1	0.000	старшая(1)
kAmaDenu	2	artifact|person	2	1	1	0.000	Корову, исполняющую желания(1)
kArA	3	artifact|act|substance	2	1	1	0.000	приказал(1)
kaRikA	3	substance|artifact|quantity	2	1	1	0.000	семени(1)
kaRqana	2	act|substance	3	1	1	0.000	очисткой зерна(1)
kaYcukin	3	animal|plant|person	4	1	1	0.000	в латах(1)
kacCapI	2	artifact|state	3	1	1	0.000	подобную черепахе(1)
kamaWa	2	animal|artifact	4	1	1	0.000	черепаха(1)
karawa	2	animal|body	3	1	1	0.000	кожа на висках(1)
karbura	2	substance|person	2	1	1	0.000	пестрые(1)
karzU	2	substance|act	2	1	1	0.000	рву(1)
kirAtaka	2	plant|person	2	1	1	0.000	кираты(1)
koRa	3	location|relation|artifact	4	1	1	0.000	палочек(1)
kramaRa	2	Tops|act	2	1	1	0.000	шага(1)
kravya	2	food|Tops	3	1	1	0.000	кровожадных(1)
kzava	2	state|plant	3	1	1	0.000	чиханию(1)
kzitija	2	animal|plant	2	1	1	0.000	деревья(1)
kzmABft	2	person|object	2	1	1	0.000	горы(1)
leKaka	2	person|communication	3	1	1	0.000	запись(1)
lipi	3	communication|Tops|act	4	1	1	0.000	описании(1)
mAtulAnI	2	plant|person	0	1	1	0.000	жена дяди по матери(1)
mahAbIja	2	artifact|person	0	1	1	0.000	великих семян(1)
mahAnIla	3	substance|Tops|food	5	1	1	0.000	маханила(1)
majjana	2	event|act	2	1	1	0.000	купание(1)
mfti	2	process|event	2	1	1	0.000	умру(1)
mihira	2	object|substance	2	1	1	0.000	солнцам(1)
moca	2	plant|food	3	1	1	0.000	банановые(1)
moza	2	act|possession	3	1	1	0.000	краденого(1)
musalI	2	Tops|animal	2	1	1	0.000	палицей(1)
nAlikera	2	food|plant	2	1	1	0.000	кокосовых пальм(1)
nIlI	2	plant|state	3	1	1	0.000	индиго(1)
nepaTya	2	act|artifact	2	1	1	0.000	одежда(1)
niyAmaka	2	process|artifact	0	1	1	0.000	обуздал(1)
nizUdana	2	act|person	2	1	1	0.000	уничтожит(1)
nizevaRa	2	act|Tops	2	1	1	0.000	используя(1)
pAlikA	2	artifact|shape	0	1	1	0.000	кубками(1)
pUtiganDa	2	substance|plant	0	1	1	0.000	дурной запах(1)
paYcAnana	3	animal|artifact|person	3	1	1	0.000	пятиглавых(1)
paYcamuKa	2	animal|person	2	1	1	0.000	пятью ртами(1)
pacana	2	process|act	3	1	1	0.000	для приготовления(1)
palala	2	food|substance	5	1	1	0.000	мяса(1)
parikzepa	2	act|attribute	3	1	1	0.000	вращении(1)
parivarta	2	act|event	2	1	1	0.000	сменой(1)
parivfdDi	2	process|Tops	2	1	1	0.000	Содействовать(1)
payoniDi	2	object|person	0	1	1	0.000	океан(1)
pfTivIDara	2	person|object	0	1	1	0.000	гор(1)
piRqikA	4	group|artifact|body|cognition	3	1	1	0.000	пиндики(1)
prARadA	2	Tops|plant	2	1	1	0.000	дарителю жизни(1)
pradIpana	2	substance|process	2	1	1	0.000	возрастает(1)
pralepa	2	artifact|act	2	1	1	0.000	мазь(1)
priyA	3	person|animal|food	4	1	1	0.000	возлюбленными женами(1)
pudgala	2	Tops|person	3	1	1	0.000	эмпирическая личность(1)
puwapAka	2	process|artifact	2	1	1	0.000	прокаливания на огне(1)
rAjI	2	plant|Tops	3	1	1	0.000	чащоба(1)
raYjaka	3	substance|Tops|person	4	1	1	0.000	красильщика(1)
rasaja	2	artifact|substance	0	1	1	0.000	зародившихся в соках(1)
ropaRa	2	process|artifact	4	1	1	0.000	вызывая резь(1)
ropi	2	state|cognition	1	1	1	0.000	поднял(1)
sAmagrI	3	Tops|artifact|state	3	1	1	0.000	усилия(1)
sPowa	4	state|body|attribute|act	3	1	1	0.000	беда(1)
saMcAra	2	event|Tops	2	1	1	0.000	посещающий(1)
saMsfti	2	event|object	2	1	1	0.000	Творения(1)
saMsrAva	2	act|process	2	1	1	0.000	стечениями(1)
sahasrakiraRa	2	person|object	0	1	1	0.000	тысячами лучей(1)
samAvarta	3	act|process|event	0	1	1	0.000	мирское коловращенье(1)
samBeda	2	act|state	3	1	1	0.000	слиянии(1)
sammati	2	Tops|communication	3	1	1	0.000	согласие(1)
samplava	3	act|event|phenomenon	3	1	1	0.000	в дождливую пору(1)
samudga	2	artifact|communication	3	1	1	0.000	кувшин(1)
samudraja	2	substance|animal	2	1	1	0.000	рожденная в океане(1)
saptasapti	2	object|person	2	1	1	0.000	семиконный(1)
srava	3	act|event|substance	3	1	1	0.000	сочатся(1)
stabDatA	2	attribute|state	2	1	1	0.000	напрягает(1)
stamBana	3	state|act|process	4	1	1	0.000	ошеломить(1)
stanya	3	body|food|substance	2	1	1	0.000	к груди(1)
subIja	2	person|plant	0	1	1	0.000	хорошее семя(1)
surasa	2	plant|substance	2	1	1	0.000	Сураса(1)
svApa	2	state|cognition	3	1	1	0.000	очень дружелюбный(1)
tArakArAja	2	object|person	1	1	1	0.000	Царь звезд(1)
tIkzRAMSu	2	object|phenomenon	2	1	1	0.000	солнце(1)
tantuvAya	2	person|animal	3	1	1	0.000	ткачу(1)
tanuja	2	body|person	2	1	1	0.000	телом(1)
trAsana	2	act|food	0	1	1	0.000	Устрашающего(1)
uccaya	2	quantity|communication	2	1	1	0.000	гора(1)
udvAha	2	act|event	2	1	1	0.000	свадебный обряд(1)
upaDAtu	2	Tops|body	2	1	1	0.000	сохранить(1)
upadaMSa	2	state|food	3	1	1	0.000	закуска(1)
upalakzaRa	3	act|attribute|process	3	1	1	0.000	подразумеваются(1)
utTApana	3	process|act|event	2	1	1	0.000	разбужу(1)
utpAwana	2	act|process	2	1	1	0.000	выкорчевывать(1)
uzA	2	state|time	3	1	1	0.000	Ушас(1)
vApa	3	process|act|location	3	1	1	0.000	сеет(1)
vArdDaka	3	person|state|time	3	1	1	0.000	старостью(1)
vArida	2	object|plant	2	1	1	0.000	Дающий воду(1)
vArttika	2	person|communication	2	1	1	0.000	комментарий(1)
vamana	3	artifact|act|plant	4	1	1	0.000	удаление(1)
varAwaka	2	animal|substance	0	1	1	0.000	монеты(1)
varRikA	3	state|plant|substance	2	1	1	0.000	косметикой(1)
vayaHsTA	2	plant|Tops	0	1	1	0.000	юную(1)
viSalyA	2	Tops|plant	3	1	1	0.000	снадобьем вишалья(1)
vidyADarI	2	person|object	2	1	1	0.000	Видьядхари(1)
vijayA	2	plant|Tops	2	1	1	0.000	Виджая(1)
vimArga	2	act|artifact	3	1	1	0.000	Ищи(1)
vimati	2	attribute|communication	3	1	1	0.000	совершив какой-нибудь(1)
yantraRa	3	act|artifact|state	3	1	1	0.000	колебания(1)
